Chain,Chain ID,Number of facilities,Number of states and territories with operations,Number of Special Focus Facilities (SFF),Number of SFF candidates,Number of facilities with an abuse icon,Percentage of facilities with an abuse icon,Percent of facilities classified as for-profit,Percent of facilities classified as non-profit,Percent of facilities classified as government-owned,Average overall 5-star rating,Average health inspection rating,Average staffing rating,Average quality rating,Average total nurse hours per resident day,Average total weekend nurse hours per resident day,Average total Registered Nurse hours per resident day,Average total nursing staff turnover percentage,Average Registered Nurse turnover percentage,Average number of administrators who have left the nursing home,Total number of fines,Average number of fines,Total amount of fines in dollars,Average amount of fines in dollars,Total number of payment denials,Average number of payment denials,Average percentage of short-stay residents who were re-hospitalized after a nursing home admission,Average percentage of short-stay residents who have had an outpatient emergency department visit,Average percentage of short-stay residents who newly received an antipsychotic medication,Average percentage of short-stay residents with pressure ulcers or pressure injuries that are new or worsened,Average percentage of short-stay residents who are at or above an expected ability to care for themselves and move around at discharge,Average percentage of short-stay residents who were assessed and appropriately given the seasonal influenza vaccine,Average percentage of short-stay residents who were assessed and appropriately given the  pneumococcal vaccine,"Average number of hospitalizations per 1,000 long-stay resident days","Average number of outpatient emergency department visits per 1,000 long-stay resident days",Average percentage of long-stay residents who received an antipsychotic medication,Average percentage of long-stay residents experiencing one or more falls with major injury,Average percentage of long-stay residents with pressure ulcers,Average percentage of long-stay residents with a urinary tract infection,Average percentage of long-stay residents who have or had a catheter inserted and left in their bladder,Average percentage of long-stay residents whose ability to move independently worsened,Average percentage of long-stay residents whose need for help with activities of daily living has increased,Average percentage of long-stay residents who were assessed and appropriately given the seasonal influenza vaccine,Average percentage of long-stay residents who were assessed and appropriately given the  pneumococcal vaccine,Average percentage of long-stay residents who were physically restrained,Average percentage of long-stay residents with new or worsened bowel or bladder incontinence,Average percentage of long-stay residents who lose too much weight,Average percentage of long-stay residents who have symptoms of depression,Average percentage of long-stay residents who used antianxiety or hypnotic medication,Average rate of potentially preventable hospital readmissions 30 days after discharge from a SNF
National,,14704,53,88,440,1435,9.8,73.9,19.5,6.5,3,2.8,2.9,3.6,3.9,3.4,0.7,45.8,42.9,0.5,13685,0.9,464000000,31582.5,2479,0.2,23.7,12,1.5,2.4,55.5,79.8,82,1.9,1.8,15.4,3.2,4.6,1.6,0.8,14.2,13.9,95.5,93.5,0.1,19,5.2,12.8,19.5,10.8
COMMUNITY CARE CENTERS,154,8,1,0,0,1,12.5,100,0,0,2.5,3.1,1.6,2,2.9,2.6,0.4,58.3,48.1,1.1,4,0.5,238982,29872.8,3,0.4,25,9.4,3.9,3.6,46.5,70.3,81,2.7,2.8,22.1,6,5.8,3.2,1.8,24.4,19.8,95.7,93.2,0.3,22.7,5.3,4.1,24.9,11.2
CONCORDIA LUTHERAN MINISTRIES,573,9,3,0,0,0,0,0,100,0,3.6,3.3,2.9,4.4,3.8,3.4,0.8,39.6,31,0,6,0.7,56610,6290,0,0,26.9,8.7,1.2,0.9,66.6,83.7,97.5,1.7,1.3,13.9,2.2,3.3,0.7,1.2,23,15.7,96.1,95.7,0,28.4,8.1,13.2,16.8,11.2
HERITAGE HALL,265,16,1,0,0,0,0,100,0,0,3.9,3.7,2.3,3.8,3.3,2.8,0.4,38.6,40.1,0.3,7,0.4,213532,13345.8,0,0,20.1,10.9,1.1,1.5,70.1,75.9,79.8,1.3,1.7,14,4.4,3.7,1.3,0.3,17.1,17.3,97.5,96.7,0,18.7,4.4,6.6,22.4,11
ELMBROOK MANAGEMENT COMPANY,198,11,1,0,0,1,9.1,100,0,0,3.4,3.7,3,2.4,3.6,3.2,0.5,57.3,46.7,0.5,5,0.5,83240,7567.3,0,0,27,14.9,3.4,1.3,47.4,76.7,68.7,2.7,3.5,14.1,5.8,2.5,3,1,14.4,16.4,99.2,96.4,0.1,12,2.5,3.2,29.7,12.3
ROLLINS-NELSON HEALTHCARE MANAGEMENT,456,10,1,0,1,4,40,100,0,0,2.3,2.2,3.1,3.8,4.7,4.3,0.4,33.6,23.1,0.5,19,1.9,493191,49319.1,4,0.4,15.7,5.2,5.9,0,62.2,96.1,86.5,3.9,0.8,44.1,0.8,3.1,1.1,2.5,11.2,17.5,99.8,98.7,0,4.9,1.2,1.5,18.4,10
IMPERIAL HEALTHCARE GROUP,282,13,1,0,0,1,7.7,100,0,0,2.5,2.8,1.5,3.5,3.2,2.9,0.4,55.3,46.7,0.6,11,0.8,289210,22246.9,1,0.1,26.1,10.1,1.1,2.4,62.2,55.4,71.4,2.2,1.4,17.7,3.1,4.7,1.1,0.5,9.1,9.8,89.5,81.5,0,26,6.8,14.9,19.2,10.3
SOVEREIGN HEALTHCARE HOLDINGS,482,43,3,0,0,3,7,100,0,0,3.8,3.3,3.1,4.5,3.6,3.3,0.6,43.9,51.1,0.5,23,0.5,1032915,24021.3,2,0,23.8,9.3,0.9,2,70.2,97,95.7,2.1,1.3,10.8,3.2,3.8,0.5,0.1,6.6,5.7,99.9,99,0,8.3,4.3,12,8.9,11.3
CARDON & ASSOCIATES,105,20,1,0,0,0,0,40,5,55,3.8,3.3,2.6,4.7,3.5,3,0.6,52.9,47,0.3,5,0.3,88381,4419.1,0,0,20.6,10.7,0.9,1.4,64.2,87.1,89.3,1.3,1.4,13.2,4.6,4,1.2,0.1,9.4,10,97.7,96.2,0,22.8,6.6,8.9,24.9,11.9
MADISON CREEK PARTNERS,328,13,2,0,0,2,15.4,100,0,0,3.2,2.9,3.3,4.1,3.5,3.3,0.6,46.8,45.3,0.6,10,0.8,142669,10974.5,2,0.2,23.6,12.1,1.1,0.6,44.1,87.1,77.8,1.6,1.8,24.5,2.4,3.3,0.4,0.2,10.8,9.6,96.8,91.6,0,13.2,4.7,4.2,13.1,10.6
VOLUNTEERS OF AMERICA SENIOR LIVING,554,6,3,1,1,1,16.7,0,100,0,3.2,2.8,4.2,3.4,4.5,4,1.3,48.6,45.9,1,6,1,108537,18089.5,3,0.5,24.5,11.7,1.3,2.2,64,88.1,92.8,1.6,1.7,16,4.9,4.8,2.6,1.8,20.6,21.5,97,98.1,0,22.5,5,2.7,15.3,10.1
KISSITO HEALTHCARE,302,6,1,0,0,0,0,66.7,33.3,0,4.3,4,3.2,3.8,4,3.5,0.9,43.1,28,0.3,3,0.5,31380,5230,0,0,21.6,10.1,1.1,4.8,65.8,91.8,92.1,1.8,2,12.4,5.3,7.6,1.5,0.2,14.8,14,99.4,99.1,0,22.5,5.6,4.4,34.5,10.6
CIENA HEALTHCARE/LAUREL HEALTH CARE,144,82,4,0,2,9,11,100,0,0,2.8,2.5,3.2,4,3.6,3.2,0.6,42.1,41.7,0.3,69,0.8,2859157,34867.8,21,0.3,23.5,11.2,1.1,2.7,53,79.9,82.1,1.9,1.5,12.6,2.8,5.1,1,0.5,11.4,9.6,93.2,94.3,0.1,23.4,6.4,6.3,20.7,10.8
CIRCLE B ENTERPRISES,145,36,2,0,0,4,11.1,100,0,0,2.5,3.1,2,1.9,3.6,3.1,0.4,59.2,48.7,0.7,15,0.4,518766,14410.2,4,0.1,23.8,16.2,2.9,2.9,43.8,54.9,67.1,2.1,2.4,27.4,4.3,6.1,2,1.4,26,25.3,92.3,84.9,0.1,21.4,6.2,18.8,30.1,11.2
THE PAVILION GROUP,514,6,3,0,0,0,0,100,0,0,2.8,2.8,1.8,4,3.4,3.1,0.6,58.5,66.3,1.2,0,0,0,0,0,0,22.6,14.7,1.5,2.9,56.7,61.3,59.5,2.3,2.3,14.3,2.2,3.5,0.1,0,6.3,4.6,91.4,76.9,0.1,16.6,5.8,21.4,24.2,12
ANTHONY & BRYAN ADAMS,36,38,2,0,0,0,0,100,0,0,3.9,3.6,3,4.3,3.8,3.2,0.4,53.3,50.9,0.3,12,0.3,200231,5269.2,1,0,25,13.1,0.5,3,68,77.4,83.8,1.9,1.6,4.6,3.9,3.3,0.7,0.2,8.6,8.5,97.1,96,0,11.5,2.6,0.5,15.5,10.9
PACIFIC RETIREMENT SERVICES,391,10,5,0,0,0,0,0,100,0,4.6,4.3,4.7,4.1,5.7,5.1,1.4,40.3,37.9,0.4,1,0.1,10033,1003.3,1,0.1,21,8.9,0.9,3.3,55.7,88.6,95.9,1.4,1.2,7.8,3.3,3.5,2,1.4,20.6,15.3,99.6,99.7,0,21.9,3.9,4,9,9.7
HAVEN HEALTH,249,20,1,0,1,9,45,100,0,0,2.6,1.9,2.3,4.7,3.3,2.9,0.6,45,38.6,0.1,8,0.4,117986,5899.3,0,0,24.7,11.1,0.6,0.8,69.3,83.4,86.6,1.2,1.5,4.5,2.5,3.5,0.7,0.2,8.8,6.9,93.8,94.3,0.6,20.9,7.4,2.8,18.6,10.5
GOLD FL TRUST II,594,36,1,0,1,0,0,100,0,0,3.4,2.8,2.7,4.7,3.7,3.4,0.6,46.3,55,0.4,20,0.6,1244779,34577.2,0,0,24.7,9.4,1.1,1.4,58.8,95.2,93.8,1.8,1,4.9,2.4,4.1,0,0.1,4.7,3.7,99.6,97.3,0,3.3,5,13.2,6.7,11.2
PIONEER HEALTHCARE MANAGEMENT,403,9,1,1,0,1,11.1,100,0,0,2.4,2.3,3,2.9,3.3,3.1,0.5,53.5,53.6,0.3,4,0.4,132822,14758,7,0.8,24.6,9.9,1.2,0.8,60.8,60.7,57.7,2.2,2.1,26.8,2.3,6.5,0.9,1.3,10.6,12.3,83.7,77.1,0,9.9,5.6,3.2,19.5,10.8
ICARE HEALTH NETWORK,277,12,3,0,1,5,41.7,100,0,0,2.9,2.8,3,3.7,3.3,2.9,0.4,34.5,37.6,0.3,7,0.6,398288,33190.7,0,0,27.8,12.5,0.2,0.8,52.8,80.8,95.3,2,1.5,21.1,3.1,3,0.3,0.4,11.9,13,99.2,99.2,0,15.6,3.8,14.7,25.3,11
PRUITTHEALTH,434,99,4,0,0,3,3,97,1,2,2.9,2.8,2.5,3.6,3.5,2.9,0.6,41.9,40.8,0.5,81,0.8,1377202,13911.1,12,0.1,24.4,11.1,1.7,3,51.2,91.5,91.6,1.9,1.5,16.1,2.6,5.7,2,0.6,10.6,9.8,95.7,95.9,0,12,4.5,3.2,18.1,12.4
CELEBRATE SENIOR LIVING,647,3,2,0,0,0,0,66.7,33.3,0,3.7,4,2.3,3,3.7,3.3,0.6,39.3,39.9,0,3,1,51438,17146,0,0,16.6,12,0.6,2.4,50,80.5,89.1,2.4,1.7,16.6,3.1,4.2,1.6,0.1,21,14.7,97.8,96.4,0,27,5.1,74.6,15.2,10.7
CROSSROADS MEDICAL MANAGEMENT,172,6,1,0,0,0,0,100,0,0,3.2,3.5,3.5,2.2,3.8,3.4,0.6,48.6,33.1,0.2,5,0.8,99649,16608.2,1,0.2,28.4,12.6,1.7,2.7,46.5,94.7,98.3,2.2,2,14,4.9,4.2,3.9,0.5,17.3,17.2,99.2,100,0,17,8,4,21.7,11.9
MONUMENT HEALTH GROUP,770,11,1,0,1,2,18.2,90.9,0,9.1,2.8,2.3,2.8,4.7,3.9,3.3,1.3,47.6,45.2,0.9,14,1.3,312311,28391.9,1,0.1,18.6,12.5,0.9,2.2,55.5,89.2,96,1.1,1.4,9.4,2.4,3.3,1.2,0.4,13.3,9.3,98.1,99,0,18.6,2.7,12.5,23.1,9.7
CITADEL HEALTHCARE,147,14,2,0,0,0,0,100,0,0,3.2,3.5,1.8,3.4,3.3,3,0.6,36,34.6,0.2,11,0.8,220021,15715.8,0,0,27.1,12.2,1.9,1.3,45.2,73.6,78.8,2.5,1.6,29.6,2.3,4.4,0.2,0.2,6.8,6.1,93.3,93.5,0,17.7,6.2,85.5,18.5,10.5
GARDEN SPRINGS HEALTHCARE,805,7,1,0,1,0,0,100,0,0,2,2,1.9,3.9,4,3.5,0.7,52.1,32.4,0.8,7,1,155094,22156.3,1,0.1,23.4,12.6,1.4,2.9,43.2,65.1,77.6,1.9,2.2,8.2,3.3,1.8,0,0.1,3,3.1,93.9,96,0,23,4.6,60.5,26.2,10.4
AVIATA HEALTH GROUP,745,52,1,0,4,10,19.2,98.1,1.9,0,2.3,2,2.7,4.1,3.4,3.2,0.5,48,54.8,0.9,123,2.4,2071131,39829.4,2,0,27.2,9.5,1.8,2.5,53.8,94.9,93.7,2.2,1.2,7.3,2.3,4.5,0.1,0.3,7.7,6.9,98.7,97.9,0,8.1,6.1,5.7,14.6,10.7
SOUTHWEST LTC,481,13,2,0,0,0,0,84.6,0,15.4,2.8,3.5,1.2,2.5,3.2,2.9,0.3,65.5,60.4,0.5,13,1,530976,40844.3,1,0.1,27.9,21.2,2.1,2.6,52.7,81.6,78.1,2.3,2.7,12.1,3.4,4.9,1.1,1.1,22.7,20.9,94.5,90.4,0,20.5,3.4,2.9,21.3,11.1
PARAMOUNT HEALTHCARE CONSULTANTS,396,14,2,0,0,0,0,100,0,0,2.4,2.9,2.3,2,3.5,3,0.3,47.3,66.7,0.8,7,0.5,314576,22469.7,4,0.3,30.5,19.6,3.4,2.2,53.2,43.8,67.2,2.7,3.8,29.3,4.1,6.2,0.9,1.2,20.3,17,94.1,84.8,0.1,12.9,5.2,1.4,19.2,12.9
PETERSEN HEALTH CARE,399,12,2,0,1,2,16.7,100,0,0,1.8,2.3,1.3,2.3,3.2,2.8,0.5,46.9,63.7,1.9,26,2.2,1436442,119703.5,15,1.3,21.4,13.2,2.2,2.9,33.2,44.8,75.3,1.6,3,23.3,2.9,4.6,1.4,0.3,25.6,27.1,77.3,89.8,0.1,24.2,4.4,40.8,28.8,10.9
VOLARE HEALTH,628,16,3,2,3,2,12.5,100,0,0,1.7,1.6,2.4,3.2,4.1,3.6,0.5,52.8,64.6,1.3,25,1.6,1414045,88377.8,7,0.4,26.3,17.8,1.6,2.2,58.7,71.4,80.2,2,2.5,14.7,2.4,5,1.5,0.5,21.3,12.6,95.4,91.2,0,18.3,3.4,3.4,12.6,10.6
ADVINIACARE,16,10,3,0,0,3,30,100,0,0,2.2,2.4,2,2.9,3.5,3.2,0.6,38.7,45,0.7,20,2,1142690,114269,0,0,28.8,15.3,1.7,3.2,45.3,80.4,69.6,1.9,1.6,18.2,5.3,4.8,2.9,1.5,20.9,19.7,95.2,91.7,0,24.4,5.2,25.7,19.5,10.5
REGENCY CARE,440,4,4,0,0,0,0,100,0,0,1.8,2,1.5,3.5,3.7,3.2,0.3,46,67.5,0,3,0.8,29672,7418,0,0,23.8,10.2,0.7,1.2,45.2,79.7,76.2,1.4,0.9,13.2,2.4,6.3,1.1,0.5,19.3,23.2,93.7,90.8,0,25.2,6.1,3.4,19.7,11.4
"MO OP HOLDCO, LLC",790,9,1,0,0,1,11.1,100,0,0,2.6,2.6,2.4,3.3,3.3,2.9,0.5,60.7,54.8,0.8,6,0.7,148429,16492.1,0,0,26.4,15.2,1,1.4,52.3,38.4,55.4,2.4,2.9,22.6,3.4,3.3,0.9,1.2,8.5,9.4,83.1,83.1,0.1,15.6,1.9,15.6,27.4,11
DIVINE HEALTHCARE MANAGEMENT,186,9,1,1,0,1,11.1,100,0,0,2.3,1.6,1.9,4.4,3.4,3.1,0.5,52.1,62,0.4,8,0.9,304491,33832.3,4,0.4,24.2,19.8,1.7,3.2,39.1,61.2,67.4,1.5,2,10.4,2.8,3.5,0.3,0.1,7.2,7.1,91.8,92.9,0,21.4,7.1,54.5,29.6,10.7
CHARLESTON HEALTHCARE GROUP,137,5,2,0,1,2,40,80,0,20,2.2,2.4,1.6,2.8,3.2,2.8,0.3,46.4,62.5,0.4,14,2.8,464153,92830.6,3,0.6,31.5,18.4,2.8,1.3,57.3,99.7,99.3,2.4,3.3,10.1,4.9,4.3,0.6,1.5,17.9,21.2,99.6,100,0,20.5,6,2.4,28.6,10.5
CRYSTAL SOLORZANO,752,10,1,0,0,3,30,100,0,0,2.4,2.5,3,3.2,4.3,3.9,0.4,36.8,50.3,0.7,9,0.9,231255,23125.5,3,0.3,24.7,13.6,4.3,0.8,53.5,87.6,96.3,2.5,2,18.4,1.4,4.5,0.8,0.5,13,11.1,99,99.2,0.3,8.1,5.2,5.9,17.5,11.9
SANDSTONE HEALTHCARE GROUP,463,3,2,0,0,2,66.7,100,0,0,2,1.7,3.3,4,4.2,3.8,0.7,48.5,48,1,2,0.7,55090,18363.3,0,0,25.3,11.3,2,0,63.4,73.1,90.2,1.6,0.8,24.3,1,6.8,0.1,3.2,18.4,15,76.5,91,0,14,5.8,4,24.1,10.3
THE ORCHARDS MICHIGAN,513,14,1,0,1,2,14.3,100,0,0,1.9,2.1,1.6,3.4,3.5,3.1,0.4,48.7,59.2,0.5,10,0.7,210903,15064.5,5,0.4,23.7,10,1.4,2.5,48.5,62.8,67.2,1.7,1.1,20.2,2.1,4.7,1.1,0.3,15.7,13.1,92.2,92.1,0,22.6,6.1,2.4,18.9,11
AVENTURA HEALTH GROUP,60,11,3,1,0,0,0,100,0,0,1.5,1.5,2,3.9,3.3,3,0.4,56,48.4,0.9,9,0.8,743569,67597.2,4,0.4,23.9,15.5,2.4,1.8,49.8,66.4,57.4,2,1.6,19.8,2.6,4.7,0.3,0.4,5.5,5.8,95.3,85.3,0.1,23.1,6.3,9.2,20,10.7
SANSTONE HEALTH & REHABILITATION,465,18,1,0,0,1,5.6,100,0,0,4.3,3.9,2.9,4.3,3.8,3.3,0.5,37.7,41.9,0.3,11,0.6,234064,13003.6,1,0.1,23.6,15.6,0.4,1.5,67,95.2,95.2,1.9,1.8,6.9,3.5,4.7,1.4,0.2,14.2,10.3,96.7,97.4,0,14.5,4.1,22,23.9,10.8
LONGWOOD MANAGEMENT CORPORATION,323,38,1,0,3,2,5.3,100,0,0,2.1,2,3.3,3.4,4.3,4,0.5,39.6,37.6,0.3,40,1.1,1156937,30445.7,17,0.4,23.8,7.5,4.1,0.6,52.6,78.6,83,3.1,1.3,13.6,1.6,5.8,2.2,0.5,9.5,14.9,96.3,98.3,0.3,7.7,6.1,0.4,10.7,10.6
FRANCISCAN SISTERS OF CHRISTIAN CHARITY,868,3,2,0,0,0,0,0,100,0,5,5,4.3,3.3,4.4,4,1,42,39,0,0,0,0,0,0,0,18.7,12.8,1.5,2.3,65.6,95.1,95.1,2,1.2,11.6,5,4.8,2.3,0.9,19.2,15,99.6,99.3,0,21.8,2.5,3.6,25.5,10.9
TLC MANAGEMENT,520,20,3,0,0,0,0,60,30,10,3.8,3.3,3.5,4.7,3.7,3.2,0.6,42.3,32.3,0.4,1,0.1,8824,441.2,0,0,25.7,9.4,0.8,3.1,71.6,81,84.9,1.7,1.1,9.4,3.8,4.5,0.7,0.7,8.4,8.2,98.1,95.9,0,24.2,6,11.5,19.7,10.6
HAWAII HEALTH SYSTEMS CORPORATION,250,7,1,0,1,0,0,0,0,100,4.2,3.3,4.8,4.7,4.8,4.1,1.6,28.7,27.4,0,3,0.4,55915,7987.9,0,0,20.4,4.3,0,0,70,92.2,77.1,1,0.7,16.7,1.5,2,1,0.3,17.2,15.8,97.6,96.7,0,14.3,4.7,2.2,9,10.2
FANNIN COUNTY HOSPITAL DISTRICT,842,5,1,0,0,1,20,100,0,0,3,3.6,2.2,2.2,3.1,2.7,0.3,41.4,30,0,10,2,76878,15375.6,0,0,31.1,15.7,3.4,1.4,35.3,95.4,96.2,2.3,2.2,11.2,4.7,3.5,1.9,0.1,19.6,18.4,97.9,98.6,0,12.5,4.7,2.7,20.9,10.2
INTEGRITUS HEALTHCARE,603,15,1,0,0,0,0,6.7,93.3,0,2.9,3.1,3.4,2.8,3.9,3.4,0.6,42.3,37.3,0.3,12,0.8,300502,20033.5,0,0,25.8,12.1,1.4,1.5,45.2,86.3,89.8,1.7,1.5,17.5,3.6,3.8,2.4,0.9,22,20.9,93.7,96.2,0,27.2,5.1,27.4,18.6,11.2
"UNLIMITED DEVELOPMENT, INC.",536,10,2,0,0,6,60,10,90,0,2.4,2.5,2.5,2.4,4.2,3.7,0.5,46.5,47.8,0.5,16,1.6,698433,69843.3,5,0.5,25.5,19,1.1,4,52,78.3,87.8,1.6,2.6,17.2,5.1,3.9,2.8,0.6,26.6,24.1,90.4,97.4,0,22.8,6.3,4.2,19.3,12
SYMPHONY CARE NETWORK,501,7,2,0,0,1,14.3,100,0,0,1.7,1.9,2.4,4,3.6,3.2,0.8,55.1,43.8,0.7,14,2,785377,112196.7,6,0.9,24.4,12.8,1.3,1,58.2,82.6,87.4,1.5,1.5,18.7,5.3,4.8,1.2,0.2,11,7.6,95.4,96.6,0,23,6,5.7,21.1,10.5
EMERALD HEALTHCARE,630,14,3,0,2,0,0,100,0,0,1.4,1.6,1.8,2,3.4,3.1,0.4,59.7,54.7,0.2,35,2.5,469929,33566.4,12,0.9,24.9,14.3,2.7,4.6,44,58.3,56.3,2.4,2.3,23.3,3.7,6.1,2.1,0.8,17.1,15.4,85.2,81.7,0.1,25.3,5.4,1.5,23.3,10.7
SUNRISE SENIOR LIVING,498,5,4,0,0,2,40,100,0,0,3.8,2.8,4,4.8,5.9,5.3,1.2,31.5,38.1,2.2,3,0.6,61065,12213,1,0.2,23.6,9,1.5,1.7,60.1,85,87,1.9,0.5,15.7,1,12,3.7,1.2,13.1,10,94.8,97.1,0,25.4,2.9,0,18.6,11.5
"WINDSOR HOUSE, INC.",567,11,1,0,0,0,0,100,0,0,3.5,3.2,3.5,4.2,3.5,3,0.6,37.7,28.3,0.2,4,0.4,219326,19938.7,1,0.1,28.3,20.2,1.8,1.3,39,62.7,68.2,1.7,1.9,8.8,4.1,3.8,0.4,0.1,4.2,3.3,92,94.1,2.2,20.5,7.6,6.3,20.3,10.5
CENTURY HEALTHCARE,638,9,1,0,0,2,22.2,100,0,0,1.7,1.8,1.7,3.8,3.3,3,0.5,48.6,54.9,0.6,12,1.3,662920,73657.8,3,0.3,23.8,12.3,1.5,1.6,58.2,52.7,64.2,1.5,1.4,21.5,2.1,3.5,0.7,0.6,8.7,7.9,88.9,88.2,0,23.7,5.5,26.9,24,10.9
SANTE,466,5,2,0,0,0,0,80,20,0,4.4,3.8,4.2,4.4,5,4.2,1.1,44.1,53.8,0.3,2,0.4,55088,11017.6,0,0,23.9,12.2,0.7,1.8,59.4,90.5,97.2,,,,,,,,,,,100,0,,0,,37,10.3
ST. FRANCIS HEALTH SERVICES,487,14,1,0,0,1,7.1,0,100,0,2.9,2.4,4.6,2.9,3.9,3.4,0.9,39.6,32.9,0.4,15,1.1,592213,42300.9,4,0.3,18.2,17,1.2,1,65.4,79.1,87.5,1.6,2.5,15.5,4.9,3.8,3.4,3.3,21.5,19.8,98,98.2,0.2,25.3,3.6,2.9,15.2,10.4
MERCYHEALTH SYSTEM,346,3,2,0,0,0,0,0,100,0,4.7,4.7,3.3,4.5,7.6,6.6,3,35.5,50,0,1,0.3,53847,17949,0,0,21.9,7.5,1.5,3.7,56.2,99,100,1.2,1.9,6,3.1,9.9,3.1,0,12.9,17.9,,100,0,23.4,8.5,0,5,9.9
LIBERTY SENIOR LIVING,310,37,2,0,0,1,2.7,100,0,0,2.8,3.1,2.2,3,3.6,3.3,0.5,54.5,48.5,0.5,38,1,941491,25445.7,5,0.1,24.1,14.4,1.3,3.2,50,83.3,89.4,2,2.2,14,3.6,5.8,2.9,1.2,17.2,13.6,95,95.4,0,24.4,6.1,4,18.4,10.5
NATIONAL HEALTHCARE CORPORATION,364,69,8,0,0,3,4.3,97.1,2.9,0,3.9,3.4,3.5,4.4,3.8,3.3,0.7,46.4,31.1,0.2,23,0.3,990754,14358.8,4,0.1,20.2,9.7,1.2,0.9,67.2,86.6,86.3,1.5,1.2,12,4.3,3.8,1.5,0.6,14.4,14.1,94.9,94.4,0,18.7,5,2.7,23.7,11.2
ELEVATION HEALTHCARE,686,5,2,0,0,0,0,100,0,0,1.6,2.2,1.2,3,3.3,2.8,0.4,57.7,50.8,,29,5.8,220184,44036.8,0,0,27,12.2,3,1.7,44.8,58.6,76.4,2.4,2.5,13.4,2.6,4.5,1.2,0.2,14.2,15.6,87.9,91.9,0,13.2,4.3,16.8,20.6,10.5
CROWNE HEALTH CARE,174,18,1,0,0,1,5.6,94.4,5.6,0,4.2,3.8,4.6,2.8,4.4,3.5,0.7,37.2,26.2,0,1,0.1,42884,2382.4,1,0.1,22.8,10.8,2.5,2.9,50.4,79.2,82.5,1.9,2,23.9,2.9,5.7,4.4,1.9,14,13.4,91.5,95.6,0.2,10,6.5,0.5,22.6,10.6
CHELSEA JEWISH LIFECARE,138,5,1,0,0,0,0,0,100,0,4.8,4.2,4,5,4.7,4.4,0.7,29.1,31.2,0.4,2,0.4,21662,4332.4,0,0,26.1,6.9,0.2,1.6,53.6,93.8,98.1,1.9,0.6,15.7,2.4,4.4,0.5,0.3,11.7,10.6,99.5,98.5,0,11.2,3.7,27,16.7,10.3
CATHOLIC CHARITIES NEW HAMPSHIRE,122,6,1,0,0,0,0,0,100,0,3.5,3.5,4.2,3,4,3.6,0.7,47,49.7,0.3,0,0,0,0,0,0,19,18.5,0.2,2.4,54.2,89.7,92.9,2,2.2,5.3,5.2,4.1,4.3,1.3,15.4,21.9,98.2,98.5,0,28.8,5.5,0.3,19,10.3
OTTERBEIN SENIORLIFE,389,19,2,0,0,0,0,5.3,89.5,5.3,3,2.9,2.9,4.1,4.1,3.7,0.8,49.5,44.6,0.3,7,0.4,136319,7174.7,0,0,26.8,12.8,0.9,1.7,53.4,86.9,93.7,1.8,1.7,9.8,3.4,3.4,0.5,0.3,5.7,5,96.8,97.2,0,25.1,6,14.5,28.5,11
WINDSOR,566,23,1,0,1,7,30.4,100,0,0,2.4,2,3,4.1,3.9,3.7,0.5,36.8,44.9,0.5,17,0.7,484622,21070.5,3,0.1,22.5,13.3,1,1,55.1,80.6,85.1,2.1,1.8,11.1,1.5,3.5,0.6,0.3,8.2,6.2,92.9,97.3,0,10.5,5.6,5.7,10.6,11.1
SKYBLUE HEALTHCARE,883,10,2,0,0,3,30,100,0,0,2.1,2.3,2.2,3,3.4,3,0.3,58.8,64.4,0.7,9,0.9,253256,25325.6,6,0.6,25.4,12.2,2.6,1.9,47.6,63.3,75.3,2.3,2.4,18.7,4.8,5.6,1.1,0.7,17,16.2,97.2,94.8,0,19.7,2.1,2.2,26.6,11.7
PRESBYTERIAN HOMES & SERVICES,412,21,3,0,0,1,4.8,9.5,90.5,0,4.3,3.5,4.9,2.8,4.4,4,1.1,33.9,29.2,0.6,6,0.3,107802,5133.4,3,0.1,22.3,9.4,1.4,3.7,56.3,80.3,86.3,1.3,1.5,17,4.5,5.7,3.5,2.3,28.1,21.6,87.9,96.9,0,28.2,3.9,4.4,14.3,10
BEDFORD CARE CENTERS,71,7,1,0,1,1,14.3,100,0,0,2.9,3.1,3.9,1.4,4.3,3.8,0.6,57.7,51.4,0.3,10,1.4,407959,58279.9,3,0.4,32.1,16.8,1.9,2.6,49.1,89.9,94.1,2.9,3.1,21.3,6.3,5.7,2.1,1.5,21.5,23.5,98.1,98.2,0.3,25.2,8.6,9.5,27.1,12
CARE INITIATIVES,106,43,1,0,0,0,0,7,93,0,3,2.6,3.7,3.7,3.3,3,0.7,41.7,41.4,0.7,23,0.5,861207,20028.1,7,0.2,23.1,12.9,2,2.1,50,77.7,88.7,1.3,2,22.8,2.8,3.1,1.7,0.9,16.9,13.1,95.8,97.2,0.1,26.4,4.1,3.1,23.4,10.8
"HEALTH CONCEPTS, LTD.",255,5,1,0,0,1,20,100,0,0,3.6,3.6,3.6,2.8,3.3,3,0.7,33,35.5,0.4,2,0.4,22087,4417.4,0,0,23.3,16.8,1.6,1.6,55.8,84.2,76.8,1.7,1.7,27.8,3.1,3.6,3,0.8,20.5,23.8,95.4,89,0.3,19.5,2.4,12.7,16.2,10.3
THE LOFT REHABILITATION AND NURSING,322,7,1,0,0,4,57.1,100,0,0,1.9,1.9,1,3.6,3.1,2.8,0.4,53.5,53.4,1.1,20,2.9,1511837,215976.7,9,1.3,25.6,11.7,1.3,2.6,61.4,65.3,73.1,2.1,1.7,10.4,2.7,3.1,0.8,0.6,20.3,17.4,93.4,92,0,24.2,6.3,43.4,17.8,11
CONTINUUM HEALTHCARE,161,13,6,0,0,2,15.4,92.3,7.7,0,2.5,2.5,2.8,3.4,3.6,3.3,0.5,46.1,37.7,0.6,13,1,211319,16255.3,0,0,21.6,10.6,1.8,2.5,48.6,71.5,72.4,2,1.8,16,3.8,3.9,1.3,0.6,18.5,18.2,96.6,91.5,0,25,6.9,23.6,23.9,10.8
COMMCARE CORPORATION,150,16,2,0,0,0,0,6.25,93.8,0,3.3,3.1,3.4,3.6,4.3,3.5,0.3,46.9,37.7,0.3,6,0.4,438620,27413.8,4,0.3,29.8,14.1,1,1.9,65.7,94,94.7,2.3,2,13.9,3,4.7,0.6,0.3,13.6,13.4,98.8,97.9,0,15,4.7,1,24.4,11.5
LINEAGE HEALTHCARE,854,5,1,0,0,3,60,100,0,0,1.4,1.6,1.8,3.2,3.1,2.7,0.7,33,37.5,0.4,14,2.8,935250,187050,11,2.2,19.4,6.8,3.4,1.2,43.7,58.9,64.1,2.3,2.8,33.4,1.6,4.7,0.8,0.7,12.1,9.9,92.3,88.9,0,15.3,3.3,88.1,17.5,11.6
LIFEPOINT HEALTH,787,8,6,0,0,0,0,100,0,0,4.1,4,3.4,3.4,5.8,5.1,3.1,84.7,84.6,1,10,1.3,67504,8438,1,0.1,20.3,10.3,1.2,3,49.2,92.9,86.6,1.5,2.5,13.1,4.3,5,5.6,0.9,27.8,22.1,96.5,94.6,0,19,8.7,1.8,19.3,10.9
THE CHRISTIAN AND MISSIONARY ALLIANCE,717,2,2,0,0,0,0,0,100,0,4.5,3,5,3.5,5.5,4.9,1.1,37.8,32.4,0.5,1,0.5,32139,16069.5,0,0,25.9,10.8,2.1,1.7,35.9,94.6,99.6,1.8,1.4,10.8,1.7,3.8,1.4,0.8,12.3,12.3,98.9,98.7,0,10.7,3.3,0.9,14.4,9.7
LEGACY HEALTH SERVICES,305,10,1,0,0,1,10,100,0,0,3.3,2.5,2.2,4.9,3.8,3.3,0.7,54.9,52.3,0.7,1,0.1,8171,817.1,0,0,25.3,5.9,0.9,1.1,59.7,82.1,88.4,1.6,1.5,6.5,2.4,3.4,0.8,0.1,5.7,5.1,95.7,97.1,0,22.4,5.5,34.5,15.8,10.7
THE MANDELBAUM FAMILY,798,18,2,0,0,2,11.1,100,0,0,3.3,2.7,3.9,4.5,5,4.5,0.6,33.9,37.8,0.6,21,1.2,605547,33641.5,6,0.3,21.6,9.4,1.6,0.7,63,94.4,95.9,2.2,1,15.1,1,4.8,1,1,10.7,12.3,97.8,97.9,0.8,8.9,3.5,3.6,14.5,12
ENVIVE HEALTHCARE,204,13,1,0,0,0,0,84.6,7.7,7.7,2.2,2.4,1.8,3.8,3.4,3.2,0.7,46,36.5,0.6,12,0.9,82626,6355.8,1,0.1,20.6,10.6,1.9,3.4,53.5,47.6,43.1,1.8,1.4,14.4,4.2,4.5,0.5,0.3,19.3,17.3,88.5,80.3,0,24.2,8.5,50.3,23,10.3
ROBERT SCHOENFELD,716,8,1,0,1,0,0,100,0,0,3.5,3,3.4,4.4,3.8,3.5,0.5,39.7,42.9,0.6,9,1.1,547580,68447.5,0,0,25.5,8.9,1,2,50.3,94,94.6,2.2,0.9,7.7,1.9,5,0.3,0.3,9.5,6.5,100,99.3,0,11.7,6.2,6.3,12.4,11.1
GENERATIONS HEALTHCARE NETWORK,870,4,2,0,0,1,25,100,0,0,2.5,2.3,2,3,3.7,3.1,0.7,58.4,64.5,0.3,12,3,867005,216751.3,6,1.5,27.5,13.6,2.4,4.3,28.5,78.6,82,1.5,2.7,12.3,2.9,10.9,1.8,1.3,18.5,15.1,89.2,96.3,0.1,18.9,7.6,38.1,22.1,11.7
HMG HEALTHCARE,272,33,2,0,3,3,9.1,100,0,0,3.2,3,1.8,4.4,3.3,2.9,0.4,50.8,47.9,0.3,45,1.4,1709675,51808.3,7,0.2,24.3,11.3,0.6,0.8,56.1,95.9,95.1,1.9,1.8,7.5,2.4,3.3,0.3,0.1,8.3,8.9,99.4,99.2,0,9.3,1.4,0.9,12,11.3
RJ MERIDIAN CARE,857,5,1,0,0,1,20,100,0,0,2,2.2,2.6,2.4,3.9,3.4,0.5,59.3,67.7,1,9,1.8,314312,62862.4,0,0,28.7,16.5,2.4,1.9,42.1,96.5,97.3,2,2.7,9.2,3.3,8.5,1.1,1.2,12.5,16.5,100,99.5,0.7,17.6,5.3,11.5,31.4,10.5
COREWELL HEALTH,721,8,1,0,0,0,0,0,100,0,4.4,3.8,4.6,4.3,4.5,3.8,1.2,36,21.7,0.1,2,0.3,24420,3052.5,1,0.1,23.6,11.1,0.5,2,54.6,95.4,93.5,1.7,1.4,11.2,3.9,5.9,2.1,0.2,15,12,97.6,95.9,0,19.3,5.1,1,14.7,11
INFINITE CARE,578,8,2,0,1,2,25,87.5,12.5,0,2.3,1.8,2.4,4.3,3.2,2.9,0.7,32.4,32.4,0.4,5,0.6,355558,44444.8,0,0,22.8,10.8,0.9,1.5,66,52.1,48.4,1.7,1.1,11.3,1.9,6.2,0.6,0.2,7.4,10.1,88,74,0.1,17.3,4.5,41.5,10.1,11.1
CENTRAL MANAGEMENT COMPANY,130,21,1,0,0,4,19,100,0,0,2.6,2.7,3,2.4,3.7,3.3,0.3,43.2,28.3,0.4,23,1.1,856334,40777.8,0,0,24.9,13.5,2.7,4.4,55.2,81.5,93.9,2.5,2.1,20.1,3.7,4.1,2,1.1,15.2,18.2,98.4,98.2,0.1,10.3,5.5,4.5,28.2,11.2
ACCOLADE HEALTHCARE,7,7,1,0,0,0,0,85.7,0,14.3,2.6,2.9,1.6,3.1,3.5,3.2,0.7,52,42.3,0.7,15,2.1,431365,61623.6,1,0.1,30.1,16.7,0.9,2.1,63.3,81.9,80.7,2.2,2,10.3,2.8,5.5,0.7,0.5,17.7,17.1,95.7,95.4,0,23.5,7.2,52.9,13.6,11.7
CASTLE HEALTHCARE,121,9,1,0,0,0,0,55.6,44.4,0,2.8,2.3,1.6,4.7,3.2,2.9,0.4,53.6,41.9,0.9,3,0.3,139804,15533.8,0,0,19.7,17.7,0.6,0.3,64.8,57.4,71.6,1.4,1.7,16.9,2.3,3.4,0.4,0.2,5.8,3.1,87.3,89.2,0,20.3,5.8,24.3,23.8,10.7
LEGACY NURSING & REHABILITATION,307,9,2,0,0,3,33.3,88.9,0,11.1,1.3,1.9,1.1,2.6,3.2,2.7,0.2,47.5,57.3,1.3,18,2,1508674,167630.4,3,0.3,24.3,13.4,3.5,5.5,55.4,58.8,89.5,2,2.5,33.8,1.8,5.6,0.5,0.3,8.7,13.2,88.2,98.5,0,14.6,5.1,2.4,24.6,11.3
SABER HEALTHCARE GROUP,461,127,6,0,3,12,9.4,98.4,0.8,0.8,2.9,2.7,2.2,4,3.4,3.1,0.6,47.5,45.5,0.6,124,1,3344418,26334,9,0.1,22.8,11.2,1.1,1.6,48.5,67,65.8,1.6,1.3,10.1,3,3.7,1.2,0.3,13.8,12.7,94.7,88,0,19.5,6.2,18.4,20.5,11
NATIONAL HEALTH CARE ASSOCIATES,363,43,6,0,0,8,18.6,100,0,0,3.1,2.7,3,4.2,3.8,3.4,0.7,35.8,38.3,0.2,31,0.7,700035,16279.9,0,0,22.9,11.4,1,2.3,59.6,74.3,75.3,1.8,1.3,17.5,3.3,4.4,0.8,0.3,13,12.3,93.8,88.7,0,27,7.4,41,18.8,10.2
VILLA HEALTHCARE,550,18,2,0,0,3,16.7,94.4,5.6,0,2.8,2.3,2.7,4.5,3.6,3.2,0.4,46.9,48.6,0.5,19,1.1,1094317,60795.4,7,0.4,25.2,9.7,0.9,1.1,55,62.1,68.8,1.8,1.1,14,2.1,4.2,0.3,0.2,8.8,6.8,91.5,87.7,0,21,4.4,29.2,19.7,10.5
GARDEN HEALTHCARE GROUP,760,6,1,0,0,0,0,100,0,0,2.5,2,1.2,4.8,3.2,2.8,0.5,50.5,60.3,1,7,1.2,501948,83658,2,0.3,18.1,12.3,2.7,2.4,49.7,75.8,86.8,1.6,1.5,10.5,2.5,4.9,0.4,0.1,2.4,1.8,95.9,94,0,21.7,8,60.3,20.2,10
JENMAX GROUP,875,10,1,0,2,4,40,100,0,0,1,1.7,1,2.9,3,2.6,0.4,61.3,67.9,2.3,50,5,2955250,295525,19,1.9,24.4,16.3,1.2,2.2,34.7,40.7,58,1.9,3.9,17.8,2.4,4.6,0.7,0.5,13.1,13.5,82.8,86.3,0.1,19.7,7.9,61.7,24.2,11.5
EPHRAM LAHASKY,205,23,10,2,5,4,17.4,100,0,0,1.7,1.8,2,2.9,3.4,3.1,0.7,54,58.2,0.6,44,1.9,2517532,109457.9,9,0.4,27.3,12.4,1.7,4.3,49.1,72.6,73.7,1.9,2.3,16.4,3.1,5.2,1.4,0.7,14,15.3,95.3,87.4,0,22,6,26.8,23.3,10.7
BRADFORD MONTGOMERY,87,11,2,0,1,1,9.1,100,0,0,2.3,2.5,2.4,2.9,3.8,3.5,0.3,58.1,76.8,1.2,6,0.5,189902,17263.8,1,0.1,32.2,15.6,1.8,7,53.3,84.4,70.2,2.1,2.4,29.1,4.6,3.6,0.7,3.3,15.3,14.5,94.8,90.1,0,16.6,2.3,4,26.8,11.6
FELICIAN SERVICES,684,3,3,0,0,1,33.3,0,100,0,3.7,3,4.7,4,4.7,4.2,0.8,39.4,29.1,0.3,2,0.7,39719,13239.7,0,0,25.5,11.8,1,1.6,47.3,84,94.2,0.7,0.8,13.4,1.4,5,5.7,3.7,24.8,29.1,90.2,98.6,0,28.9,5.3,1,17.9,12.1
RILEY SPENCE SENIOR LIVING,658,5,1,0,0,0,0,100,0,0,1.6,2.8,1.6,1.4,3.3,3.1,0.3,57.5,63.1,3,1,0.2,132696,26539.2,0,0,29.7,15,2.1,1.5,34,64,57.4,2.1,2.3,26.5,4.8,4.9,3.5,3.2,16.1,15.9,93.1,74.1,0,14.5,9.9,6.9,23.5,11.4
ESSENTIAL HEALTHCARE,212,6,1,0,0,3,50,100,0,0,2.5,2.2,4,2.4,4.1,3.4,0.9,29.4,50,1.3,4,0.7,148021,24670.2,1,0.2,28.5,13.4,2.5,2.2,46.8,50.6,39.6,3.2,2.4,20.7,2.3,4.8,1.3,1,11.7,12.6,90.8,66.7,0,20.1,6.3,41.1,21.8,10.9
CHARIS TRUST DTD 12/22/16,136,6,1,0,0,0,0,100,0,0,3.3,2,4.5,5,4.3,4,0.6,25.7,25.7,0,5,0.8,66180,11030,2,0.3,21.6,9.1,0.8,0.2,48.6,97.6,99.6,1.9,0.9,8.4,0.5,3.4,0.8,0.4,5.2,4.7,99.7,99.8,0,4.7,2.6,2.7,10.7,10.2
UNITED CHURCH HOMES,533,9,1,0,0,0,0,33.3,66.7,0,3.9,3.3,3.3,4.4,3.9,3.5,0.6,44,34.6,0.3,3,0.3,212207,23578.6,2,0.2,22.7,11.2,1.3,1.9,56.6,88.6,86.7,1.3,1.4,9.7,2.9,2.3,0.4,0,8.1,6.3,98.4,96.7,0,23.4,5.8,6.6,25.5,10.5
VALLEY WEST HEALTH,744,12,2,0,0,0,0,100,0,0,3.3,3.2,2.7,3.1,3.6,3.3,0.6,40.7,40.2,0.5,5,0.4,280292,23357.7,0,0,22.2,9.8,1.3,2.6,45.7,77.3,83.7,1.8,1.4,19.1,3.7,5,1.6,0.7,16.7,17.6,92.1,90.3,0,25,8,4.6,23.5,10.5
EXCELCARE,757,8,2,0,0,2,25,100,0,0,2.5,2,2.9,4.5,3.5,3.3,0.6,50.1,44.4,0.7,9,1.1,415898,51987.3,0,0,24.4,8.7,1,0.9,58.2,88.2,87,1.7,1.1,12.7,3.4,4.5,0.4,0.2,6.6,6.9,98.7,96.2,0,15.6,5.7,7.6,20.6,10.4
LIFE CARE SERVICES,312,44,18,0,0,0,0,43.2,56.8,0,4,3.6,4.4,4,5.1,4.5,1.1,37.8,34.7,0.4,36,0.8,727857,16542.2,3,0.1,22.8,10.7,1.2,2,60.9,87.7,90.5,1.6,1.1,13.8,4.4,5.1,1.6,1.1,19,18,96,95.1,0,23.8,5,3.3,16.5,10.7
"COMPASS HEALTH, INC.",156,7,1,0,0,0,0,100,0,0,5,5,3.7,4.7,4.8,4.2,0.4,40,32.9,0.5,0,0,0,0,0,0,23.5,15.6,0.9,0.5,53.2,99.9,99.3,1,1.5,17.2,0.7,2,0.6,0,7.8,6.5,100,100,0,7.4,2.4,0.7,26.1,9.7
GRACE TEAM SERVICES,871,9,1,0,0,0,0,11.1,88.9,0,2.7,2.7,4.2,1.7,4.2,3.8,0.7,41.1,36.5,0.4,14,1.6,267600,29733.3,2,0.2,24,14.8,3.6,3.2,48.5,24.5,34,2.1,3.1,22.4,6.5,4.5,5.3,2.7,20.7,23.6,89.9,76.5,0,26.6,5.1,4.7,23.2,10.5
MEDILODGE,345,53,1,0,3,9,17,100,0,0,3,2.6,3.7,4,3.9,3.3,0.9,44.3,40.3,0.7,37,0.7,1507247,28438.6,13,0.2,23.8,12.1,1.1,1.6,57.2,67.8,67.4,1.8,1.7,12.4,2.9,5.7,1.1,0.5,7.6,6.6,93.8,92,0.3,21.7,6.7,3.5,23.9,10.8
SUMMIT CARE,889,22,1,0,0,2,9.1,100,0,0,3.3,2.8,2.6,4.4,3.7,3.4,0.6,44.7,52.7,0.9,17,0.8,573487,26067.6,0,0,27.4,10.6,1.2,2,63.1,95.2,97.4,1.9,1.4,4.7,2.3,4.1,0.3,0.1,8.3,6.2,100,98.4,0,5.9,7.1,4.8,10.6,11.5
CASA CONSULTING,695,7,1,1,1,1,14.3,42.9,28.6,28.6,1.2,1.3,1,3.2,3.3,2.8,0.5,,,,7,1,96003,13714.7,4,0.6,22.7,11.9,0.6,3.3,46.5,46.8,43.6,2.1,1.5,18.1,3.5,6.6,0.8,0.7,11.1,7.5,83.4,61.6,0,24.6,5.8,31,13.9,11.7
AZURE HEALTHCARE,841,6,1,0,0,0,0,100,0,0,1.3,1.5,1.8,2,3.4,3.2,0.5,51.5,69.8,1.7,8,1.3,346459,57743.2,0,0,27.6,14.7,1.7,2.8,49.7,71.8,74.1,1.8,2,21.5,3,6.1,1.9,1.4,24.5,21.6,87.9,85.2,0,24.3,7,13.7,20.9,11.3
AJC HEALTHCARE,616,14,1,1,1,5,35.7,100,0,0,2.2,2.1,2.2,3.7,4.2,3.9,0.3,47.3,53.3,0.9,7,0.5,830489,59320.6,3,0.2,23.5,17.5,1.3,1.2,51.9,87.6,94,2,2.5,10.9,2.3,2.2,0.9,0.3,8.9,7.7,99,99.2,0,16,4.2,10.5,17.8,11.1
PROVIDENCE HEALTH & SERVICES,430,9,3,0,1,1,11.1,11.1,66.7,22.2,3,2.8,3.8,3.3,7.5,6.7,2.7,39.7,40.9,0.5,14,1.6,352327,39147.4,0,0,27.3,9.5,1.2,2.3,41.4,91.1,86.1,1.7,1.3,12.7,1.2,7.4,4.5,2.6,17.3,17.8,98.2,93.1,2.7,14.6,4,6.9,21.6,10.5
PACIFIC HEALTHCARE HOLDINGS,792,15,1,0,1,1,6.7,100,0,0,2.1,2.3,2.1,3.5,4.2,3.8,0.4,32.9,16.1,0,21,1.4,739563,49304.2,10,0.7,23.1,8.5,2.3,1.2,50.5,87.6,88.9,3.1,1.1,13.1,0.8,4.4,0.9,0.9,9.7,13.9,96.4,96.5,0,8.2,7.5,23.6,13.9,10.9
KINGSTON HEALTHCARE,301,6,2,0,0,0,0,100,0,0,3.7,3,2.8,4.7,4.3,3.8,0.9,53.3,49.9,0,0,0,0,0,0,0,23.5,14.5,0.5,3.1,68,91.8,93.7,1.7,1.7,8,2.7,4.4,0.6,0.1,6.2,3.8,97,96.1,0,26.2,6.1,22.4,22.7,9.8
CITADEL CARE CENTERS,146,5,1,0,0,1,20,100,0,0,3,2.6,3,3.8,3.1,2.8,0.8,35.1,40.1,0.2,2,0.4,55693,11138.6,0,0,21.9,10.3,1.5,0.6,70.3,61.8,43.6,1.5,1.2,7.4,2,5.7,0.2,0.1,6.9,8,85.3,75.1,0,16.4,5.1,15.7,6.9,10.5
FLORIDA INSTITUTE FOR LONG-TERM CARE,223,18,1,0,1,1,5.6,16.7,83.3,0,2.2,2,3.1,4.1,3.3,3.1,0.6,37.9,48.2,0.8,20,1.1,1158135,64340.8,0,0,26.8,7.8,3.2,1.8,52.7,98.9,94.9,2,1,9.2,2.3,5.8,0.1,0,7.6,7.5,100,96.9,0,4,5.9,1.6,20.6,11.3
NEXCARE HEALTH SYSTEMS,369,20,1,0,0,3,15,100,0,0,3.8,3.4,3.8,4.4,3.7,3.3,0.6,41.4,35.1,0.4,12,0.6,321295,16064.8,6,0.3,23.8,11.3,0.4,1.5,58.3,77.9,81.4,1.7,1.3,12.9,2.3,4.3,1.1,0.3,7.8,7.5,94.4,97,0.1,5.6,4.9,1.9,18.1,10.6
CANTEX CONTINUING CARE,100,38,2,0,0,2,5.3,100,0,0,3,2.9,1.8,4.3,3.3,2.9,0.4,49.5,47.3,0.8,51,1.3,1401375,36878.3,2,0.1,26.2,11.2,0.5,1,56,97.4,94.8,2.2,1.8,5.7,2.7,3.3,0.2,0,10.2,11.5,99.6,96,0,10,2.2,0.7,15.2,11.2
CAMPBELL STREET SERVICES,99,20,3,1,0,1,5,100,0,0,2.2,2.2,2.3,3.5,3.3,2.9,0.6,70.8,68.9,0.7,15,0.8,446263,22313.2,7,0.4,23.3,13,2.1,3.2,55.9,78.2,90,1.5,2,19.6,2.9,3.4,2.4,1,17.9,16.1,96.9,98.5,0.3,27.5,5.5,3.1,20.1,10.1
WELLINGTON HEALTH CARE SERVICES,559,14,4,1,1,1,7.1,100,0,0,1.9,2,2.1,2.2,3.4,3,0.4,49,52.4,0.6,38,2.7,1201519,85822.8,3,0.2,29.8,13.8,3.2,2.3,42.1,56.2,54.5,2.6,2.1,17.8,1.8,6.8,1.2,1.4,15.6,14.7,87.5,71.6,0,18.8,7.6,10.8,16.1,10.7
PRESBYTERIAN COMMUNITIES OF SOUTH CAROLINA,411,5,1,0,0,0,0,20,80,0,3.6,3.4,4,4.4,5.7,4.7,1.3,57.4,62.4,0,0,0,0,0,0,0,23,11.8,0.7,3,79.9,92.2,97.5,,,,,,,,,,100,100,0,48.3,,0,,10.8
CONSULATE HEALTH CARE/INDEPENDENCE LIVING CENTERS/NSPIRE HEALTHCARE/RAYDIANT HEALTH CARE,158,11,2,0,0,0,0,100,0,0,2.7,2.7,3.5,2.9,3.4,3.1,0.7,42.6,47,0.4,19,1.7,172510,15682.7,0,0,28,11.3,1.8,3,48.7,94.3,92,2.4,1.9,13.5,2.3,6.4,1.6,0.8,18.8,17.9,99.6,97.3,0,18.9,5,2.2,15.2,11.7
THE MAYER FAMILY,780,11,3,0,0,1,9.1,100,0,0,2.9,2.6,3.5,3.7,3.9,3.3,0.7,42.1,41.7,0.4,5,0.5,403224,36656.7,0,0,17.4,9.7,1.4,2.7,58.2,83.6,84.4,1.8,1.4,12.7,3.5,6.9,2.2,0.5,15.4,19,97.2,95.6,0,20.9,5.5,9.4,12.9,10.3
HCF MANAGEMENT INDIANA,252,6,1,0,0,1,16.7,0,33.3,66.7,3.5,3.7,2.3,3.5,4,3.4,0.5,39.5,42.1,0.3,0,0,0,0,0,0,20.6,10.9,1.1,2.7,57.2,95.9,98.1,2.4,2,9.7,2.4,3.4,2.8,0.1,22.1,19.4,98.9,99.6,0.7,17,5.8,30.2,25.3,10.9
LIFEBRITE HOSPITAL GROUP,654,2,2,0,0,0,0,100,0,0,2,2,4,2,3.9,3.3,0.6,27.9,21.1,0,1,0.5,177463,88731.5,0,0,14.2,5.9,13,2.2,29.6,44,64.1,2.4,2.3,24.3,1.5,6.5,4.6,1.6,23,21.2,100,95.8,0.3,14.9,3.1,1.5,27.2,10.8
COUNTRY CLUB REHABILITATION CAMPUS,164,7,1,0,1,2,28.6,100,0,0,2.9,2.3,2,4.4,3.5,3.1,0.7,51.4,40.6,0.6,4,0.6,99377,14196.7,0,0,19.7,14.6,0.5,4.1,61.7,73.7,73.6,1.9,2.4,3.9,6.5,4,0.3,0.1,4.1,2.9,89.4,88.6,0,26.1,9.2,19.4,27.1,11.1
CENTRAL ARKANSAS NURSING CENTERS,129,39,2,0,0,1,2.6,100,0,0,3.7,3.3,3.3,4.2,4.5,3.9,0.3,50.6,43.2,0,14,0.4,455355,11675.8,1,0,22,10,0.7,2.9,54.3,75.9,90.1,1.9,1.5,6.5,3.8,3.2,0.7,0.7,12.4,10.2,93.6,97.9,0,17.4,3.5,0.7,23.5,10.9
CHRISTIAN CARE COMMUNITIES,142,5,1,0,0,1,20,20,80,0,2.8,2.8,3.4,3.6,4.4,4.1,0.8,56.1,47.9,0.3,3,0.6,192117,38423.4,1,0.2,26.1,16.1,1.2,5.3,47.6,82.4,67.5,1.3,2,14.3,3.3,4,2.5,1.3,13.4,11.6,95.9,92.3,0,15.9,7.3,3.1,33.3,10.3
LYON HEALTHCARE,837,14,2,0,2,2,14.3,100,0,0,2,2,1.7,2.9,3.4,3.1,0.5,45.6,48.7,0.4,27,1.9,727593,51970.9,2,0.1,24.1,14.7,2.3,2.7,33.2,71.1,70.6,2.1,2.3,16.6,3.7,4.2,0.6,0.5,10.3,8.7,94.4,84.8,0,18.6,8,36.6,29.8,11
AHAVA HEALTHCARE,17,16,4,0,0,0,0,93.8,6.3,0,2.4,2.6,2.1,3.2,3.7,3.2,0.5,58.2,58.1,0.3,8,0.5,445006,27812.9,2,0.1,25.8,14,0.8,1.9,48.1,80.4,78.4,2,1.9,15.3,2.7,5.3,1.1,0.4,18.3,14.7,95.8,92.1,0,19.7,5.5,7.2,29.5,10.9
THE BAPTIST HOME,885,5,1,0,1,1,20,0,80,20,1.8,1.8,2.5,1.8,3.9,3.8,0.4,57.3,50,0,26,5.2,303210,60642,1,0.2,25.6,25.5,7.8,2.2,57.1,72.9,76.5,2.6,3.5,16.8,4.9,2,2.8,3,20.6,26.4,86.4,79.8,0.2,24,5,4.5,24.1,11.6
PROMONTORY HEALTHCARE,428,3,2,0,0,0,0,100,0,0,3.3,3,4,4,5.2,4.6,1,55.4,60.9,0.5,0,0,0,0,0,0,21.2,12.9,0.7,2.1,61.1,92.5,96.6,1.9,2.4,31.8,0,4.8,0,0,17.4,28.6,,100,0,27.5,7.7,4.2,14.3,9.2
BLUE RIDGE HEALTHCARE,84,3,3,0,0,0,0,100,0,0,1,1.7,1.7,1.3,3.4,3.2,0.3,61.8,75,1,5,1.7,355199,118399.7,0,0,32.1,11.7,2,2.2,43.5,49.5,56.2,3.1,2.9,26.3,3.7,5.6,4.6,2,15,24.4,90,82.1,0.1,12.4,6.5,8.5,36.7,11.1
TENNESSEE STATE VETERANS' HOME,704,5,1,0,0,0,0,0,0,100,3.6,3.6,3.8,3,4.8,4.1,0.5,46.9,32.3,0.3,1,0.2,193155,38631,1,0.2,17.4,9.9,6.4,0.1,28.7,87.8,83.4,1.3,1.2,19.3,4.3,3.3,4.2,1,18.9,16.2,98.6,98.5,0.3,22.7,4.3,3.3,21.8,10.6
PARAMOUNT HEALTHCARE,775,8,1,0,0,1,12.5,87.5,12.5,0,2.9,2.8,2.3,3.9,3.4,3.1,0.3,47.9,46.7,0,12,1.5,366281,45785.1,0,0,32.9,8.1,0.5,0.1,49.9,92.2,97.4,2.2,1.2,11.9,2.3,3.6,0.8,0.5,22.1,21.4,99.4,99.2,0,16.2,2.1,0.3,20.1,10.5
LANTIS ENTERPRISES,304,5,2,0,0,1,20,100,0,0,1.6,2,2.8,1.6,3.2,2.9,0.6,47.9,43,,0,0,0,0,3,0.6,19.3,14.3,5.7,3,36.4,54,69.2,1.6,2.7,27.2,2.8,7.6,3.7,0.9,20.8,24.8,93,84.8,0,24.7,8,1.9,19,10.3
WLC MANAGEMENT FIRM,570,18,1,0,0,0,0,100,0,0,2.9,3.8,1.8,1.5,3.1,2.9,0.4,46.9,51.4,,23,1.3,783221,43512.3,5,0.3,27.6,19.4,3,3.3,41.7,61.8,83.2,2.2,3.8,18.1,4.6,5.3,3.2,2.1,22.3,21.2,95.2,94.8,0,25.6,5.4,4.1,24.5,11.4
ADVANCED HEALTHCARE SOLUTIONS,13,29,1,0,1,2,6.9,51.7,0,48.3,2.9,2.8,2,4,3.2,2.8,0.4,48.8,51.6,0.6,39,1.3,1590347,54839.6,1,0,24.9,14.3,1.1,1.7,63.7,88.8,96.4,1.9,2.1,9.2,3.4,3.2,0.3,0.1,11.8,14.2,98.3,99.1,0,11.6,3,2.6,18.2,10.6
ADVENTIST HEALTH,671,5,1,0,0,0,0,20,80,0,4,3.8,3.6,3.5,5.4,4.9,1.4,21.7,10.9,0,2,0.4,123442,24688.4,2,0.4,18.9,8.6,2.8,0.4,50.2,97.4,86.6,1.8,2,17.8,0.5,4.2,3,3.7,11.6,14.9,96,99.5,0.2,13.8,4.6,1.2,14.8,11.5
CARLYLE SENIOR CARE,599,7,1,0,0,1,14.3,100,0,0,2.1,2.6,3.3,1.6,3.6,3.2,0.4,44.5,36.3,0,5,0.7,76181,10883,0,0,21.2,18.8,2.6,3.1,36.7,84.2,82.6,2.8,3.6,26.4,4.6,4.3,3.4,1.5,19.4,18.9,98.2,99.6,0,14.7,8,2.2,20.9,11.5
ELDER OUTREACH NURSING & REHABILITATION,194,5,1,0,0,0,0,0,100,0,3.2,3.6,1.8,2.4,3.8,3.2,0.2,54,51.4,0,2,0.4,29126,5825.2,0,0,24.1,18.1,2.4,2.8,44.3,93.2,94.5,2.5,3,18.1,3.4,3.3,0.5,0.1,12.1,16.2,99.8,99,0,13.6,5.2,0,28.3,10.6
BENJAMIN LANDA,646,48,4,0,3,2,4.2,97.9,2.1,0,3.4,3.3,2.3,3.5,3.5,3.1,0.6,42.2,43.8,0.8,18,0.4,886498,18468.7,0,0,24.5,11.8,1.4,2,50.1,88.1,87.5,2.1,1.9,12.7,3.1,6.1,0.8,0.4,12.9,11.9,97.7,97.3,0.1,16.9,5.5,13.6,19.6,10.9
MICHAEL FEIST,769,7,3,0,0,0,0,100,0,0,3.7,3.4,2.9,4.3,4.3,3.6,0.8,49.5,50.3,0.1,1,0.1,30000,4285.7,0,0,23.8,10,1.2,2.1,66.2,84,89.6,2.1,1.2,7.9,2.8,5,1.6,0.3,11.9,11.4,94.8,93.3,0,21.6,6,12,17.6,10.3
ARBORETA HEALTHCARE,618,3,2,0,0,0,0,100,0,0,2.3,3,2.3,2.3,3.7,3.2,0.8,48.4,35,1,1,0.3,33598,11199.3,0,0,,,,,,90,84.6,1.5,2.7,28.8,4.3,2.9,3.1,2.5,18.3,18.2,97.7,95.5,0,26.4,5.7,5.6,23.7,12
CONHOLD,720,5,1,0,0,1,20,100,0,0,4,3.8,2.4,3.4,3.3,3.2,0.2,62.8,60,1.5,2,0.4,64932,12986.4,1,0.2,28,20.9,0.8,0.7,56.6,81.5,95.7,2.5,2.9,13.3,3.4,3.8,0.8,0.5,6.2,9.9,91.7,100,0,18.8,1.6,3,32.4,11.3
WESTMINSTER COMMUNITIES OF FLORIDA,563,9,1,0,0,1,11.1,0,100,0,4.2,3.6,4.3,4.8,4.1,3.7,1.1,27,25.7,0.6,3,0.3,87816,9757.3,0,0,22.2,8.5,0.8,0.8,60.8,96.5,98.3,1.8,0.9,6.4,2.1,2.2,0.5,0.1,12.9,7.1,100,100,0,7.1,3.8,2.6,12,11.3
PROGRESSIVE HEALTH CARE CENTERS,426,5,1,0,0,0,0,100,0,0,3.8,3.2,2.6,4.6,4,3.6,0.3,65.5,78.6,0.7,1,0.2,37151,7430.2,1,0.2,23.2,6.8,1.4,0,26.7,97.9,99.6,2.4,1.5,7.2,0.9,5.4,0.7,0.7,6.4,7.6,99.8,100,0,10.8,7.2,0.1,17.1,10.6
CSJ INITIATIVES,864,2,2,0,0,0,0,0,100,0,4.5,4,4,3.5,4.4,4,0.7,30.7,33.3,0,0,0,0,0,0,0,25.2,10.2,2.8,0,57.6,94.4,82.9,1.6,1.2,19.5,6,3.6,5.2,0.3,14,12.8,100,100,0,31,6.9,6.2,14.6,11.2
SOLARIS HEALTHCARE,477,22,1,0,0,1,4.5,50,50,0,3.9,3.5,3.8,4.5,3.8,3.4,0.7,34.5,31.9,0.4,13,0.6,317377,14426.2,0,0,26,9,1,1.5,55.6,96.9,97.5,2.3,1.1,6.1,2.2,4.1,0.9,0.1,11,8.2,100,99.6,0,7.9,3.7,3.1,10.6,11.9
PACS GROUP,690,281,16,3,10,26,9.3,100,0,0,2.8,2.5,2.4,4.4,3.9,3.5,0.5,45.9,46,0.5,261,0.9,8841332,31463.8,67,0.2,22.5,12.3,1.1,1.6,65.2,87.2,89.7,1.8,1.6,11.9,2.1,3.7,0.6,0.4,8.8,7.7,96.1,96.3,0.1,14.7,3.3,20.6,16.9,10.7
INTEGRITY HEALTHCARE COMMUNITIES,652,5,1,0,1,1,20,100,0,0,2,2.2,1.2,2.4,3,2.6,0.4,58,46.5,0.7,11,2.2,1225250,245050,3,0.6,21.9,12.4,2.2,0.5,30.3,69.3,56.1,1.5,3.2,30.8,5.2,1.8,1.4,2.5,27.9,24.1,93.6,87.1,0,21.2,7.5,33.6,29.7,10.9
LONG PEAK OPERATING COMPANY,855,8,1,0,0,3,37.5,100,0,0,2.6,2,2.9,4.5,3.2,2.8,0.7,37.8,34.3,0.5,11,1.4,90844,11355.5,0,0,22.9,16.1,2,2,67.1,65.2,67.2,1.6,1.7,20.3,2.6,3.1,0.7,0.2,7.5,8.2,94.6,92.6,0,21.2,6.2,2.5,8.3,9.7
SUMMIT LTC,496,5,1,0,0,1,20,80,0,20,1.4,1.8,1.2,3.4,3,2.7,0.2,64.3,71.1,1,10,2,336260,67252,2,0.4,28.4,16,3.3,4,42.2,84.3,79.6,2.4,2.1,12.4,2.9,3,0.3,0,13.9,16.9,98.1,89,0,8.3,2,0.3,15.4,10.3
CENTER MANAGEMENT GROUP,619,17,4,0,0,0,0,100,0,0,3.2,2.9,1.9,4.4,3.5,3.1,0.5,43.6,32.5,0.4,2,0.1,29546,1738,0,0,23.2,9.7,0.8,1.3,67.3,70,66.7,2,1.3,7.7,2.8,4.9,0.4,0.2,5,6.7,95.5,88.8,0,22.4,7.4,57.2,19.1,10.9
CASCADES HEALTHCARE,117,20,4,0,3,5,25,85,0,15,1.9,1.8,2,4,3.5,3,0.8,62.4,55.1,0.7,36,1.8,1574555,78727.8,12,0.6,20.1,10.1,2.1,0.5,51.8,76.2,76.1,1.4,1.7,18.6,2.9,3.5,1.9,0.8,14,13.2,95.4,91.4,0,19.1,3.7,29.9,23.6,10.4
FOUNDATIONS HEALTH SOLUTIONS,225,63,1,0,0,0,0,100,0,0,4.2,4,2.3,4.3,3.5,3.2,0.6,40,33.6,0.4,28,0.4,375132,5954.5,1,0,26.8,14,1.1,3,45.9,81.3,85,1.8,1.6,9.1,2.3,3.3,0.2,0.1,4,3.7,95,96.1,0,16.9,5.2,54.4,28.4,10.9
PALLADIAN HEALTHCARE,393,6,2,0,0,3,50,100,0,0,1.7,2.2,1.2,2.3,2.7,2.5,0.3,55.2,56.5,0.2,8,1.3,398891,66481.8,3,0.5,26.2,17.2,1,2.2,49.5,81.9,65.4,2.6,2.9,18.2,5,4.3,1.5,0.4,28.1,28.6,92.9,84.4,0,20.6,4.6,33.2,19.7,11.6
CREATIVE SOLUTIONS IN HEALTHCARE,169,149,1,0,7,19,12.8,84.6,0,15.4,2.2,2.7,1.1,3.2,3.1,2.7,0.4,93.4,91.6,1.6,248,1.7,8699455,58385.6,18,0.1,27.2,13.4,1.5,3,52.3,96,93.3,2.2,2.2,9.2,3.7,4.3,0.6,0.1,15.5,18.9,99.7,98.6,0,14.4,2.4,2.1,13.9,11
KADIMA HEALTHCARE GROUP,296,15,1,1,2,3,20,100,0,0,1.7,1.8,1.6,2.6,3.4,3.1,0.7,61.5,66.9,1.5,14,0.9,560200,37346.7,6,0.4,19.5,12.7,2.8,3.8,42.9,42.5,50.9,1.5,1.8,24.4,3.5,7,1.6,1.1,19.5,20.2,85.6,79.5,0.1,23.2,6.3,10.4,20.6,10.6
INFINITY HEALTHCARE CONSULTING,763,70,4,1,4,14,20,91.4,4.3,4.3,2.1,2.2,1.5,3.7,3.1,2.8,0.5,46,46.2,0.7,89,1.3,4187160,59816.6,19,0.3,25.1,12,3.5,2.6,38.7,70.8,69.7,1.8,1.5,21.7,3.4,4.3,1,0.6,7.7,5.3,94.2,87.8,0.1,22,6.9,61,24.8,10.9
SAINT THERESE SENIOR COMMUNITIES,624,4,3,0,0,0,0,0,100,0,4.3,3.8,4.8,3.8,4.7,4.1,1.5,39.3,30,0.7,0,0,0,0,1,0.3,30.5,11,1.2,2.3,65.7,95.3,93.8,1.5,1.1,14.3,3.9,5.4,2.4,0.4,23.9,16,98.8,99.3,0,27.7,10,6.9,10.9,11.2
EDGEWOOD CONVALESCENT HOME,867,5,1,0,0,0,0,80,20,0,4.4,4.2,4.2,3.4,3.5,2.9,0.9,40.7,40.8,0.3,1,0.2,8281,1656.2,0,0,24.9,12.7,1.2,8.3,69.9,97.1,92.6,1.8,2.7,6.8,7.2,6.1,1,0.4,12.9,16.9,98.9,95.5,0,24.8,5.4,2.5,18.7,10.2
COVENANT CARE,166,15,2,0,0,1,6.7,100,0,0,3.1,2.7,2.8,4.4,4,3.6,0.7,48.3,60.6,0.8,10,0.7,304413,20294.2,0,0,24.9,11.3,0.7,1.1,56.4,96.4,97.5,2.4,1.6,9.6,2,3.4,0.8,0.6,9.2,7.8,99.4,99.7,0,15.3,4,9.5,12.1,11
PRIME HEALTHCARE,420,6,3,0,0,1,16.7,100,0,0,3.3,3.2,3,4,6.7,6.2,2.2,27.2,17.4,0,9,1.5,280766,46794.3,3,0.5,31.2,10.1,1,3.8,38.7,67,59.5,1.9,1,9.5,1.9,6.6,2.8,4.9,12.9,14.2,99.4,91.5,0.2,10.4,5.9,21.9,17.5,12
CORE HEALTHCARE,850,7,1,0,0,1,14.3,100,0,0,2.1,1.9,2,3.7,3.6,3.3,1.1,57.6,54.6,0.9,1,0.1,18962,2708.9,0,0,24.4,10.4,0.9,2.5,46.1,75.2,77.6,2.2,1.2,16.2,1.8,7,1,1.2,9.1,9.2,98.8,89.5,0,24.2,7.9,24.4,19.9,10.5
JERICHO CARE GROUP,892,7,1,0,1,1,14.3,85.7,0,0,2.3,1.8,2,4.2,3.9,3.5,0.4,49.2,40.5,1,5,0.7,377058,53865.4,4,0.6,24.8,16.6,0.6,1.1,66.1,96.3,97.4,1.8,1.5,6.3,1.2,2,0.4,0.5,11.9,10.7,99.5,99.9,0,6.8,4.5,5.9,18.5,11.2
SYNERGY SENIOR CARE,502,5,1,0,0,0,0,100,0,0,2,2.2,3.4,3,3.9,3.5,1,53.4,55.2,0.4,5,1,167214,33442.8,3,0.6,25,19.5,2.2,1.6,56.2,84.1,95.3,1,3.8,12.4,1.9,8.2,2.1,4.3,14.2,14.8,92.9,99.1,0,19.6,4,2.7,15,10.9
NATIONWIDE HEALTHCARE SERVICES,366,7,2,0,0,2,28.6,100,0,0,2.6,2.6,2.9,3.1,3.7,3.4,0.6,52.9,51.1,0.6,12,1.7,320120,45731.4,0,0,25.4,10.1,1.5,1.5,41.1,52.1,46.9,2.6,2.1,14.4,2.7,4.4,1.2,0.8,12.9,13.6,94.1,81.5,0,22.3,6.9,2.5,18.9,10.1
APPLE REHAB,39,20,2,0,1,2,10,100,0,0,2.2,2.4,2.7,2.5,3.3,3,0.6,40.7,42.5,0.9,20,1,604573,30228.7,3,0.2,24.8,12.1,1.7,3.3,53.5,50.2,51.7,2.4,1.8,19.1,3.6,4.5,2.2,1.6,19.9,21.3,89.5,86.8,0,22.7,7.1,14,19.1,10.5
PERSONAL HEALTHCARE MANAGEMENT,677,21,2,0,0,0,0,100,0,0,3,3,3.3,3,3.4,2.9,0.6,45.9,35.8,0.3,15,0.7,431142,20530.6,0,0,23.3,12.6,1.4,2.6,53.9,76.7,77.6,1.8,2.1,15.4,3.8,6.2,1.2,0.5,13.4,14.5,94.3,93.8,0.2,20.5,7.9,5.2,15.3,10.5
AVARDIS HEALTH,843,38,4,1,4,9,23.7,97.4,2.6,0,2,2,2.2,3.2,3.2,2.8,0.5,51.3,52.3,1.1,48,1.3,1579025,41553.3,6,0.2,24.1,12,2,3.4,56.6,74.3,74.2,1.7,2,20.1,4.1,5.4,1.2,0.7,16.1,14.6,96,90.1,0,24.8,7.6,3.4,24.9,10.7
HURLBUT CARE,275,13,1,1,0,0,0,100,0,0,3.8,3.8,2.4,3.2,3.5,3,0.5,53.9,46.2,0.5,6,0.4,909005,64928.9,0,0,17.8,15.5,1.8,4.4,31,74,72.6,1.9,1.4,12.8,4.4,7.9,2.6,0.5,15.9,18.8,97,88.5,0,30.4,6.2,3.2,9,10.7
O'NEILL HEALTHCARE,380,6,1,0,0,0,0,100,0,0,4.2,3.7,2,4.8,3.6,3.1,0.5,49.4,47.6,0.3,1,0.2,166764,27794,0,0,27.6,9.6,0.7,1.3,67.6,71.6,87.6,2,1,3.6,3.6,2.8,0,0,3,2.6,87,96.6,0,24.6,4.3,53.9,26.1,11
CASSIA,120,16,4,0,0,0,0,0,100,0,4.3,3.4,4.8,4.3,4.7,4.1,1.2,40.4,33.4,0.3,8,0.5,107003,6687.7,1,0.1,24.1,12.4,1.4,2.2,59.9,92.6,95.9,1.4,1.2,13.3,3.4,3.8,1.4,0.3,16,12.6,97.6,98.7,0,19.7,1.2,2.8,10.9,10.3
CHAMBERS COUNTY PUBLIC HOSPITAL DISTRICT NO. 1,133,7,1,1,0,1,14.3,57.1,0,42.9,3.3,3.5,2.3,3,3.6,3.2,0.4,56.5,64.4,0.7,10,1.4,404607,57801,1,0.1,22.3,13.8,1.7,1.6,49.7,83.1,90.5,2.4,2.3,7.9,2.9,5.6,1.5,0.9,16.7,19.2,97.5,98.4,0,16.6,6.7,0.9,16.5,11
COMMONWEALTH CARE OF ROANOKE,152,12,1,0,0,1,8.3,100,0,0,3.6,3.3,2.7,4.2,3.6,3.2,0.5,43.1,49.9,0.3,3,0.3,24654,2054.5,0,0,22.3,9.6,1.3,1.7,53.3,93.1,89.6,1.5,1.5,13.5,3.7,3.7,0.9,0.3,18.4,14.5,99.2,98.2,0,21.8,6.8,1.9,20.8,11.5
UNIVERSITY OF VERMONT HEALTH NETWORK,535,3,2,0,0,2,66.7,0,100,0,2.3,2.7,3,3,4.3,3.7,1,59.8,37.5,2,1,0.3,21453,7151,1,0.3,17.2,12.3,1.1,1,43.3,89.6,82.3,1.3,1.5,31.8,4.8,7.3,4.5,3.1,13.5,18,99.7,76.8,3.8,24.6,5.5,3.9,14.3,9.3
ECUMEN,866,5,1,0,0,0,0,0,100,0,3.4,3,4.6,3.2,4.7,4.2,1.3,53,33.2,0.2,4,0.8,203386,40677.2,0,0,25.1,15.6,1.8,5.2,70.8,89.6,95.6,1.5,1.6,12.9,2.5,6.5,4.8,3.5,32.6,21.5,97.7,96.4,0,27.5,5.8,3.4,10.8,9.8
HILL VALLEY HEALTHCARE,270,43,6,0,4,7,16.3,95.3,4.7,0,1.7,1.7,2,3.7,3.4,3.1,0.6,54.1,58.5,0.7,36,0.8,1568552,36478,4,0.1,22.4,12,1.4,3.3,50.7,61.5,63.7,1.5,1.7,15.4,3.6,4.3,0.9,0.3,12.6,10.7,91.9,86.7,0,24.8,6.9,26,19.1,10.6
AUGUST HEALTHCARE,833,6,2,0,0,0,0,100,0,0,3,3.3,2.2,3.3,3.7,3.4,0.5,43.6,49.4,0.7,4,0.7,46368,7728,0,0,25.1,8.9,1.5,3.7,56.1,46.2,51.8,2.1,1.9,12.8,2.4,6.1,1.9,1.1,16.6,15,84.6,79.3,0,20.7,4.7,27.3,20,13.1
CARERITE CENTERS,110,34,4,0,0,2,5.9,100,0,0,3.5,2.7,2.2,4.8,3.4,3,0.6,41.1,42.3,0.4,13,0.4,660694,19432.2,2,0.1,21,7,0.6,1.6,63.5,76.5,78.8,1.6,0.8,6.8,2.9,5.3,0.8,0.1,10.8,11.2,92.7,90.9,0,20,6.5,19.5,16.9,10.3
APERION CARE,38,33,2,0,1,10,30.3,100,0,0,1.9,2.1,1.6,3.3,3.2,2.8,0.6,45.1,43.7,0.4,68,2.1,2570807,77903.2,16,0.5,28.3,11.9,2.1,1.9,42.4,42.7,53,1.9,1.6,34.6,2.3,4.9,0.2,0.3,9.6,7.6,88.4,86.3,0.1,21.1,5.3,76.2,18.1,10.7
DOVE HEALTHCARE,187,11,1,0,0,0,0,100,0,0,3.2,3,3.8,3.4,5.1,4.5,1.2,54.1,42.1,0.7,8,0.7,471201,42836.5,3,0.3,19.6,17.8,0.6,2.3,59.5,85.6,89.5,2.1,3,12.5,3,4.3,1.9,1.7,16.7,17,95.2,96.7,0,26.7,2.9,7.5,19.4,10.3
SENIOR LIVING COMMUNITIES,470,10,6,0,0,0,0,100,0,0,4.7,4.2,4.3,3.6,5.9,5.3,1.4,52.1,49.7,1,2,0.2,33199,3319.9,1,0.1,25.8,13.6,1,1.6,60.8,84.3,85.6,1.6,1.8,14.6,1.7,5.1,1.9,1.4,20.5,16.1,82.1,90.2,0,23.4,6.6,6.1,17.9,11.2
HYATT FAMILY FACILITIES,276,5,1,0,0,1,20,100,0,0,2.6,2.2,3.2,4,3.9,3.2,0.8,49.7,51.4,0.6,5,1,374103,74820.6,1,0.2,21.6,18,1.4,2.6,67.5,91.7,94.6,1.1,1.3,16.8,2,4,2.6,1.3,19.9,19.3,98.5,97.2,0,26.6,9.9,12.7,11.6,10.4
REGALCARE,439,9,1,0,1,1,11.1,100,0,0,1.7,1.9,3,2.2,3.5,3.2,0.6,36,45.9,0.7,9,1,566667,62963,0,0,24.1,13.5,1.6,2.4,45,83,73.4,2.1,1.8,20.3,3.9,3.9,1.5,1.2,21.3,21.6,97.6,95.1,0,23.5,6.4,18,15.1,11.7
HCF MANAGEMENT,251,22,2,0,0,0,0,100,0,0,3.1,2.9,2.8,4.1,3.5,3.1,0.6,40.8,44.7,0.4,4,0.2,71773,3262.4,2,0.1,22.4,12.6,1.2,2,46.9,69.9,73.6,1.3,1.4,12.6,3.1,3.6,0.5,0.1,9.1,7.7,94.1,90.6,0,24.9,6,5.7,25.3,10.7
"PEAK RESOURCES, INC.",397,9,1,0,0,0,0,100,0,0,3.3,3.4,2.3,2.9,3.3,3,0.4,45.9,36.4,0.2,5,0.6,81822,9091.3,1,0.1,22.9,13,2.6,4.5,53.4,90.7,91.9,1.7,1.7,14.8,4.1,5.2,2.1,0.4,21,18.4,95.4,98.8,0,16.2,10,3.8,23.3,11.3
KISCO SENIOR LIVING,585,2,2,0,0,0,0,100,0,0,3,3.5,3,2,4.4,4,1.3,,,0,1,0.5,7901,3950.5,0,0,24.2,21.9,3.1,3.5,35.9,68.9,57.3,,,,,,,,,,,78.3,0,14.4,10,0,31.2,10.4
TEXVET,503,9,1,0,0,2,22.2,44.4,0,55.6,3,2.6,3.9,4,4,3.5,0.5,38.4,43.8,0.9,11,1.2,556566,61840.7,1,0.1,23,7,2,0,49.2,69.3,74.4,1.5,1.4,11.5,4.4,2.5,0.6,0.4,15.7,18.7,97.5,93.8,0,19.4,3.3,0.6,16.9,10.4
THE ORCHARDS,512,3,2,0,0,0,0,100,0,0,3.5,3,2.5,4.5,3.8,3.4,0.6,37.6,47.2,2,0,0,0,0,0,0,16.8,11.1,1.9,6,56,92.6,97.6,1.2,1.2,1.9,5.7,1.4,1.5,0,9.6,4.9,98.5,100,0,29.9,6,6.5,11.9,10.8
PALM GARDEN HEALTH AND REHABILITATION,394,14,1,0,0,2,14.3,100,0,0,3.1,2.5,3.4,4.4,3.6,3.3,0.6,44.4,40.6,0.5,16,1.1,327558,23397,0,0,26.5,7.7,0.9,1.6,47.3,94.6,97.2,2.5,1,4.2,2.3,3.9,0.8,0.5,11.1,9.4,98.3,99.7,0,18.4,4.8,0.9,17.3,11.6
PRIORITY HEALTHCARE GROUP,424,14,4,0,1,1,7.1,100,0,0,2.7,2.6,2.9,3.1,3.3,3,0.6,46.8,35.7,0.3,12,0.9,365806,26129,3,0.2,20.4,9.5,2,1.9,45.8,62.1,65.2,2,1.5,21.3,3.7,4.6,2.8,0.6,18.5,19.1,96.1,88,0.1,25.9,6.7,3.4,22.2,11
AMERICAN BAPTIST HOMES OF THE MIDWEST,29,6,5,0,0,0,0,16.7,83.3,0,2.3,2,3.8,3.3,4.1,3.7,0.8,56.4,54.3,0.8,6,1,273201,45533.5,3,0.5,18.6,21,0.6,2.3,62.9,89.3,86,1.7,1.9,18.8,3.8,2.9,2.3,1.3,22.5,25.1,97.3,97.4,0,31.2,2.6,2.6,10.4,10.8
QUALITY LIFE SERVICES,436,10,1,0,0,1,10,100,0,0,2.9,2.6,2.1,4.1,3.5,3.2,0.6,53.2,50.4,0.6,5,0.5,394824,39482.4,1,0.1,15.8,13.6,2.5,0.8,55.2,76,78.6,1.2,1.2,23.2,2.3,4,1.8,0.3,12.1,9.8,95.8,93.2,0.1,28.8,7.6,14.8,26.1,10.8
MARSH POINTE MANAGEMENT,337,6,2,0,1,2,33.3,100,0,0,2.5,2.2,3.8,3,4,3.5,0.6,44.5,29.5,0.3,5,0.8,156153,26025.5,2,0.3,19.4,13.2,0,1.5,82.8,88.6,64.3,2.5,1.9,36.8,3.5,2.9,3.4,2.3,10.3,17.6,98.6,84.7,0,16.9,6.5,1.9,27,10.8
PRESTON HEALTH SERVICES,702,5,1,0,0,0,0,100,0,0,3.2,3.2,3.2,2.8,3.9,3.2,0.5,51.1,39.9,0,0,0,0,0,0,0,27.4,12.2,2.8,2.9,43.6,94.9,98.6,2,1.6,18,3.1,4.6,3.5,0.9,10.7,8.5,98.9,98,0,8.6,4.2,0.2,29.8,11.2
MAGNOLIA MANOR SENIOR LIVING,329,5,1,0,0,0,0,0,100,0,2.8,2.6,3.2,3.6,4,3.4,0.5,39,39.9,0.2,3,0.6,43219,8643.8,0,0,27,16.4,2.5,0,56.5,82,86.6,1.7,1.9,15.5,4.4,3.5,1,0.2,14.5,16.9,97.7,98.2,0.1,9.6,3.1,3.2,17,11.5
SHAFIQ MALIK,794,9,1,0,0,0,0,100,0,0,3.6,4,2.1,2.4,3.5,3,0.4,54.8,37.3,0.4,3,0.3,215900,23988.9,1,0.1,23.3,11,2.7,2.5,41.2,50.8,69.6,1.9,1.8,20.2,3.6,5,1.2,0.5,15.3,13.6,89.2,92.2,0,11.8,7.6,11.7,30.7,11.4
HCA HEALTHCARE,701,3,2,0,0,0,0,100,0,0,4.5,4,5,3,5.6,4.6,2.4,36.7,0,0,0,0,0,0,0,0,23.8,9.5,2.6,1,51,83.6,88.9,0.7,2,21.2,5.3,9.3,0.7,2.3,22.8,15.8,97.7,96,0,22.3,6,1.5,23.9,10.4
NIGHTINGALE,815,5,1,0,0,0,0,100,0,0,3.8,4,4,2.4,3.5,3.1,0.6,38.3,12.4,0.4,2,0.4,28293,5658.6,0,0,28.6,16.3,1.4,3.1,63.1,63.8,77.7,2.9,3.8,15.9,4.7,3.8,2.2,0.1,10.2,8.3,96,95.4,0,12.7,6.5,0.9,23.1,11.8
DIVERSICARE HEALTHCARE,185,46,6,0,1,1,2.2,93.5,4.3,2.2,2.5,2.4,2.9,3.5,3.2,2.8,0.6,46,45.4,0.8,37,0.8,1023219,22243.9,6,0.1,22.7,13.6,1.4,1.9,52.8,86.3,85,1.9,1.9,14.4,3.6,5.4,1.4,0.6,13.8,14,96.6,92.4,0,18.5,5.9,1.4,21.9,11.2
MOMENTUM SKILLED SERVICES,360,9,1,0,0,1,11.1,33.3,0,66.7,2,2.2,1.3,3.6,3.4,2.9,0.2,61.4,66.3,0.9,14,1.6,496225,55136.1,1,0.1,32.8,10.1,0.7,2.2,50.1,82.7,89.2,2.6,2.7,6.8,3.4,3.7,0.1,0,13.3,15.5,98.3,97.3,0,12.7,1.4,0.9,14.6,11
EXCEPTIONAL LIVING CENTERS,758,10,3,0,0,0,0,80,10,10,2.7,2.5,2.4,3.9,3.7,3.2,0.6,51.5,44.9,0.8,3,0.3,39805,3980.5,1,0.1,22.5,9.5,1.5,4.5,58,66.3,67.9,2,1.9,9.9,3.3,3.5,0.7,0.2,9.6,11.5,88.7,90.9,0,25.2,5.9,11.5,25.4,11.1
SWEETWATER CARE,500,10,3,1,0,1,10,100,0,0,2.4,2.2,2.9,3.7,3.6,3.1,0.6,54.3,49.7,0.7,26,2.6,890789,89078.9,3,0.3,23,17.4,2.2,3.5,63.5,68.2,82.8,1.6,2.6,21.8,3.3,4.5,0.5,0.1,5.7,6.4,96.7,96.7,0,17.6,5.3,10.1,15.6,10.6
OCEAN HEALTHCARE,381,11,1,0,0,1,9.1,100,0,0,2.8,2.3,2.9,4.3,3.3,3,0.4,34.2,27.4,0.2,6,0.5,222741,20249.2,0,0,24.6,7.7,1.3,2.8,74.6,78.8,71,2.1,1.2,10.8,2.6,4.4,0.5,0.9,7.3,7.6,97.8,92.8,0,17,5.1,4.3,14.5,10.8
RENNES GROUP,449,6,1,0,0,0,0,100,0,0,4.5,4.5,4.3,3.7,4.1,3.7,1,43.7,29.2,0.8,0,0,0,0,0,0,20.4,15.7,0.4,0.8,49,98.3,98.3,1.5,2,14.1,3.4,2.4,3.1,0.9,19.7,17.5,99.8,99.9,0,27.5,3.7,1.7,13.9,10.1
CARADAY HEALTHCARE,103,9,1,0,0,1,11.1,77.8,0,22.2,2.8,3,1.7,3.8,3.2,2.9,0.4,52.4,46.4,0.8,19,2.1,506130,56236.7,0,0,24.1,10.2,1.4,1.2,55.9,61.9,61.9,1.7,1.6,13.5,4.8,3.4,0.7,0.1,18.4,16.8,94.5,86.8,0,16,5.2,1.9,20.9,10.8
VANCREST HEALTH CARE CENTERS,542,13,1,0,0,0,0,92.3,7.7,0,3.9,3.5,2.7,4.8,3.7,3.3,0.6,44.1,27.4,0.2,1,0.1,4233,325.6,1,0.1,25.4,13.8,1.1,2.3,69.5,90.4,95.9,1.4,1.7,5.4,3.1,1.9,0.3,0.1,5.6,3.3,99.1,99.5,0,21.9,5.3,42.4,23.8,10.4
OHANA PACIFIC MANAGEMENT CO.,382,6,1,0,2,0,0,100,0,0,3.3,2.7,4.3,3.7,4.5,3.9,1.6,38.9,29.6,0,4,0.7,121675,20279.2,1,0.2,20.7,12.2,0.5,2.1,47.7,84.5,86.6,1.1,1.7,11.5,1.3,3.6,4.2,1.3,27.3,17.2,96.7,98.4,0,18.8,4.8,0.8,7.3,9.4
COMMUNITY ELDERCARE SERVICES,155,17,2,0,1,3,17.6,100,0,0,1.9,2.2,3.2,1.8,3.5,3.1,0.6,47.7,50,0.8,22,1.3,755040,44414.1,3,0.2,26.8,16.1,2.2,4.5,36.8,62.5,73,1.8,2.4,25,3.7,7.2,1.5,0.9,28.8,25.2,91.5,91.7,0,21.6,10.2,2.1,33.3,12.4
OPTIMA CARE,386,8,3,0,0,0,0,100,0,0,2.9,2,3.5,4,3.7,3.4,0.7,38.3,40.2,0.9,10,1.3,197481,24685.1,0,0,21.5,7,1.9,1.5,67.7,87,85.3,2,0.8,8.9,3.4,6.4,1.2,0.3,9.2,11,98.6,97.1,0,16.3,4.7,22.9,16.1,11.2
OPCO SKILLED MANAGEMENT,773,68,5,0,2,15,22.1,91.2,0,8.8,2.2,2.2,1.7,4.2,3.1,2.8,0.5,54.5,53.9,0.9,103,1.5,3357308,49372.2,17,0.3,23.5,14,1,1.7,64.4,78.5,76.7,1.9,2.3,14.1,2.6,3,0.4,0.1,8.1,9,96.5,91.5,0,17,3.5,8.3,17,11.3
HARMONY CARE GROUP,740,6,1,1,1,2,33.3,83.3,0,16.7,2,2.4,1.8,3.4,3.7,3.2,0.4,59.7,66.7,2,24,4,839437,139906.2,2,0.3,29,8.7,1.5,2.4,51.4,82.4,76.1,1.8,1.9,16.3,1.7,3.4,0.1,1,20,23.7,97.6,92,0,18.7,4.9,1.5,20.6,10.3
AMA HOLDINGS,27,13,1,0,1,3,23.1,100,0,0,1.6,2.3,1.2,2.3,3.5,3.1,0.4,65.1,60.4,0.8,14,1.1,566794,43599.5,4,0.3,27.9,13.6,1.3,4.4,38.5,46.2,43,2.2,1.8,16.1,4.1,4.3,1.1,0.5,17.5,16.2,86.9,75.6,0,21.1,2.8,65.3,23,10.8
HEARTHSTONE SENIOR COMMUNITIES,262,8,1,1,1,1,12.5,50,50,0,2,1.9,2.6,3.3,3.2,3,0.5,45.7,57,1.9,10,1.3,548011,68501.4,1,0.1,25.9,11.1,2.3,2.1,43.9,99,99.3,2.2,1.3,13.7,2,4.6,0,0.1,9.4,9.8,100,99.1,0,7.3,5.7,2.2,22.5,10.8
ARCADIA CARE,42,24,2,2,4,12,50,100,0,0,1.3,1.7,1.2,3,3.1,2.8,0.4,46.5,49.4,1.1,62,2.6,4550694,189612.3,34,1.4,21.5,18.3,1.6,3.3,40.5,59.3,60.3,1.8,2.8,16.7,2.9,2.9,1.1,1,14.9,11.8,91,87,0,23.6,9,78.6,20.8,10.7
EVERYAGE SENIOR LIVING,675,4,2,0,0,0,0,25,75,0,4.5,4.5,4.8,3.3,4.8,4.5,0.7,35.8,35.6,0,1,0.3,8018,2004.5,0,0,22.6,9.5,0.7,3,55.9,88.3,89.7,1.9,1.6,12.4,6.8,5.8,8.4,0.4,22.4,22.7,96.2,96.1,0,21.5,6,1,22.2,10.4
JUSTLIVING COMMUNITIES,836,2,2,0,0,0,0,0,100,0,5,4.5,4.5,4,5.1,4.4,1.7,33.6,36.2,0,0,0,0,0,0,0,23.9,14.6,0.3,2.1,61.4,94.4,88.2,1.6,2.6,19.3,0,3.6,0.8,0,6.1,3.2,100,90.5,0,2.4,1.9,0,10.3,10
TUTERA SENIOR LIVING & HEALTH CARE,531,26,5,1,0,10,38.5,92.3,7.7,0,2.1,2.2,1.7,3,3.5,3.1,0.5,56.1,50.8,0.8,71,2.7,3022361,116244.7,18,0.7,27.8,14.4,2,2.3,51.8,67.3,71.4,1.9,2.2,18,4.3,5.4,1.7,0.5,17.5,13.6,93.8,91,0.1,22.8,6.5,23.1,23,11.3
FUNDAMENTAL HEALTHCARE,231,67,6,1,2,6,9,94,0,6,2.4,2.5,2.1,3.4,3.4,3,0.5,45.8,42.6,0.4,87,1.3,2196040,32776.7,2,0,24.4,12.3,1.4,2.9,54.4,71.2,69.8,2.2,1.7,14.3,2.9,5.4,0.8,0.3,15.6,14.2,93.3,86.8,0,12.2,5.1,4,20.1,11.8
SHLOMO HOFFMAN,713,10,2,0,1,2,20,100,0,0,2.4,2.4,3.3,2.9,4,3.5,0.7,52.5,50.8,0.7,12,1.2,808468,80846.8,7,0.7,23,15.7,1.6,2.3,57.7,72.1,83.9,1.8,2.2,22.3,2.4,4.3,2.6,1.6,17,17.8,90,92.1,0.1,26.6,5.2,22.2,22.3,10.7
REAL PROPERTY HEALTH FACILITIES,605,9,3,0,0,1,11.1,66.7,0,33.3,3.1,3.2,3.6,2.7,3.6,3.3,0.7,41.7,46.8,0.6,0,0,0,0,0,0,18.1,11.5,1.3,3.2,55,80.6,83.4,1.6,2.6,17.8,4,6.2,3.2,0.6,17.9,20.4,92.4,95.5,0,14.4,4.6,1.6,20.3,11.1
CASCADIA HEALTHCARE,118,45,5,1,4,2,4.4,100,0,0,3.1,2.9,2.7,3.9,3.7,3.2,0.8,52.7,45.6,0.5,48,1.1,1029637,22880.8,2,0,19.1,13.1,1.3,1.4,55.8,83.2,90.4,1.2,1.9,15.9,2.7,3.6,1.8,0.8,17.3,16.5,94.5,97.2,0,23.1,5.3,15.5,16,10.1
AHMC HEALTHCARE,18,5,1,0,0,0,0,100,0,0,2.8,2.6,3.4,3.8,6.7,6.2,2,22.2,25.2,,4,0.8,46717,9343.4,3,0.6,31,13.1,2.5,2.4,43.7,72.2,68.2,1.8,0.8,10.5,1.2,9.1,2.1,5.8,10,11.5,86.3,95.9,2.1,2.8,6.9,0.2,9,10.4
THE MCGUIRE GROUP,510,6,1,0,0,0,0,100,0,0,3.7,3.5,2.5,4.2,3.6,3.1,0.4,48.1,39.5,0.2,2,0.3,21916,3652.7,0,0,23.6,11.1,1,2.2,53.5,88.9,97.7,1,0.8,16.6,2.4,6.9,0.7,0.9,12.2,12.1,96.5,98,0,12.6,3.1,2.4,14.1,11.2
STEIN LTC,490,4,2,0,0,0,0,100,0,0,4.3,4,3.3,3.8,3.9,3.4,0.2,50.4,7.1,0,0,0,0,0,0,0,28.8,17.9,0.7,1.4,56.6,92.7,91.4,2.4,3.1,15.8,4,2.6,1.7,0.3,9.7,7.4,99.3,99.6,0,9.4,2.5,3.5,28.2,10.3
BALL HEALTHCARE SERVICES,66,9,1,0,0,1,11.1,100,0,0,2.7,2.8,3.2,3,3.6,3,0.6,35.2,34.7,0.4,0,0,0,0,0,0,24.5,7.9,1,2.3,41.2,54,70.9,1.9,1.7,19.2,2.6,6.7,2.9,1.7,13.8,14.5,87.6,78.4,0.2,10.1,5.9,0.5,13.6,9.6
ELEVATE CARE,197,14,2,0,0,3,21.4,100,0,0,2.3,2.4,2.1,3.6,3.3,2.9,0.8,37,30.7,0.4,48,3.4,2305790,164699.3,14,1,25.2,7.9,2.1,1,48.6,70.4,70.5,2.1,1.3,19.3,2.2,7.9,1,0.5,7.5,7.8,92.5,95.1,0.1,12,6.1,72.4,15.9,10.7
PURSUE HEALTH,878,7,2,0,0,0,0,100,0,0,2.1,2.1,3.4,3.9,4.5,4.1,0.5,36,40,0,13,1.9,642050,91721.4,5,0.7,24.6,14,1.3,0.5,51.1,96.3,99.5,2,1.8,8,1.9,5.5,0.3,0.6,6,6.6,99,99.9,0.4,6.5,3.6,5.3,12.2,10.9
ADVANCED HEALTH CARE MANAGEMENT,12,6,2,0,0,0,0,100,0,0,3.3,3.3,4,3.5,4,3.2,0.5,37.4,31,0,3,0.5,28145,4690.8,1,0.2,22.3,9,1.6,3.1,60,94.6,98.5,2.6,2.1,13.6,3.5,4.9,1.5,0.9,17.1,16.8,99.8,100,0.1,14.9,3,0.7,26.8,11.9
AVID HEALTHCARE GROUP,700,11,1,1,1,0,0,100,0,0,1.6,1.8,2.5,2.2,3.8,3.4,0.5,65,56.7,0.7,12,1.1,327644,29785.8,7,0.6,23.3,17.5,1.1,4,53.4,70.1,68,2.5,2.1,28.7,4.3,4.1,1.7,1.9,16.6,19,92.8,90.8,0.3,26.3,6.7,6.6,22.2,10.6
ARABELLA HEALTHCARE MANAGEMENT,633,13,3,0,0,1,7.7,100,0,0,2.7,2.6,2.9,3.2,3.5,2.9,0.8,62.8,63.2,1.1,12,0.9,299217,23016.7,3,0.2,29,12.3,2.2,3,47.6,77.6,92.5,2.1,1.6,20.2,2.7,6.6,1.1,0.5,8,5.8,95.8,96.6,0.1,10.5,5.2,0.8,18,11.3
MARQUIS HEALTH SERVICES,336,89,9,0,1,6,6.7,98.9,1.1,0,3.1,2.6,2.3,4.3,3.6,3.2,0.7,41.9,42.7,0.5,81,0.9,2835484,31859.4,6,0.1,23.8,9.3,1.2,1.9,68.9,66.9,71.7,1.7,1.1,14.4,2.6,5.1,0.9,0.5,11,11.2,94,90.1,0.1,20.8,6.3,45.6,17.1,11
RELIANT CARE MANAGEMENT,446,33,2,1,7,14,42.4,100,0,0,1.2,1.6,1,2.4,2.2,2,0.2,64,67.8,1.3,74,2.2,4513946,136786.2,27,0.8,28.4,13,1.5,1.8,33.2,24.4,31,2,2.5,45.5,1.3,3.1,0.8,0.8,22.3,25.3,74.3,58.3,0.1,14.8,5.1,69,35.6,10.7
ANEW HEALTHCARE,35,2,2,0,2,1,50,100,0,0,1,1,2.5,2,3.3,2.9,0.9,77,51.4,2,6,3,325695,162847.5,1,0.5,,,,,,,2.1,1.7,2.2,37,1.7,6.9,1.9,4.2,19.4,22.8,84.6,70.8,0.5,23.8,3.6,45.4,29.2,10.4
TRILOGY HEALTH SERVICES,524,124,5,0,0,0,0,84.7,3.2,12.1,4.2,3.5,3.3,4.8,3.9,3.5,0.9,41,35.6,0.4,29,0.2,458145,3694.7,2,0,23.5,10.6,0.8,0.9,72,90,91.3,1.7,1.5,8.6,3.4,2,0.4,0.2,8.9,7.8,96.3,96.1,0,22.2,4.7,12.1,22.6,11.3
DELMAR GARDENS,180,12,4,0,0,0,0,100,0,0,2.9,3.1,2.8,2.5,3.9,3.7,0.4,45.3,43.3,0.5,10,0.8,167357,13946.4,3,0.3,26,11.6,1.4,4.6,40.5,64.9,66.4,2.4,1.2,22,4.6,5.1,3.3,0.7,17.2,17.5,91.9,85.7,0,17.7,6,1.5,19.7,12.2
CONTINUING LIFE,160,6,1,0,0,0,0,100,0,0,4.8,4.2,4.8,4.8,5.4,4.8,1.1,35,24.3,0.5,8,1.3,50827,8471.2,0,0,22.6,10.4,0.5,2,67.9,96.6,99.4,1.1,1.2,10.1,3.6,2.3,0.5,0.7,17.8,9.5,100,100,0,11.9,8,0.1,12.2,9.9
WELLSENTIAL HEALTH,670,68,1,0,0,8,11.8,2.9,51.5,45.6,2.6,2.8,1.6,4.2,3.1,2.8,0.4,42.7,40.9,0.5,92,1.4,2494675,36686.4,3,0,25.6,11.8,1.5,2.3,53.5,92.6,93,2,1.8,9.1,3.5,2.9,0.3,0.1,8.2,12.3,98,97.8,0,11.3,3.1,1.1,16.4,11
HUMANGOOD,274,17,7,0,0,1,5.9,5.9,94.1,0,4.5,3.8,4.9,4.2,5,4.5,1.1,31.1,30.5,0.4,8,0.5,255532,15031.3,2,0.1,22.4,11.8,1,2.1,61.1,91.6,93.2,2,1.2,12.1,1.8,3.9,2.2,0.4,21.9,15,97.8,98,0,21.3,4.3,5.2,13.9,10.2
VIVIE,886,5,1,0,0,0,0,0,60,40,3.4,3.4,4.2,3.4,4.5,3.9,1,49.7,51.4,0,2,0.4,31238,6247.6,0,0,24.2,14.9,2.3,1.2,45.1,79.6,73.6,1.3,2.1,8.5,3.9,3.7,2.4,1.4,23.5,15.7,99,97.7,0,31.1,2.8,4.9,8.3,10.6
ELIYAHU MIRLIS,710,13,3,0,2,2,15.4,92.3,7.7,0,2.1,1.9,3,3.4,3.2,3,0.5,48.6,51.9,0.7,20,1.5,1185534,91194.9,2,0.2,25.1,12.1,2.2,2,53.8,90.1,96.7,2,1.5,19.6,2.7,5.6,1.1,0.6,9.2,10.6,99.8,99.4,0,9.1,6.1,13.6,21.4,11
SENIOR HEALTH SOUTH,729,8,1,0,1,2,25,25,75,0,1.9,1.8,2.9,3.8,3.3,3.1,0.6,45.8,57.7,1.3,6,0.8,362765,45345.6,0,0,24.5,10.6,1.3,1,45.6,99.6,98.3,2.2,1.1,16.9,1.5,6.6,0.4,0.1,6.3,8.1,100,99.1,0,3.8,6.7,0.4,25.2,10.5
ML HEALTHCARE,358,6,1,0,0,2,33.3,66.7,0,33.3,2.3,2.3,1.2,4.5,2.9,2.5,0.3,59.4,56,0.2,11,1.8,272019,45336.5,0,0,24.4,10.3,1,0.7,61.6,76.1,77.7,2,1.8,8.4,3,3.2,0.9,0.3,7.6,7.9,89,89.4,0.3,14.3,2.3,1,18.8,10.7
CYPRESS SKILLED NURSING,176,7,1,0,0,1,14.3,100,0,0,1.9,2.9,1.4,1.9,3.3,3,0.3,74.3,71,0.7,2,0.3,12676,1810.9,1,0.1,26.4,16.8,2.4,3.4,37.8,71.8,83.5,2.2,2.4,16.4,2.5,5.3,1.7,0.5,19.2,18.6,93.8,94.7,0,20.6,5.6,1.3,22.6,10.3
ALIYA HEALTHCARE,663,14,1,0,0,4,28.6,100,0,0,2.2,2.4,1.4,4,3.1,2.9,0.6,43.8,50.5,0.7,40,2.9,2120996,151499.7,19,1.4,26.9,9.9,1.4,0.5,59.3,51.5,62.6,1.7,1.2,20.3,2.1,4.9,0.9,0.1,9.2,8.8,89.7,85.8,0,21.1,6.8,94.4,10.8,11.1
COLUMBINE HEALTH SYSTEMS,707,5,1,0,0,1,20,100,0,0,4.2,4.2,2.8,3.8,3.8,3.4,0.9,81.4,82,1.3,3,0.6,34334,6866.8,0,0,23.5,14.7,1.9,1.8,56.2,88.3,90.9,1,1.4,16.5,2.6,3.2,2.8,0.3,25.5,21.8,99,98.3,0,24.7,3.5,7.7,15.5,9.5
REGENCY PACIFIC MANAGEMENT,442,27,3,0,0,3,11.1,100,0,0,4,3.7,4,3.6,4.8,4.1,0.9,45.2,39.7,0.2,20,0.7,885725,32804.6,3,0.1,21,14,1.2,2.8,62.5,83.8,95,1.5,2.4,13,3.2,5,2.5,1.4,23.8,16.7,94.6,98.6,0.1,19.8,5.2,11.9,13.2,9.9
GULF COAST LTC PARTNERS,243,20,1,0,1,1,5,85,0,15,2.5,3,1.7,2.6,3.3,3,0.3,54.5,56.8,0.9,24,1.2,460979,23049,2,0.1,27.4,14.5,3.1,2.7,49.4,90,93.7,2.4,2.4,17.6,3.5,4.8,3.1,0.1,14.8,19.4,98.9,99.4,0,13.6,5.1,1,17.4,11.4
BGM ESTATE,78,15,1,0,0,2,13.3,100,0,0,1.8,2.1,2.1,2.5,3.1,3,0.3,55.8,58.9,1.2,13,0.9,301442,20096.1,2,0.1,31.2,12.8,2.4,1.4,50.2,80.5,74.8,2.7,2.5,21.7,4.5,5.5,4.8,2,17.6,17.2,95.7,89.2,0.1,11.8,2.8,1.8,25,11.7
HEALTH DIMENSIONS GROUP,821,10,6,0,0,1,10,20,70,10,3.2,2.8,4,3.7,4.3,3.8,0.8,48.5,46.5,0.4,6,0.6,291940,29194,1,0.1,22,15.4,1.8,3.7,63.3,88.6,96.1,1.1,2.8,14.7,2.5,5.1,1.9,1.3,15.6,14.7,98.3,95.5,0,23.2,5.9,5,16,10.7
ICARE CONSULTING SERVICES,762,7,1,0,0,6,85.7,100,0,0,1.3,1.4,1.4,2.3,2.6,2.2,0.5,37.6,28.5,0.3,43,6.1,2752035,393147.9,14,2,35.6,12.3,5.9,2.4,48.6,31.5,27.4,2.5,2.1,42.2,2.6,5.4,1,0.4,5.1,9.2,88.9,83.3,0,12.5,3.8,77.2,9.7,10.6
AVIR HEALTH GROUP,719,119,1,0,3,21,17.6,86.6,0,13.4,2.3,2.5,1.7,3.6,3.2,2.8,0.3,58.4,58.9,0.7,204,1.7,7752055,65143.3,17,0.1,25.9,13.2,1.7,1.7,49.9,86.9,87,2.1,2.2,9.9,3.5,4.2,0.4,0.1,13.6,15.4,98.3,95.1,0.1,11.2,2.2,1.2,22.5,11.4
CASSENA CARE,119,13,1,0,0,0,0,100,0,0,3.9,3.3,2.8,4.7,3.4,3.1,1.2,38.6,41.3,0.4,5,0.4,117722,9055.5,0,0,21.5,9.9,0.9,0.8,81,93,97.7,2.1,1.4,8.3,2.5,4.5,0.8,0.2,6.4,8.9,96.9,99.7,0,16.3,6.5,67.3,7.9,9.4
EXTENDED CARE CLINICAL,738,9,1,0,0,0,0,100,0,0,2.2,2.6,1.1,3.6,3,2.7,0.5,46.1,45.2,0.4,15,1.7,809082,89898,7,0.8,24.2,7.6,2.9,3.2,40.4,50.5,59.2,1.4,1.3,19.2,2.8,4.9,0.8,0.2,10.8,9.3,90.8,94.7,0,16.7,5.8,83,11.7,12.7
PIVOTAL HEALTH CARE,404,9,3,0,0,0,0,100,0,0,4,3.5,4.4,4,4.5,4,1.1,51.5,41.2,0.1,0,0,0,0,0,0,18.9,11.1,1.7,1.9,59.5,87.4,96.3,1.6,1.2,6,3.8,3.7,2.8,0.9,21.6,19,95.6,98.6,0,27.8,3.7,2.5,12.3,10.5
AVON HEALTHCARE,840,9,1,0,0,2,22.2,100,0,0,2.3,2.1,3,3.7,3.6,3.2,0.5,47.8,49.6,0.7,33,3.7,699609,77734.3,5,0.6,21.3,17.1,1.3,1.8,60.8,84.8,89.4,2.1,2.4,20.1,2.5,5,1.1,0.5,12.2,9.9,98.3,98.9,0,20.2,3.3,5.6,22.8,11.3
BEDROCK CARE,72,7,2,0,0,1,14.3,100,0,0,1.9,1.9,1.9,3.4,3.3,3.1,0.4,50.5,52.3,0.3,19,2.7,181282,25897.4,1,0.1,23.5,9.1,2.3,2.8,48.2,62.1,59.1,2,1.3,11.5,2.1,4.9,0.8,0.4,9,11.2,90.2,86.4,0,17.6,6.4,5.1,16.2,11.3
POINTE MANAGEMENT,776,12,3,0,0,5,41.7,100,0,0,1.3,2.3,1.2,1.2,3,2.7,0.4,51.3,44.2,0.4,20,1.7,997969,83164.1,14,1.2,26.8,15.6,2.9,3.8,31.2,51.8,76.8,2.7,4.2,27.6,3.1,6.4,4.2,2.3,20.9,23.3,89.3,94.2,0.1,19.9,6.7,13.2,27.8,11
ACTS RETIREMENT-LIFE COMMUNITIES,9,27,9,0,0,1,3.7,0,100,0,4.7,4.4,4.9,4.4,4.4,4,1.3,23.4,29.5,0.4,2,0.1,33770,1250.7,0,0,24,12.3,0.9,2.6,67.8,96.6,92.7,1.8,1,10.5,3.3,5.4,3.3,1.3,14.6,16.3,98,96.7,0,18.5,5.2,0.1,17.2,11.2
VIVO HEALTHCARE,688,15,1,0,0,1,6.7,100,0,0,2.4,2,2.7,4.2,3.5,3.2,0.5,49.3,54.8,0.7,27,1.8,313681,20912.1,1,0.1,25.5,7.3,1,1.7,48.5,93.5,89,2.1,1.2,6.6,1.9,4.3,0.2,0.5,7.3,6.4,100,96.9,0,9.9,7.5,6.4,12.7,10.9
REGIONAL HEALTH PROPERTIES,856,5,3,0,0,0,0,100,0,0,1.4,1.6,1.8,2.2,3.4,2.9,0.5,53.9,50,0,15,3,455127,91025.4,4,0.8,20.2,14.1,3.1,2.5,45.6,58,64.3,2.1,1.9,21.1,3.8,4,1.8,1.1,26.7,21.5,81.5,93.5,0.1,19.4,6.9,8.4,23.2,11.2
SENEX FOUNDATION,881,2,2,0,1,1,50,100,0,0,1.5,1.5,3.5,2,3.7,3.4,0.8,60.5,51.7,2.5,5,2.5,262389,131194.5,2,1,,,,,,,71,1.6,3.4,24.1,4.2,6.2,2.5,1.5,16,17.8,95.7,91.7,0,20.4,4.5,0,15.6,10.5
PRIORITY MANAGEMENT,425,38,2,0,1,5,13.2,73.7,0,26.3,2.8,3.1,1.6,3.5,3.4,2.9,0.3,51.5,42.4,0.3,30,0.8,929095,24449.9,2,0.1,24.5,11,1.6,2.7,54.6,96.1,97.5,2.2,2,11.3,3,4,0.1,0.1,13.2,16.4,99.4,99.9,0,12.2,3.1,8.3,18.4,11.2
COVENANT HEALTH,167,11,5,0,0,0,0,0,100,0,3,2.8,4,2.9,4.1,3.7,1.1,37.5,32.1,0.3,15,1.4,378757,34432.5,3,0.3,26,13.9,2.1,1.5,45.4,75.9,74.7,1.8,1.5,18.1,3.7,3.6,1.5,0.4,24.7,19.8,96.6,92.5,0,26.7,5.3,2.4,19.1,10.8
POLLAK HOLDINGS,408,6,2,1,4,4,66.7,83.3,16.7,0,1.4,1.2,1.5,3,3.9,3.6,0.4,68,60,1,14,2.3,623749,103958.2,2,0.3,24.1,13.7,2.5,2.9,58.3,37.7,39.1,1.9,1.9,19.7,2.7,4.4,0.6,0.3,14.3,12.5,80.4,66,0,23.2,8.9,2.5,20,11
STONEBRIDGE SENIOR LIVING,494,12,1,0,0,0,0,100,0,0,3.2,3.3,2.1,2.8,3.5,3,0.5,58,39.4,0.5,4,0.3,65407,5450.6,0,0,23.9,10.5,3.5,5.6,57.8,59.1,58.4,1.8,1.9,19.1,5.4,6.2,1.3,0.4,21.8,19.7,91.9,85,0,21.6,9.8,16.7,17.1,10.6
VERTICAL HEALTH SERVICES,636,16,3,0,0,3,18.8,100,0,0,1.9,2.3,1.7,3.2,3.2,2.8,0.6,56.7,49.3,0.6,42,2.6,1683722,105232.6,8,0.5,24.3,12.4,2.5,1.1,31.1,68.2,65.5,1.8,1.5,26.1,2.4,4.7,1.1,0.5,10,9.1,92.2,92.7,0,19.8,3.2,61.2,24.6,10.8
WEST HARBOR HEALTHCARE,596,8,1,0,0,0,0,100,0,0,3.6,3.4,3.5,4.1,4.3,3.9,0.5,40.5,27.4,0,4,0.5,226532,28316.5,2,0.3,21.8,14.5,1.2,1,50.9,97.4,96.9,2.1,2,11,2.2,3.2,1.4,0.3,11.9,9.8,98.8,99.7,0,11.4,4.7,3,13.7,10.9
SANFORD HEALTH,880,4,3,0,0,1,25,0,100,0,2.5,2.3,4.3,3,4.1,3.5,0.9,46.5,56.5,0.3,6,1.5,316298,79074.5,1,0.3,20.4,19.3,1,1.4,62.3,73.7,93,1.5,2.1,17,3.3,5.9,2.7,2.8,22,21.4,96.8,98.3,0,22.5,7.1,3.7,11.1,9.6
SERENITY ESTATES,882,5,2,0,0,0,0,100,0,0,2.2,3,1.4,2.4,3.2,2.8,0.6,78.1,74.6,0.6,9,1.8,351651,70330.2,2,0.4,28,16.4,1.4,4.8,43.8,67.1,68.4,2,2.7,18.5,4,6.1,2,0.9,13.4,11.8,90.8,92.1,0,24.7,9.2,33.6,18,12.4
CARECORE HEALTH,108,12,1,0,0,1,8.3,100,0,0,2.2,1.9,2,4.2,3.4,3,0.4,58.1,50,0.8,3,0.3,97734,8144.5,3,0.3,32.2,15.5,1.5,1.6,37.3,54,65.1,1.7,1.8,20.4,3.1,3.6,0.2,0.1,5.1,4.1,91.8,85,0,18.6,6.3,34.6,25.1,11.5
VIVAGE SENIOR LIVING,552,11,1,0,0,2,18.2,100,0,0,3.6,2.6,3.5,4.9,3.3,3,0.7,40,37.5,0.1,11,1,89587,8144.3,0,0,18.1,12.4,0.4,0,66.5,71.6,66.5,1.3,1.7,25.6,2.5,2.6,0.7,0,7.9,6.5,90.5,90.9,0,17.8,4,3.6,9.5,9.9
GOLDWATER CARE,699,11,1,0,4,4,36.4,90.9,0,9.1,1.5,2,1.2,2.7,3.3,3,0.5,50.1,47.5,0.4,23,2.1,1927066,175187.8,12,1.1,20.1,20.1,3.2,2.8,41.6,62.8,63.5,1.7,2.9,21.4,3.1,5.2,1.3,1.2,16.9,15.2,93.9,81.9,0,24.6,9.2,85.5,27.7,10.9
PRESBYTERIAN SENIORCARE NETWORK,838,5,1,0,0,2,40,0,100,0,3.4,3,4.6,3.6,4.5,4.1,1.2,42.3,38.5,0.2,4,0.8,140973,28194.6,0,0,27.2,10.1,0.7,2.2,52.3,74.6,75.4,1.1,1.4,14.1,3.8,3.5,1.6,2.1,22.8,24.6,92,82.9,0,31.1,6.5,6.3,12.6,10.1
MISSISSIPPI CARE CENTER,357,5,1,0,0,1,20,100,0,0,3.4,3.2,4,2.6,4.5,3.6,0.6,48.8,36,0.3,7,1.4,55696,11139.2,0,0,26.5,12.6,4.9,3.3,52.7,87.1,99.1,2.1,2.4,16.5,2.9,3.4,6.1,2.3,19.2,22.4,99.3,99.9,0,23.7,5.8,0.8,26.7,10.9
PEARL HEALTHCARE,595,15,1,0,0,1,6.7,100,0,0,2.7,2.7,2.1,3.7,3.4,3,0.8,45.6,40.1,0.1,27,1.8,1195606,79707.1,4,0.3,27.9,11.9,2.2,1.9,60.2,55.2,54,2.2,1.6,18.3,2.4,4.9,0.6,0.3,10.2,7.6,91.3,85.2,0,20.4,5,86.6,11.8,10.4
NOLAND HEALTH,374,10,1,0,0,0,0,20,80,0,2.7,2.5,4.1,3,3.9,3.3,0.7,47.1,33.3,0.1,1,0.1,17345,1734.5,0,0,29.9,10.7,1.6,2.1,44,88.2,91.6,2.2,1.5,19.1,3.4,5,3.4,1.1,13.7,10.9,97.7,92.7,0,9.7,6.5,1.4,25.2,10.9
THE GRAND HEALTHCARE,509,16,1,0,3,1,6.3,100,0,0,1.8,2,2.1,2,3.2,2.8,0.5,39.9,43.3,0.5,13,0.8,504821,31551.3,2,0.1,25.1,15.1,2.3,3.9,44.9,61.8,58.9,2.3,2.6,22.2,3.2,6.6,1.3,0.8,11.3,14.2,94.5,84.5,0,20.8,5.9,22.7,15.3,10.1
EVERCARE SKILLED NURSING,804,12,1,0,0,7,58.3,100,0,0,1.5,2,1.1,2.3,2.9,2.5,0.3,62.6,72.7,0.8,60,5,2645212,220434.3,12,1,22.5,15,1,2,45,41.8,65.6,1.4,2.7,24.4,2.2,4.2,1.9,1,24.5,24.5,84.8,82.4,0.1,15.9,4.6,54,31.6,11.4
KEY HEALTH MANAGEMENT,767,7,1,0,2,4,57.1,100,0,0,1.6,1.4,1.9,3,3.3,3.1,0.6,45.1,49,1.4,6,0.9,243186,34740.9,1,0.1,17.2,13.8,3.4,2.4,62.6,46.6,41,1.1,1.5,22.3,3.1,4.6,2,1.1,22.2,20.8,94.7,75.8,0,30.6,6.2,35.7,18.9,11.8
MISSION HEALTH SERVICES,355,7,2,0,1,1,14.3,28.6,28.6,42.9,3.4,3.1,2.9,4.4,3.5,3.2,0.9,46.8,34.9,0.4,6,0.9,222141,31734.4,1,0.1,16.4,14.3,0.2,2,47.8,86.7,89.5,1.3,1.9,21.3,3.8,4.1,1.7,0.5,6.6,4.4,97.9,98.3,0,22.1,2.4,11.5,33.4,10
AARON MAYER,862,6,1,0,0,1,16.7,100,0,0,3.3,2.7,3.2,4.5,4.4,3.9,0.4,39.9,49,0.8,5,0.8,134453,22408.8,2,0.3,22.7,10.9,1.3,0.9,69.9,95,99.4,2.6,1.2,13.2,0.6,4.3,0.8,0.5,8.2,12.2,99.6,99.8,0,10.9,4.4,6.5,9.8,10.8
CONTINUING HEALTHCARE SOLUTIONS,159,12,1,0,0,2,16.7,100,0,0,2.1,1.8,1.8,4.3,3.2,2.9,0.6,50.7,56.6,0.6,6,0.5,250380,20865,2,0.2,26,16.1,1.7,1.1,45.2,83.2,89.3,1.3,2.2,10.9,3.2,4.4,0.2,0.2,3.4,3.8,95.5,93.2,0,22.3,7.7,22,29.2,10.6
ONYX HEALTH,385,11,1,0,0,0,0,100,0,0,4.2,3.5,3.6,4.6,3.6,3.3,1,34.4,43.3,0.6,5,0.5,45604,4145.8,0,0,27.4,6.6,1.4,1.2,59.1,97.4,98.5,2.3,0.7,6.6,1.2,4.1,0,0.3,8.8,9,100,99.7,0,6.6,6.1,4.9,10.3,10.1
INSPIRED HEALTHCARE MANAGEMENT,286,6,1,0,1,0,0,100,0,0,1.5,2,2.3,1.2,3.5,3.1,0.3,44.8,31.7,0,5,0.8,359072,59845.3,2,0.3,28.1,15.9,3.1,4.9,49.9,65.5,78.4,4.1,4.3,22.2,2.5,5.8,3.5,1.6,27.8,25.8,92.4,85,0,24.7,4.2,0.5,19.7,11.8
BEAR MOUNTAIN HEALTHCARE,70,6,1,0,0,0,0,100,0,0,2.7,2.7,2.7,3.3,3.5,3.2,0.5,28,27.3,0.8,6,1,164447,27407.8,0,0,24,9.1,1.6,2,39,71,55.6,2.1,1.5,25.4,2,4.9,0.7,0.9,12.6,15.1,92.3,90.4,0,10.7,5.6,2.3,20.3,10.6
SSM HEALTH,486,2,2,0,0,0,0,0,100,0,3,3,3,3.5,4.1,3.7,0.7,54.1,66.7,2,0,0,0,0,0,0,24.3,9.3,0.2,1.5,49,75.2,80.6,2,1.7,8.9,2.9,6.9,2.1,1.3,17.2,12.7,97.4,89.3,0,15.9,2.8,1.5,19.9,9.3
CROWN HEALTHCARE GROUP,173,9,1,0,0,1,11.1,100,0,0,2.3,2.6,1.1,4.4,3.1,2.9,0.5,51.9,61.7,0.9,4,0.4,334577,37175.2,2,0.2,25.4,12,1.4,3.3,57.9,74,88.9,1.6,2.1,12.8,1.7,3.2,0.4,0.1,5.4,3.9,86.9,96.6,0,22,7.2,57.5,28.3,10.6
CURA,865,9,1,0,0,2,22.2,11.1,88.9,0,2.7,2.9,3.7,1.9,4.6,4.1,1.2,71.4,75.6,,3,0.3,52051,5783.4,3,0.3,23.4,20.4,2.3,2.6,49.1,74.6,95.6,1.7,3.5,14.5,3.8,6.4,4.3,2.9,22.7,17.3,90.8,99.5,0,27.1,5,3.2,15.1,10
ETHICA HEALTH,834,50,1,0,0,3,6,2,98,0,3.5,3.6,3.1,2.8,3.5,3,0.5,43.5,31.5,0.3,18,0.4,269774,5395.5,2,0,23.5,10,2.9,3.5,37.3,81.4,82.7,1.9,1.5,23.7,3.7,5.9,2.9,0.9,15,15.5,98,95.6,0,14,6,2.2,23.7,10.7
THE ALDEN NETWORK,504,27,2,0,0,5,18.5,100,0,0,2.9,3,2.1,3.6,3.4,3,0.8,40,38.5,0.8,52,1.9,2463405,91237.2,13,0.5,28.3,13.5,2.1,2.2,68.5,61.9,54.5,2,1.7,15.4,2.1,4.3,1.7,0.5,9,8.1,90.5,87.1,0,23.2,5.4,23.6,15.3,10.4
TWIN RIVERS HEALTH & REHABILITATION,532,12,1,0,0,0,0,25,66.7,8.3,3.9,4,2.6,3.7,3.7,3.3,0.5,48.8,40.8,0.2,0,0,0,0,0,0,20.8,11.1,2.6,3.3,59.7,94.3,97.1,1.8,1.7,15.5,4.3,4.7,3.2,0.5,10.2,12.9,96.9,98.8,0,20.2,6.7,15.8,34.1,10.6
COLEV GESTETNER,689,7,4,0,0,0,0,100,0,0,4.4,3.9,3.3,4.1,3.9,3.6,0.6,40.7,31.3,0.7,4,0.6,45480,6497.1,0,0,25,8.2,1.1,1.3,72.4,82.9,77.3,2.4,1.5,10.1,2.1,5,0.5,0.4,5.2,5.4,99.1,89.8,0,17.5,5.2,19.6,14.9,11
CEDAR VIEW HOLDINGS,888,9,2,0,1,1,11.1,100,0,0,1.3,1.4,2,2.8,3.3,3.1,0.5,59,63.4,0.8,9,1,438262,48695.8,7,0.8,21.9,11.4,2.4,2.4,53,66.5,57.7,1.8,2,21.4,5,4.7,1.7,0.5,19.4,17.6,90.3,77.2,0.2,27.5,6.1,8.8,22.1,10
SOUTHERN ADMINISTRATIVE SERVICES,480,35,1,0,0,1,2.9,100,0,0,3.9,3.3,3.9,4.7,4.1,3.6,0.5,42.1,31.3,0.2,16,0.5,276162,7890.3,3,0.1,21.2,11.9,0.6,3.2,73.2,75.9,83.4,1.7,2,5.1,4.3,4.2,0.3,0.1,6.6,6.5,97.2,95.7,0,11.8,3.5,1,22.5,11
THE SPRINGS ARKANSAS,516,26,1,0,0,1,3.8,100,0,0,3.5,3.3,3,3.8,3.8,3.3,0.4,53.3,57,0.6,8,0.3,122053,4694.3,0,0,22.6,10.7,1.1,4.3,57.9,81.1,88,1.7,1.6,12.7,3.2,4.4,0.1,0.2,6.7,6.6,95.3,96.5,0.1,12.1,4,1.4,21.9,11.2
PRATAP PODDATOORI,847,6,1,0,0,0,0,100,0,0,3.5,3.2,3.8,4.2,4,3.8,0.6,46.9,39.9,0.3,19,3.2,132187,22031.2,2,0.3,22.8,16.4,0.4,0,59.3,88.2,90.6,2.2,2.7,5.2,1.4,6.3,0.5,1.3,10.2,8.2,95.1,96.6,0,11,4.9,0.9,6.1,10.4
BONAMOUR HEALTH GROUP,576,5,1,0,0,1,20,100,0,0,2.2,1.8,4,3.4,3.9,3.5,0.9,41.8,26.9,1,3,0.6,69471,13894.2,1,0.2,20.4,13.9,1.1,1.7,49.9,78,90.9,1.6,1.2,17.6,4,8.4,1.1,1.1,13.9,14.1,99.2,95.4,0,26.1,6,2.7,23.1,10.9
ALTERCARE,26,22,1,0,0,1,4.5,100,0,0,3.2,2.6,2.3,4.8,3.7,3.2,0.7,52.6,42.6,0.5,9,0.4,658475,29930.7,3,0.1,23.1,12.8,0.7,1,60.2,70.2,64.1,1.7,1.6,6.2,3.4,3.2,0.7,0,3.6,2.8,92.6,89,0,20.7,5.8,23.5,28.7,11.1
MICHAEL SLYK,789,7,1,0,0,0,0,100,0,0,2.7,2.9,1.3,4.4,3.4,3.1,0.6,53.7,57.2,1.4,5,0.7,198139,28305.6,0,0,27.8,13,0.2,0.5,43.4,83.3,85.3,1.6,1.8,6.4,4.6,2.9,0,0,10.2,8.7,98.5,94.9,0,25.2,5.5,80.9,28.5,10.9
TRANSITIONS HEALTHCARE,627,6,1,0,0,0,0,100,0,0,2.8,2.7,3,3.2,3.7,3.4,0.6,46.3,41.9,0.2,4,0.7,401246,66874.3,0,0,23,10.9,1,1.4,43.8,61.2,79.8,1.4,1.2,24,3.4,6.1,1.4,0.9,24,19.4,93.4,93.8,0,22,6.8,1.3,21.2,10.5
TOUCHSTONE COMMUNITIES,521,25,1,0,0,0,0,80,0,20,2.9,3,1.7,4,3.3,2.8,0.4,47.5,43.1,0.5,34,1.4,696390,27855.6,2,0.1,25.6,12.8,0.6,1.8,50.4,80.4,89.8,2.3,1.8,5.8,2.8,2.7,0.1,0.1,8.8,12.1,96,95.9,0,10.1,1.4,1.1,12.7,11.2
FRONTLINE MANAGEMENT,230,9,2,0,0,1,11.1,100,0,0,3.2,3.2,3.2,2.8,3.5,3.1,0.8,45.8,51.6,0.2,6,0.7,230185,25576.1,1,0.1,17.3,14.8,1.1,1.7,41.2,63.6,78,1.6,2,18,5.1,3.5,3.3,0.4,28.4,23.9,96.4,92.2,0,24.3,5.2,7.6,13.5,10.1
HILLSTONE HEALTHCARE,271,12,1,0,1,1,8.3,100,0,0,3.3,2.9,1.8,4.8,3.3,2.9,0.6,47.5,44.7,0.8,2,0.2,236704,19725.3,3,0.3,,,,,,66.5,57.2,1.7,1.7,7.6,3.3,2.1,0.5,0.1,7.3,5.1,96.2,89.4,0,18.2,4.1,40,41.5,12
STERLING HEALTHCARE,859,5,1,0,0,0,0,20,80,0,3.2,2.8,3.6,3.2,4.6,3.9,0.9,52.7,53.1,0.8,1,0.2,10839,2167.8,0,0,25.1,20.7,0,3.6,40.8,85.2,81.5,2,2.5,18,1.5,2.8,0.4,0.3,18.9,12,98.3,92.1,0,21.4,6.7,8.7,27.5,9.8
EMBASSY HEALTHCARE,199,35,2,0,3,3,8.6,100,0,0,2.4,2.1,1.8,4.4,3.4,3.1,0.5,47.6,49.5,0.7,40,1.1,1954592,55845.5,12,0.3,22.1,9.6,1.9,2.3,53.3,67.1,59,1.3,1.3,17.7,2.9,4.8,0.7,0.3,7.4,7.1,92.4,88.7,0.4,23.8,6.4,14.2,26.2,11.1
ARBORS AT OHIO,41,16,1,0,0,4,25,100,0,0,2.6,2.2,2.9,4.2,3.9,3.3,0.7,47.9,44.9,0.5,17,1.1,607852,37990.8,6,0.4,24.2,12.3,1.3,1.7,44.2,69.4,69.9,1.9,1.9,9.5,3,3.6,0.5,0.1,4.6,3.4,95.9,93.5,0,19.9,6.1,4.1,32.7,10.8
AKIKO IKE,582,6,2,0,0,0,0,100,0,0,3.2,2.7,4.4,4.2,4,3.6,0.8,31.4,37.3,0.5,2,0.3,103148,17191.3,1,0.2,20.1,7.9,1.9,1.4,56.5,79.5,82,2,1,20.1,3.1,3.5,0.7,0.8,11.3,13.9,97.7,95.7,0,27.6,5.6,2.5,18.4,11.2
VENTURA SERVICES,860,15,1,0,0,0,0,100,0,0,3.3,2.7,3.6,4.4,3.6,3.3,0.8,32,37.4,0.5,16,1.1,293337,19555.8,1,0.1,26.4,8.2,2.5,1.4,63.5,99.6,99.9,2.3,0.9,14.4,1.8,4,0,0.1,3.8,4.7,100,100,0,3,4.8,1.2,17.8,10.3
CAREONE,109,37,4,0,0,1,2.7,100,0,0,3.4,2.9,3.2,4.4,3.8,3.4,0.7,28.1,33.1,0.8,21,0.6,537353,14523.1,0,0,24.7,9.6,1.2,2.1,66.9,76.2,76.5,1.7,0.9,18.5,2.6,7.4,0.9,0.9,11.2,12,93.5,88.6,0,19.7,5.4,13.6,18.1,11.5
AXIOM HEALTHCARE,746,7,1,0,1,4,57.1,100,0,0,1.4,2,1.3,1.4,3.3,2.8,0.5,52.7,40.6,0.3,21,3,1492463,213209,12,1.7,24.6,14.5,3.5,4.6,38.4,51.3,59.5,2.4,3.5,24.8,5.7,8.2,0.9,0.4,24,24.7,89.4,84.1,0.2,23.7,6.9,27.9,24.8,11.3
SLP OPERATIONS,730,8,2,0,0,1,12.5,100,0,0,2.1,2.5,1.1,3.6,2.9,2.6,0.3,58,82.5,0.7,11,1.4,551392,68924,6,0.8,20.1,7.8,6.6,3.8,58.4,99,81,2.3,2.3,12.6,3.2,5.4,0.8,0,18,16.3,97.2,95.6,0,11.1,3.1,1.3,17.5,11.4
ADVENA LIVING COMMUNITIES,832,6,1,0,1,1,16.7,100,0,0,1.5,1.7,2,1.7,3,2.6,0.4,65.2,77.2,1.6,8,1.3,311860,51976.7,1,0.2,,,,,,45.7,70.6,2.1,1.9,31.7,3.4,5.1,3.3,1.8,21.1,27.3,96.1,82.9,0,18.8,3.7,3.4,33.4,11.1
ASTON HEALTH,800,38,1,0,0,1,2.6,100,0,0,2.6,2.4,2.2,4.1,3.5,3.2,0.5,55.8,65.1,1.2,26,0.7,561103,14765.9,0,0,24.2,8.4,1.4,1.8,44.6,90.5,91.1,1.7,0.9,14,2.8,5,0,0.1,9.1,8.6,99.9,95.9,0,17.8,8,1.1,17.6,11.2
WISSATI IRREVOCABLE TRUST,861,5,1,0,0,1,20,100,0,0,2,2.8,1.4,2.2,2.7,2.1,0.7,37.3,38.4,0.4,3,0.6,350672,70134.4,2,0.4,35.9,15.5,13.1,0,13.1,82.4,73.1,3.1,2.3,66.9,2.6,3.5,0.3,0.6,6.7,5.1,97.9,86.5,0,4.8,6.1,94.2,15.3,9.9
THE GOODMAN GROUP,508,10,5,0,0,0,0,80,20,0,3.1,2.6,3.8,4,4.2,3.7,1,49.5,43.5,0.4,9,0.9,125372,12537.2,1,0.1,23.7,11.1,1,2,63.5,89.2,96.3,1.6,2,15.1,1.5,5.1,0.9,1.1,18.7,14,96.5,98.7,0,21.1,6.2,5,16.2,10.1
FRONT PORCH,229,9,1,0,0,0,0,0,100,0,4.8,4.2,4.9,4.8,5.4,4.7,1.1,20.2,22.6,0.5,1,0.1,8176,908.4,0,0,22.3,10.3,0.3,1.1,68.9,93.2,94.9,1.9,1.3,11,0.8,3.6,1,1,17.9,10.5,96.1,99.2,0.4,20.7,5.3,0.2,5.3,9.9
BAYSHIRE SENIOR COMMUNITIES,682,7,1,0,0,0,0,100,0,0,3.7,3.3,2.9,4.1,4.5,4.2,0.6,37,40.1,0.3,35,5,279357,39908.1,1,0.1,25.4,11.6,0.6,0.8,64.9,95.7,97.2,1.8,3,25.7,1.8,3.6,0.7,0.5,19.8,9,96.8,96.1,0,10.8,3.2,8.4,24,11.4
LORIEN HEALTH SERVICES,324,8,1,0,0,0,0,100,0,0,3.8,3.6,3.8,2.6,4.2,3.8,0.9,50.8,47.3,0.5,2,0.3,81442,10180.3,0,0,23.1,11,1.5,3.8,48.2,82.7,88.3,1.4,1.2,12.9,2.8,7.2,5.1,1.5,39.7,24.8,97.2,96.6,0,23.4,6.7,4.8,12.6,11.8
EPIC HEALTHCARE MANAGEMENT,207,5,1,0,0,0,0,100,0,0,3.6,2.8,2.4,4.8,3.1,2.8,0.5,27.8,21.8,0.2,2,0.4,19984,3996.8,0,0,19,8.3,0.4,1.4,52.3,83.3,74.9,1.8,1,13,2.8,4.1,0.1,0.1,9.7,10.8,97.8,94.8,0,19.6,5.1,19.4,15.7,10.8
MILLENNIUM HEALTH SYSTEMS,351,4,2,0,0,1,25,100,0,0,4.3,3,4.3,4.5,5.1,4.6,1.3,23.4,30.3,0,1,0.3,33579,8394.8,0,0,23.2,7,0.5,1.6,23.6,98.2,99.3,2.6,0.9,6,1.2,4,0.6,0.4,15.6,16.1,100,99.9,0.2,15.2,5.9,1.7,28.1,11.4
ALARIS HEALTH,20,8,1,0,0,0,0,100,0,0,3.1,2.8,2.6,4.4,3.9,3.6,0.8,51.9,57.2,0.8,4,0.5,214845,26855.6,0,0,23.8,5.3,1.4,2.5,54.4,84.6,86.5,2.3,1,9.9,1.5,10.2,1.1,1,10,11.9,97.6,95,0,8.5,4.8,3.7,17.5,11.3
STONEGATE SENIOR LIVING,495,24,2,0,3,1,4.2,70.8,29.2,0,2.4,2.3,2.2,3.8,3.4,3,0.4,54.4,52.6,0.3,29,1.2,1106837,46118.2,2,0.1,26.2,12.6,0.7,1.7,48.4,85.7,84.3,2.1,2.1,9.2,3.9,4.9,0.3,0.4,7.6,7.4,98.6,95.9,0,8.7,1.7,1.1,17.7,11.4
IGNITE MEDICAL RESORTS,279,24,6,0,1,0,0,95.8,4.2,0,2.6,2.4,1.9,4.3,3.8,3.5,0.7,56.3,45.4,0.6,29,1.3,610734,26553.7,4,0.2,25.4,12.1,0.8,1.7,71.2,73.3,81.6,1.7,1.5,11.6,2.8,6.8,2.7,1.1,13.1,11,88.3,87.2,0,22.5,4.5,30.5,21.3,11.8
DIOCESAN HEALTH FACILITIES,184,5,1,0,0,0,0,0,100,0,3.6,3.2,4.6,2.6,3.9,3.7,0.8,28.6,32.2,0,5,1,222580,44516,0,0,21.9,11,1.3,2,44,71.9,75,1.7,1.3,21.4,4.2,4,3.3,1.9,17.2,21.5,95,93.7,0.3,19.6,6.7,2.4,15,11
PUREHEALTH,586,8,2,0,0,2,25,100,0,0,3.3,2.8,3.4,4.6,4.1,3.6,0.8,48.9,53,0.4,6,0.8,220232,27529,2,0.3,27.1,9.3,0.7,1.4,62.2,91.2,94.2,3,1,4,3.2,6.3,0.9,0.6,13.3,10.5,99.6,98.7,0,17.5,6.3,2.1,18.9,10.8
ESSENTIA HEALTH,813,6,1,0,0,0,0,0,100,0,4.3,3.5,5,3.3,4.8,4,1.5,35.9,21,0.2,4,0.7,89606,14934.3,0,0,29.1,10.9,1,3.8,75.4,86.9,92,1.4,2.1,17.1,3.8,4.6,1.2,0.6,18.8,17.4,95.7,98.8,0,20.3,2.7,1.3,11.8,9.8
CHAMPION CARE,134,22,3,1,4,2,9.1,100,0,0,2.2,2.2,2.3,3,3.5,3.1,0.6,55.7,48.3,0.6,19,0.9,1404611,63846,5,0.2,23.7,12.5,2.2,3.3,44.4,63,73.9,1.9,2.5,19.7,2.7,5.7,1.2,0.9,14.9,11.9,83.4,83.3,0.1,18.8,6.6,16.6,26.8,10.8
MB HEALTHCARE,341,12,2,0,0,0,0,100,0,0,3.5,2.9,2.9,4.6,3.6,3.2,0.6,44.5,43,0.4,2,0.2,56965,4747.1,0,0,25.3,8.5,0.8,1.9,62.7,86.6,87.3,1.9,1.1,12,2.1,4.5,0.2,0.4,6.2,5.7,99.3,96.8,0,17.8,3.3,7.7,21.6,10.4
FAMILY OF CARING HEALTHCARE,220,8,1,0,0,0,0,100,0,0,3.8,3.4,3.5,4.3,4,3.7,0.9,34.9,25.3,0.4,3,0.4,39336,4917,0,0,24.9,9.1,1.2,1.6,63.2,91.4,98.8,1.5,0.7,15.7,2.6,5.3,1.3,1.2,15,11,97.6,99.3,0,17.4,6,8.3,15.4,10.1
THE CARPENTER HEALTH NETWORK,890,5,2,0,0,0,0,80,0,0,2.6,3.4,1.4,2.4,3.5,3.1,0.1,53.9,100,0.5,1,0.2,44090,8818,2,0.4,27.5,11.5,2.6,1.5,46.7,55.2,60.3,2.1,1.9,15,1.3,11.6,2.6,4.2,24.2,19.7,97,91,1.4,8.9,2.8,1.7,26.2,11
COMMONSPIRIT HEALTH,151,19,10,0,2,2,10.5,15.8,84.2,0,2.8,2.8,3,3.6,4.7,4.2,1.2,44.9,48.9,0.9,16,0.8,1170135,61586.1,9,0.5,26.2,12,1.7,2.4,61.1,72.4,77.4,2,2,13.8,3.1,6.1,0.9,1.1,14,13.1,92.9,91.2,0.6,17.5,6.5,24,20.8,11.1
AUTUMN LAKE HEALTHCARE,56,60,5,0,0,6,10,100,0,0,2.9,2.5,2.4,4.3,3.6,3.3,0.5,44.7,39.7,0.2,53,0.9,1113839,18564,1,0,23.1,10.1,1.1,2.4,73.7,88.3,90.9,1.6,1.3,14.9,1.9,5.1,0.7,0.2,17.2,18,98.4,98.4,0,24.8,5.7,26.4,17,11.6
TANABELL HEALTH SERVICES,884,5,2,0,0,1,20,100,0,0,3.2,3,2.2,4.2,4,3.4,0.8,65.9,64.1,0,1,0.2,11297,2259.4,0,0,20.7,13.7,0.6,0.9,64,91.1,95.6,1.5,1.6,11.8,3.2,3.3,1.3,2.4,24.3,12.4,95.4,97.4,0,22.8,4,13.3,15.6,9.5
OHIO LIVING COMMUNITIES,383,11,1,0,0,0,0,9.1,90.9,0,4.4,3.5,4,4.9,4.5,4,1,41.7,33.8,0.2,2,0.2,49553,4504.8,0,0,25.3,13.2,0.4,1.4,65.6,85.9,79,1.6,1.2,7.6,3.1,2.2,0.8,0.2,8.2,7.1,88.9,92.8,0,17.6,5.5,8.4,21.8,11
CORYELL COUNTY MEMORIAL HOSPITAL AUTHORITY,163,9,1,0,0,1,11.1,88.9,0,11.1,2.8,2.9,2.1,3.4,3.2,2.9,0.3,47.7,56,0.3,10,1.1,370029,41114.3,1,0.1,27.2,24,3.7,5,48.2,94.8,94.9,2.2,2.5,16.4,3.5,3.9,0.9,0.2,12.5,15.7,97.5,99.1,0,17.5,3.1,4.8,23.4,10.8
BRIAR HILL MANAGEMENT,89,6,1,0,0,0,0,100,0,0,3.2,2.8,4.5,1.8,4.1,3.5,0.8,46.3,36.7,0,7,1.2,114017,19002.8,1,0.2,30.5,18.2,1.5,2.6,64.7,90.7,92.8,3.1,3,23.6,2.7,7.8,1.2,1.6,23.2,23.9,97.4,93.5,0,25.3,6.1,1.3,21.7,11
UPMC SENIOR COMMUNITIES,537,8,1,0,0,2,25,25,75,0,3,2.6,3.6,3.9,5.3,4.7,1.9,49.1,42.2,0.3,4,0.5,86964,10870.5,0,0,23.1,8.9,0.6,3.7,57.2,81.6,85.2,1.1,1.7,13.7,4.3,4.8,1,0,17.5,14.7,97.9,92.6,0,26.1,6.5,7.1,17.2,11
ATIED ASSOCIATES,53,12,3,0,0,4,33.3,100,0,0,2.25,2.6,1.8,3.2,3.3,2.8,0.6,42.2,38.5,0.2,16,1.3,820869,68405.8,9,0.8,24.2,11,1.3,2,32.5,66,70.8,2.4,2.2,27.3,3,6.2,1.2,1.7,13.9,10.1,95.5,89.4,0,14.3,5.6,66.3,17.6,11.3
ATLAS HEALTHCARE,598,29,4,0,0,0,0,96.6,3.4,0,3.6,3.1,2.3,4.4,3.7,3.3,0.6,47.4,46.8,0.5,26,0.9,1611845,55580.9,1,0,24,9.4,0.8,2.1,61.5,77.5,75,1.6,1.2,13.1,3.3,4.1,0.6,0.2,8.8,8.1,95.1,88.6,0,24.5,4.5,25.7,19.3,10.7
SAPPHIRE CARE GROUP,590,8,1,0,0,1,12.5,100,0,0,2.6,1.9,2.1,4.6,3.4,3,0.6,37.8,38.3,0.7,3,0.4,142730,17841.3,0,0,16.7,7,0.9,2.1,72.9,85.4,89.5,1.4,0.7,13,2.3,6,0.7,0.1,10.8,12.3,96.9,96.5,0,23,6.1,45.9,13.7,9.9
DALLAS COUNTY HOSPITAL DISTRICT,844,5,1,0,1,2,40,40,0,60,3,2.2,2.8,4.6,3.7,3.2,0.6,50.5,56.1,0,12,2.4,235647,47129.4,0,0,22.2,12.3,0.5,0.8,66.8,93.1,92.1,1.8,1.6,4.3,1.6,2.4,0.1,0.1,19.9,15.4,99.2,99.1,0,11,2.1,1.6,16.8,12.2
OPTALIS HEALTH & REHABILITATION,601,37,2,0,1,10,27,100,0,0,2.3,1.9,2.4,4.3,3.6,3.2,0.6,53.7,50.4,0.5,40,1.1,2053062,55488.2,16,0.4,26.5,9.7,1,2.1,69.6,85.2,92.3,1.9,1.3,12.3,2.6,6.1,1.1,0.6,10.8,8.4,96.4,97.7,0,22.3,6.2,16,18.2,10.9
LECOM SENIOR LIVING,876,6,1,0,0,0,0,0,100,0,3.8,3.7,3.3,3.3,3.9,3.4,0.8,51.5,39.8,1.5,5,0.8,141064,23510.7,0,0,26.6,11.1,1.4,4,63.9,50.9,48.9,1.7,1.3,21.4,2.3,6.1,1.1,0.5,16.9,13.7,77.8,70.9,0.2,29.4,7.2,5.3,22.5,10.5
BJC HEALTHCARE,783,4,2,0,0,0,0,0,100,0,4.3,4.3,3.5,2.8,4.7,4.1,0.8,48.2,58.3,0,1,0.3,15626,3906.5,0,0,28.8,15.2,0.7,2.8,57.7,63.5,58.8,2.7,2.1,12.3,4.6,6.6,0,0,32.5,39.3,,90.5,0,29.1,4.3,3.9,19.8,11.2
PHOENIX HEALTHCARE,401,6,1,0,0,1,16.7,100,0,0,2.7,2.7,2.8,3.3,3.8,3.7,0.4,52.5,33.3,3.5,5,0.8,50467,8411.2,1,0.2,22.6,17.3,1.7,1.5,56.3,67.3,62.9,2.1,2.5,22.6,4.9,3.9,2.1,0.8,14.4,15,87,86.3,0,19.3,6.6,1.9,16.7,10.7
SIGNATURE HEALTHCARE,474,68,6,0,0,3,4.4,97.1,0,2.9,3.1,2.9,2.8,3.9,3.7,3.1,0.8,45.5,40,0.7,35,0.5,1138342,16740.3,5,0.1,23.7,12.7,1.2,1.9,58.3,83.1,85.4,1.8,2.1,14.2,3.2,5.1,0.8,0.3,11.6,11,94.3,89.2,0,18.6,6.3,23.8,28.2,12
HUNTSVILLE HOSPITAL HEALTH SYSTEM,610,3,2,0,1,1,33.3,0,66.7,33.3,3.3,2.7,3.7,4.3,4.1,3.4,0.8,37.4,50,0.3,1,0.3,238745,79581.7,0,0,21.6,7.4,0.5,1,63.2,93.2,86.4,1.8,2.5,12.2,5.9,4.8,1.5,1.1,16.1,14.6,95.6,92.1,0,21.2,6.9,1.3,23.5,12.1
"BVHC, LLC",82,12,1,0,0,1,8.3,100,0,0,3.3,3.1,3.4,3.8,4.2,3.8,0.6,38,39.7,0,8,0.7,113724,9477,3,0.3,28.3,15.2,1,1,50.5,98.7,99,2.1,2.1,10.4,2.1,4.8,1.7,0.5,8.5,6.9,99.4,99.9,0.4,7.7,5.1,0.4,12.5,10.5
DAVID MARX,179,10,1,0,0,1,10,100,0,0,2.9,2.7,1.9,3.6,3.4,2.9,0.7,51.9,44.6,0.5,7,0.7,205440,20544,3,0.3,31.4,13.3,1.7,2.1,36.2,77.4,80.2,2.2,2.2,6.4,3.6,3.8,1,0.1,4.2,4.7,97.3,95.4,0,21.4,7.8,34.1,23.9,10.8
ELDER SERVICES,195,6,1,0,2,1,16.7,100,0,0,2.2,2.3,3.2,2.3,4,3.6,0.4,46.3,56.9,0.4,8,1.3,617931,102988.5,0,0,25.5,11.7,1.5,4.8,34.7,70.7,66.5,2.2,1.7,41.3,4.1,4.2,3.2,1.5,20.3,28.2,97.3,91.1,1.5,21.3,6.6,6.3,23.8,10.2
CENTERS HEALTH CARE,127,37,3,0,2,5,13.5,100,0,0,2.3,2.2,2.1,3.9,3.4,3,0.5,49.6,47.8,0.4,11,0.3,497822,13454.6,0,0,22.8,13,0.5,2.1,62.5,86.2,86.6,1.8,1.9,11.5,2,6.4,0.7,0.2,10.1,11.5,95.3,97.2,0,17.9,5.9,29.6,12.7,10.3
SABA HEALTHCARE,777,11,1,0,2,6,54.5,100,0,0,1.7,1.7,1.6,2.8,2.6,2.2,0.4,40.6,31.9,0.3,42,3.8,3125606,284146,14,1.3,39.5,12.2,3.2,0.6,30.6,41.3,43.8,2.5,2.4,22,1.7,5.6,0.2,0.1,7.1,8.7,85.6,83.6,0,12,1.3,93.9,14.8,10.4
WECARE CENTERS,705,13,2,1,3,2,15.4,100,0,0,1.9,2,1.9,3.6,3.2,2.9,0.6,53.3,58.1,0.7,9,0.7,640489,49268.4,2,0.2,20.9,12.5,1.2,2.7,64.9,63.2,60.2,1.7,1.6,18.5,3.2,6.3,0.7,0.7,14.3,15.5,91.7,81.4,0,25.7,8,10.6,19.8,10.9
ASCENSION LIVING,48,16,8,0,0,2,12.5,18.8,81.3,0,2.9,2.4,3.6,3.4,4.2,3.7,0.9,52.6,49.8,0.5,24,1.5,1060744,66296.5,12,0.8,22.3,13.5,0.6,3.3,60.8,79,84,1.8,1.6,11.1,4.2,4.6,1.1,0.2,20.2,18.9,97,93.3,0,21.3,5.7,7.7,16.5,10.8
EMPIRE CARE CENTERS,202,19,1,0,1,2,10.5,94.7,0,5.3,1.9,2.2,1.4,3.1,3.2,2.8,0.4,53.3,53.1,1.2,20,1.1,608895,32047.1,4,0.2,26,9.8,1.8,3,56.2,74.4,76,2.1,1.4,11,2.8,5.6,1.3,0.6,20.1,19,89.4,79,0,24.2,7.5,3.2,13.9,12.1
ARCHCARE,43,7,1,0,0,1,14.3,14.3,85.7,0,4,3.1,3.4,5,3.3,3,0.9,34.2,40.5,0.3,0,0,0,0,0,0,17.5,6.1,1.2,0.3,81.3,76.3,76,1.6,1,9.2,2.2,3.4,0.7,0.2,8.7,9.5,94.8,90.2,0,17.3,4.2,21.4,13.9,10.4
JAMES & JUDY LINCOLN,290,56,2,2,0,10,17.9,100,0,0,2.4,2.8,2.2,2.4,3.1,2.8,0.4,56.8,47.6,0.5,31,0.6,1455239,25986.4,12,0.2,24.6,13.4,2.6,3.3,49.7,72.2,70.2,2,1.9,29.3,4.5,4.2,2.8,1.3,18,19.1,96,86.4,0.1,16.8,3.7,6,30.6,10.9
GENESIS HEALTHCARE,237,185,18,4,14,25,13.5,100,0,0,2.4,2.3,2.5,3.5,3.5,3.1,0.7,45.9,44.9,0.8,190,1,7901461,42710.6,30,0.2,22,10.7,1.3,3.3,49.3,76.4,80.5,1.6,1.5,14.4,3.2,5.6,1.3,0.5,18.7,17.3,95.4,94.8,0.1,23,5.7,14.4,18.2,10.8
AMERICAN SENIOR COMMUNITIES,33,92,1,0,0,4,4.3,47.8,20.7,31.5,3.9,3.4,2.3,4.7,3.5,3,0.6,43.9,35.8,0.3,10,0.1,229761,2497.4,2,0,21.7,9.5,0.8,1.7,49,87.1,87.1,1.5,1.3,8.9,3.4,3.3,0.7,0.1,6.1,5.7,97.5,95,0.1,19.7,3.8,31.3,22.8,10.7
SPRINGPOINT SENIOR LIVING,485,8,2,0,0,0,0,0,100,0,3.8,3,4.6,4.3,4.6,4.3,1.2,41.7,41.7,0.5,3,0.4,370451,46306.4,0,0,23.1,7.1,0.5,2.4,55.3,87.2,86.9,2.6,1.2,10,2.2,3.5,2.6,1.1,19.7,17.6,99.2,98.3,0,12.6,5.7,4.9,16.5,10.6
CIVITA CARE CENTERS,683,6,1,0,0,5,83.3,100,0,0,2.2,2,3,2.7,3.5,3.1,0.6,35.3,45.3,1.5,6,1,143781,23963.5,0,0,28.5,9.3,3.4,2,49.6,65.5,68.7,2.4,2.1,24.3,2.5,4.2,1.7,1,18.6,19.8,87.3,76.8,0,16.8,7.9,29.7,16.3,11.1
STERN CONSULTANTS,661,23,3,0,0,2,8.7,100,0,0,2.6,2.4,2.1,3.9,3.6,3.1,0.6,46.9,51.8,0.5,25,1.1,1252528,54457.7,8,0.3,22.3,13.8,0.9,1.6,50.7,76.5,77.7,2,2.2,15.4,3,3.5,1,0.2,10.2,10.3,95.9,91.5,0.1,22.4,9,33.1,23.1,11.2
IHS MANAGEMENT CONSULTANTS,280,5,1,0,1,1,20,100,0,0,2.6,2.6,2.2,2.2,3.2,3,0.3,68.6,71.8,1.4,4,0.8,66056,13211.2,2,0.4,15.1,5,5.3,0,50,45.9,62.9,1.9,2.8,26.8,4.8,3,7.6,2.8,20.5,18.9,91.7,83.8,0,18.6,3.8,1.2,27.7,10.8
"HEALTHPEAK PROPERTIES, INC.",261,15,6,0,0,1,6.7,100,0,0,3.4,3,4.3,3.9,4.7,4.2,1.1,45.9,46.4,0.5,11,0.7,141043,9402.9,0,0,26.5,9.9,1.1,1.5,53.8,90.9,93.6,1.9,1.2,8.1,2.8,5.5,1.6,0.9,21,14.5,98.7,96.4,0,22.8,5,2.3,14.8,11.3
VANTAGE CARE,669,9,1,0,0,0,0,100,0,0,2.1,2.4,2.6,2.2,3.5,3.1,0.4,40,44.2,1.2,6,0.7,132879,14764.3,1,0.1,28,12.3,1.7,2.4,46.1,70.4,69.4,2.2,1.7,21.5,3.9,5.1,1.8,0.9,16.8,17.4,96.5,92.9,0.1,24.2,5.5,4.1,21.1,11.6
METHODIST RETIREMENT COMMUNITIES,822,6,1,0,0,0,0,0,100,0,4.7,4.3,4.5,4.2,4.6,4,0.7,37.2,30.6,0.5,3,0.5,62686,10447.7,0,0,31.4,11.1,1,3.3,69.8,85.8,87.2,2.1,1.8,7.9,3.6,3.4,1.3,0.4,21.4,16,99.4,97,0,21.7,11.5,1,13.2,10.3
603 HEALTHCARE,826,7,2,0,0,0,0,100,0,0,3.1,3.1,3.6,3,4,3.5,1.1,41.4,34.6,0.3,4,0.6,58370,8338.6,0,0,26.8,14,1.7,3.1,52.4,86.5,86.5,1.7,2.1,17.3,4.4,3.8,1.1,1,16.7,21,96.8,98.5,0.1,20.8,5.5,34.2,17.7,10.9
UPSTATE SERVICES GROUP,538,17,1,1,0,2,11.8,100,0,0,2,2.1,2.6,2.8,3.3,2.8,0.5,50.6,40.6,0.1,12,0.7,782630,46037.1,2,0.1,23.9,13.7,1.1,3.8,52.1,75,75.3,1.8,2.1,21.1,4.4,6.5,0.8,0.7,10.3,12,95.8,91,0.1,23.5,5.4,5,15.5,10.5
ARBOR CARE CENTERS,40,6,1,0,0,0,0,83.3,0,16.7,2,2.5,1.7,2.5,3.3,2.9,0.4,57.6,80.9,1,0,0,0,0,1,0.2,12.9,4.7,0,8.4,48.8,54.5,57.7,1.8,1.7,23.2,4.8,5.5,3.4,2.1,22.1,20.4,91.3,87.3,0,25,6.1,1,20.8,11
LITTLE SISTERS OF THE POOR,319,5,5,0,0,0,0,0,100,0,5,4.2,4.8,3.6,5.8,5.5,1.5,30,32.1,0,1,0.2,9272,1854.4,1,0.2,,,,,,,33.3,2.1,1.3,7.1,5.4,3.9,2,1,15.3,18.2,100,96.3,0.2,25.9,5.1,4.1,14.5,
MAJESTIC CARE,331,35,3,0,1,4,11.4,88.6,2.9,8.6,2.4,2.2,1.6,4.5,3.3,2.9,0.5,49.4,44,0.8,22,0.6,898917,25683.3,10,0.3,22.6,9.8,1.1,2.4,43.4,62.4,65.9,1.6,1.5,9.9,3.9,3.6,0.3,0.2,6,4.5,92.8,90.8,0,23.9,6.2,39.8,25.5,10.6
CITIZENS MEMORIAL HEALTH CARE,148,6,1,0,0,0,0,0,100,0,3.2,3.8,2.8,1.7,3.3,2.9,0.6,46.8,37,0.2,0,0,0,0,0,0,26.2,15,2.4,5.4,49,92.6,94.3,2.1,3,20,4.6,3,3.4,0,27.7,25.4,98,97.9,0,17.2,3.5,5.4,26.4,10.9
VI LIVING,548,10,6,0,0,0,0,100,0,0,4.8,4.3,5,4.6,5.6,4.9,1.7,28.7,21.7,0.1,0,0,0,0,0,0,24.8,10.9,0.9,1.6,60.2,93.8,91.4,1.6,1.2,11.6,1.7,2.2,1.4,0.5,11.9,13.4,98.2,96.9,0,15.9,4.9,1,11.6,9.8
KALESTA HEALTHCARE GROUP,297,18,3,0,3,2,11.1,100,0,0,2.4,2.1,2.7,4.2,4,3.6,0.6,48,50.3,1.1,25,1.4,671289,37293.8,4,0.2,20.9,14.9,1.8,2,62.8,83.9,88.6,1.7,1.9,10.4,1.7,4.4,1.5,0.8,11.5,10.3,95.7,93.3,0.3,16.7,4.6,9.2,16.3,11
NAHS,362,12,1,0,0,1,8.3,100,0,0,4,3.2,3.3,4.8,4.5,4,0.5,36,40.3,0.1,2,0.2,110170,9180.8,1,0.1,22.4,9.2,0.7,0.4,63.8,90,97.2,1.8,1.4,5.1,1.2,3.3,1,0.1,8.5,9,95.1,99,0,11.8,4.2,5.9,8.2,10.7
BEST CARE SERVICES,583,10,2,0,0,0,0,100,0,0,2.4,2.5,3,2.4,3.5,3.2,0.6,37.7,47.2,0.2,7,0.7,504165,50416.5,1,0.1,25,13.7,1.5,2.6,41.8,71.6,77.2,2,1.8,15,4.5,4.4,1.2,0.7,21.3,24.1,91.1,92.2,0.1,26.5,3.8,8,19.1,10.6
MATHER SENIOR LIVING COMMUNITIES,877,2,2,0,0,0,0,50,50,0,4.5,4.5,3,4.5,5.4,4.9,1.3,23,22.9,0,1,0.5,8018,4009,0,0,7.9,3.5,0,3.7,48.4,97,93.2,1.9,1.4,14.4,4.7,5.6,1.5,1.4,17.9,30.3,100,99.6,0,18.6,2.1,5.9,19,9.7
FOCUSED POST ACUTE CARE PARTNERS,224,25,1,0,2,8,32,88,0,12,1.9,2.1,1.2,4,3,2.6,0.3,49.7,52,0.7,43,1.7,1840773,73630.9,6,0.2,25.7,13.1,1.4,1,53.9,83.7,87.9,1.7,1.9,13,3.2,5.3,0.9,0.2,9.5,15.1,98.9,99.2,0,9.5,2.8,0.6,18.6,10.6
STERLING CARE,492,6,1,0,0,1,16.7,100,0,0,4.2,3.5,2,4.8,3.7,3.3,0.6,48.5,47.6,0.3,2,0.3,14230,2371.7,0,0,19.4,8.2,0.7,1.5,62.2,76.7,72.2,1.2,0.9,6.8,0.7,3.6,0.7,0,11.3,12.2,98.9,94.5,0,31.9,3.7,26.9,11.2,13.6
GREENBRIER SENIOR LIVING,872,2,2,0,0,0,0,50,50,0,4.5,4,4.5,3.5,4.6,3.9,0.6,35.6,50,0,0,0,0,0,0,0,29.6,8.7,1.5,0,51.8,82,98.1,2.2,0.8,10.9,4.2,7.4,0.8,0.5,26.8,23.9,98,99.2,0,26.8,7.1,1.1,31.6,12
HIGHBRIDGE HEALTHCARE,269,6,3,0,1,3,50,100,0,0,2.3,2.3,2.2,3.7,3.6,3.2,0.5,43.2,53.2,0.7,7,1.2,431562,71927,1,0.2,23.9,11.6,2.7,3.1,72.9,65.9,69.5,2.4,2.3,18,1.9,5,1,0.2,10.2,10.8,90.3,86.2,0,22.8,5.9,45.1,14.5,11.1
MISSION HEALTH COMMUNITIES,354,33,5,0,1,4,12.1,100,0,0,2.6,2.7,2.8,2.8,3.5,3.1,0.6,48.1,39.2,0.5,28,0.8,577565,17502,4,0.1,22.4,11.5,2.8,4,48.3,70,74.3,1.9,2,26.1,3.3,5.3,3.7,1.2,18.5,16.8,97,95.6,0,20.2,5,8.7,26.7,10.8
BEAVER VALLEY HOSPITAL,747,5,1,0,0,1,20,40,0,60,2.2,1.8,1.6,4.6,2.7,2.4,0.6,62.5,48.8,0.8,7,1.4,201734,40346.8,1,0.2,15.3,9.4,0,5.2,46.7,89.5,95.9,1.7,2,13.8,1.9,4,1,0.1,10.5,9.2,100,99.9,0,18.8,1.1,11.5,16.2,9.9
ABRAHAM BAK & MENACHEM GASTWIRTH,4,18,1,0,0,2,11.1,94.4,0,5.6,2.6,2.4,3.3,3.6,4.5,4,0.5,35.3,31.4,0.5,12,0.7,321353,17852.9,3,0.2,24,9.2,4.4,1.1,61,97.8,96.8,2.9,1.4,16.6,1.6,5.4,1.4,0.4,8.6,14.5,99.7,99.6,0,10.1,4.8,18.5,15,11.3
CLEAR CHOICE HEALTHCARE,149,9,2,0,0,0,0,100,0,0,3.8,3.3,3.7,3.9,4.1,3.5,0.6,45,52.2,1.2,9,1,156238,17359.8,0,0,26.1,9.2,1.5,1.1,54.6,95.7,99.1,2,1.3,8,2.4,4.3,0.8,0.6,13.3,12.3,99.8,99.8,0,12.7,5.1,2.3,18.1,12.3
CARE & REHAB,673,6,2,0,0,0,0,100,0,0,3.3,3.3,4.5,2.5,4.3,3.8,1.1,34.1,32.7,0.3,1,0.2,157729,26288.2,2,0.3,25.4,27.2,0.3,6.3,45.6,81.6,84.7,1.1,2.7,14,2,5.9,2.1,3,21.9,20.5,97.8,98.3,0,24.8,3.3,5.1,10.7,9.6
CORPORATE INTERFACE SERVICES,863,41,1,0,1,5,12.2,95.1,2.4,2.4,2.6,2.5,2.5,3.9,4.2,3.9,0.4,35.1,75,,51,1.2,1450927,35388.5,14,0.3,23.4,12.4,2.2,0.7,58.2,93.1,93.8,2.5,1.6,10.6,1.8,4,1.1,0.5,9.9,12.1,97.9,98.5,0,9.7,3.9,13.6,13,10.4
FRANCISCAN COMMUNITIES,227,6,3,0,0,0,0,0,100,0,4,2.8,4.5,4.2,4.8,4.4,1.3,41.2,30.5,0.2,12,2,595322,99220.3,1,0.2,25.8,12,0.6,3.6,52.5,89.5,96.5,1.7,1.3,12,2.5,4.3,0.4,0.2,10.8,6.7,98.2,99.4,0,24.4,5.3,3.2,17.5,10.9
RIVERSIDE HEALTH SYSTEM,453,6,1,0,0,0,0,0,100,0,3.3,3.2,3.2,3.7,3.7,3.3,0.8,45.4,33.7,0.6,2,0.3,82273,13712.2,1,0.2,19.3,13.3,1.3,3.5,54.2,87.5,93.6,1.4,1.6,14.3,3.1,6.6,2.2,1.3,15.2,12.6,97,98.4,0,22.7,4.6,1.3,15.8,10.6
NORTH SHORE HEALTHCARE,377,59,4,0,1,2,3.4,100,0,0,2.7,2.8,3.4,2.5,3.6,3.2,0.9,41.5,39.5,0.6,41,0.7,1572870,26658.8,6,0.1,24.9,15.2,1.8,2.5,48.9,79.1,81.2,1.9,2.1,17.2,3.7,4.9,2.5,2.4,23.4,18.7,95.7,95.5,0.2,26.9,4.5,5.1,16.1,10.5
IMMANUEL,281,3,2,0,0,0,0,0,100,0,4.7,3.3,5,4.7,5.2,4.8,1.5,35.3,16.9,0,0,0,0,0,0,0,18.9,10.6,1.6,0.7,63.6,75.7,84.2,1.6,1.1,11.8,3.1,2.4,1,0.8,22.7,16.5,97.9,93.8,0,33.3,5,1.1,19.8,10
AMBASSADOR HEALTH,28,4,2,0,0,0,0,100,0,0,4,3.8,3.8,3.8,5,4.4,1.1,36.9,26.5,0,0,0,0,0,0,0,21.9,11.6,2.9,0.9,59.7,86.2,90.8,2,2,16.5,3.9,2.3,2.5,0.5,13.1,12.2,95.7,89.5,0.7,19.3,2,2.8,24.8,10.3
ENGAGE HEALTHCARE,755,5,1,1,0,2,40,100,0,0,1.5,1.3,2,3.3,3.3,3.1,0.5,49.1,50.6,1,4,0.8,426517,85303.4,2,0.4,18.8,7.2,1.5,2.8,61.7,28.7,35,1.5,1.3,10.6,2.5,8.4,1.8,0.4,24.2,24.8,73,61.4,0,25.2,4.1,37.8,13.1,10.6
PRIME HEALTH CARE ENTERPRISES,419,5,1,0,0,0,0,100,0,0,4,3.8,4,2.4,4.3,3.7,0.6,38.7,26.8,0,1,0.2,4558,911.6,0,0,31.6,19.9,1.3,0.8,18.6,68.2,76.8,1.7,3.4,26,3.3,5.4,1.5,1.5,10.6,12.6,97.8,91,0.1,8.8,5.2,0.5,20.5,11.1
PEACH HEALTH GROUP,604,5,1,0,1,2,40,100,0,0,1.6,1.8,1.8,1.6,3.3,2.9,0.2,46.2,34.7,0.6,6,1.2,287757,57551.4,1,0.2,25.4,16.4,10.1,2.5,41.1,47.5,41.1,2.5,2,22.4,3,5.8,2.3,2.1,16.5,20.9,86.2,67.7,0.5,15.6,5.4,26.2,24.6,10.5
FOURSQUARE HEALTHCARE,226,10,1,0,0,0,0,40,0,60,3.6,4.3,1.2,3.6,3.2,2.7,0.4,47.1,36.4,0.3,4,0.4,107993,10799.3,0,0,29.3,10.1,1.1,2.2,63.6,93.8,99,2.2,1.5,8.7,4,4.6,1.4,0.7,15,12,99.6,99.9,0,19.1,2.6,37.3,28.4,11
C. ROSS MANAGEMENT,95,8,1,0,1,2,25,100,0,0,1.9,2.5,1.1,2.4,3.2,2.8,0.3,39.8,51.3,0.3,7,0.9,279541,34942.6,1,0.1,23.4,14,5.5,1.8,36.7,65.8,70.2,2.7,3.8,36.3,4.6,3.6,4.2,0.7,20.2,16.9,95.7,92.2,0.1,17.5,6.8,36,30,14.5
PLAINVIEW HEALTHCARE PARTNERS,657,11,3,1,1,3,27.3,100,0,0,2.1,2.1,2.2,2.9,3.5,3.3,0.5,53.5,54.9,0.8,12,1.1,580451,52768.3,4,0.4,25.6,13.7,2,5.5,44.7,76.3,74.9,2,2.3,13.5,3.3,4.4,0.8,0.6,16.5,14.9,94.5,90.5,0,15.6,6.3,6.7,22.8,11.5
ASBURY COMMUNITIES,47,7,3,0,0,1,14.3,28.6,71.4,0,4.4,4,3.9,4.4,3.9,3.6,0.8,35.7,28.5,0.7,6,0.9,40324,5760.6,0,0,21.4,8.4,1.7,1.8,54.5,95.3,90.4,1.4,0.8,15.2,4.1,2.9,1.1,0.1,14,11.3,99.5,93,0,23.6,3.9,5.6,24.1,10.4
EVERTRUE,785,5,1,0,0,0,0,20,80,0,5,4.6,4.8,4.4,4.8,4.3,0.9,34.3,39.2,0.5,1,0.2,41347,8269.4,0,0,18.2,4.8,1,2.3,59,87.5,82.9,1.4,1.1,12.9,3.7,4.4,2.9,0.8,20.3,16.8,98.1,97.2,0,18.2,6.6,4.1,15.7,10.6
OAKBEND MEDICAL CENTER,579,5,1,0,0,0,0,60,0,40,3.2,3.4,1.8,3.8,3.1,2.7,0.4,49,28.9,0,7,1.4,162280,32456,0,0,22.7,14.8,2,2,60.8,88.8,85.1,1.9,2.5,8.5,3.8,8.3,1.3,0,11.2,14.6,99.6,99.3,0,12.4,6.2,0.8,15.5,11
SPYGLASS HEALTHCARE,703,9,1,0,0,3,33.3,100,0,0,3.1,2.7,2.9,4.7,4.1,3.8,0.6,34.4,41.3,1.5,7,0.8,143068,15896.4,0,0,20.7,13.8,1.9,1.4,78,94.1,97.8,1.5,1.9,12.6,1,3.3,0.4,0,4.8,2.7,99,99.2,0,8.8,3.2,5.8,10.1,10.4
SIMCHA HYMAN & NAFTALI ZANZIPER,580,84,6,0,4,6,7.1,100,0,0,2.5,2.7,2.2,3.3,3.4,3,0.5,50.5,51.1,0.6,74,0.9,2963532,35280.1,8,0.1,24.3,12.6,1.4,3.6,49.3,78.1,75.4,2,1.8,12.2,3.3,5.7,1.3,0.3,13.8,11.7,95.1,91.2,0,17.6,6.8,6.2,22.4,11.3
EVERGREEN HEALTHCARE GROUP,846,44,6,1,3,10,22.7,100,0,0,2.5,2.4,3.3,3,3.9,3.4,0.7,50.7,49.6,0.4,83,1.9,2156851,49019.3,1,0,19.8,16.5,1.7,2.5,45.6,71.8,73.7,1.7,2.3,18.6,3.4,4.4,1.8,1,20.5,16.7,91.5,92.4,0,22.7,5.9,6.7,16.3,10.2
JOURNEY HEALTHCARE,766,36,4,1,1,1,2.8,100,0,0,1.9,2.3,1.4,2.7,3.2,2.8,0.4,53,60.5,0.6,37,1,1022726,28409.1,5,0.1,23.7,13.1,3.1,3.3,51.5,67.9,63.8,2.2,1.9,21.4,2.9,5,1.1,0.5,17.4,17.3,94.2,88,0,18.8,5.3,35.8,22.5,10.7
VRC MANAGEMENT,555,5,1,0,0,0,0,100,0,0,4.8,4,2.2,5,3.7,3.3,0.7,53.9,38.9,0.4,0,0,0,0,0,0,23.7,7.7,0.2,0.3,47.4,86.9,80.7,1.4,1.3,4.3,3.2,4.3,0,0.1,6.7,4.4,98.2,93,0,21.2,2.1,3.7,20,11.1
THE WELLBRIDGE GROUP,517,8,1,0,0,1,12.5,100,0,0,3.1,2.8,3.9,4.4,3.9,3.5,0.7,50.9,40.6,0.1,5,0.6,309381,38672.6,0,0,29.9,10.8,0.7,0.9,64,86.3,90.8,2.4,1.7,11.6,4.7,2.4,2.1,0.1,8.4,7.8,99.6,99,0,5,4.5,1.2,18.1,11.3
GOOD SAMARITAN SOCIETY,726,91,9,1,4,7,7.7,3.3,95.6,1.1,3,2.8,4,2.8,3.7,3.2,0.9,42.8,37.2,0.5,81,0.9,2237184,24584.4,6,0.1,20.8,12.7,1.5,2.3,52,73.1,79.5,1.6,2.1,18.1,4.6,4.7,2.4,1.9,21.2,20,96.8,96.8,0.2,25.4,5.4,3.4,16.5,10.2
NURSING CARE MANAGEMENT OF AMERICA,379,5,2,0,0,0,0,100,0,0,3.4,2.8,2.8,4.8,3.8,3.4,0.6,37.1,28.2,0.4,4,0.8,43883,8776.6,1,0.2,21,12.9,0.1,0.5,60.8,84.7,84.5,1.9,1.4,8,4.1,3.1,0.2,0.2,3.7,4.4,98,97,0,25,4.5,24.5,22.9,10.3
BRIDGES HEALTH,91,34,1,0,0,1,2.9,100,0,0,3.6,3.5,3.4,3,3.6,3.3,0.4,52.2,44,0.3,17,0.5,248228,7300.8,1,0,30,20.2,1.6,4.3,48.6,88.3,94.9,2.3,3.3,12.8,6,5.8,1,0.5,9.6,6.5,97.7,98.9,0.1,18.9,2.1,0.9,21.7,10.6
LIONSTONE CARE,611,24,1,0,1,1,4.2,100,0,0,2.5,2.4,1.7,4.4,3.3,3,0.6,56.6,54.9,0.9,31,1.3,779114,32463.1,4,0.2,22.9,13.8,0.7,2,53.4,55.8,67.2,2.1,2.4,10.3,3.4,2.4,0.1,0.1,3.8,3.7,88.5,83.7,0,22.8,7.3,49.4,24.5,10.9
EVA CARE GROUP,213,9,1,1,0,1,11.1,100,0,0,3.4,2.6,4.4,4,4.4,4,0.8,37,37.1,0.6,10,1.1,559066,62118.4,4,0.4,22.8,11.1,0.7,1.1,46.2,99.3,99.1,2.4,1.4,9.2,0.7,4.9,2.4,0.9,14,11.2,99.8,99.9,0,7.8,4.1,0,12,10.9
NEURORESTORATIVE,367,5,3,0,1,1,20,100,0,0,3.8,3.4,3.2,4.8,8,7.4,2.5,46.2,44.5,0.3,5,1,179940,35988,0,0,,,,,,63.6,84.6,1.6,1.9,8,0.3,4.5,0.5,1.6,9.4,6,90.6,92,0,7.8,4.4,1.9,34,
ATRIUM CENTERS,54,26,4,0,0,2,7.7,100,0,0,3,2.7,3.4,3.7,3.4,3,0.7,47.1,42.4,0.7,12,0.5,725682,27910.8,6,0.2,22.6,13.2,1.3,3.7,51.2,76,80.9,1.8,2.2,13,2.8,5.5,2,0.8,9.1,10.1,95.9,94.9,0,10.2,6.1,3.8,17.2,10.9
STATE OF LOUISIANA DEPARTMENT OF VETERANS AFFAIRS,488,5,1,0,0,0,0,0,0,100,4.4,5,1,2,,,,,,,0,0,0,0,0,0,34.4,8.1,2.4,5.7,33.3,,78.1,0.8,1.3,3.4,3.7,29.6,0,1.7,36,29.2,,100,0,7.2,0,0,38.5,11.7
GREENCROFT COMMUNITIES,835,5,1,0,0,0,0,0,80,20,2.6,2,3.6,4.6,4.2,3.8,0.6,36.1,41.7,1,1,0.2,15646,3129.2,2,0.4,18.4,6,1.2,2.2,63.5,65,77.7,1,0.7,10.4,4.4,3.9,1.8,0.4,24.2,26.7,84.8,84.7,0,28.7,4.1,1.8,15.5,10.9
BLUEGRASS HEALTH KY,748,15,1,0,0,0,0,100,0,0,3.1,3.3,1.6,3.5,3.9,3.4,0.5,44.9,48.1,0.5,9,0.6,211968,14131.2,0,0,21.9,14.6,1.7,3.5,63.9,87.8,97.6,1.7,1.8,20.8,3.2,4.7,0.8,0.3,12.8,11.2,97.5,99.1,0,18.2,7.1,36.4,34.9,11.4
ALLIANCE HEALTH & HUMAN SERVICES,23,8,1,0,0,0,0,12.5,87.5,0,3.8,3.8,3.4,3.5,3.8,3.4,0.7,41.3,48.4,0.4,3,0.4,64611,8076.4,0,0,27.3,11.9,1.3,2.4,55.7,90.6,91.2,1.7,1.4,16.3,4,3.3,2.7,0.7,19.3,18.3,96.8,95.3,0,13.6,2.3,3.6,15.7,11.9
STONEHENGE OF UTAH,613,5,1,0,0,0,0,80,0,20,4,3.4,3.6,4.4,3.7,3.3,1.2,50,36.9,0.6,3,0.6,26528,5305.6,0,0,17.7,15.8,0.5,2.7,62.9,94.8,97.8,1,1.5,8.4,2,6.1,1.9,0.3,33.1,20.2,96.7,99.7,0,21.5,4.2,3.8,17.4,9.5
MGM HEALTHCARE,348,31,3,0,2,3,9.7,100,0,0,2.1,2.2,1.7,3.5,3.6,3,0.4,60.4,54,0.8,31,1,1577930,50901,17,0.5,25.2,13.7,0.6,1.3,50.8,42.4,48.2,2.2,2.5,16.7,2.5,4.4,0.5,0.1,7.6,8.8,83.3,66.9,0,17.6,2.7,32.7,24.2,10.8
CADIA HEALTHCARE,96,5,1,0,1,0,0,100,0,0,2.8,2.2,3.8,4.4,4,3.6,0.8,47.1,43.3,0.4,8,1.6,189730,37946,1,0.2,24.4,10.2,0.2,2,56.7,72.4,97.4,2,1.4,7.1,3.1,3.1,0.8,0.3,12,12.9,94.1,99.8,0,16.1,4.6,2.5,27.2,10.1
ARISTACARE,45,9,2,0,0,2,22.2,100,0,0,2.8,2,2.1,4.4,3.7,3.4,0.5,43.6,53.8,0.3,6,0.7,274218,30468.7,0,0,24.4,6.3,1.9,1.9,65.3,63.6,46.2,2.2,1.1,16.9,1.8,6,0.5,0.2,4,4.4,95,68.3,0.2,17.9,4.3,13.3,19.3,11.3
"OKLAHOMA NURSING HOMES, LTD.",384,7,1,0,1,2,28.6,100,0,0,2.6,2.9,2.4,2.6,4,3.8,0.4,54.7,100,0,16,2.3,190820,27260,0,0,28,14,0.8,0.7,65.6,79.1,88.3,2.8,3.8,12.8,6.3,4,1.3,2.6,18.5,18.4,94.9,99.4,0.1,23,3.9,5.1,35,11.5
FUTURE CARE/LIFEBRIDGE HEALTH,232,18,1,0,0,1,5.6,94.4,5.6,0,3.6,3.3,3.5,4.3,4,3.5,1,41.8,34.4,0.1,6,0.3,83586,4643.7,1,0.1,20.6,9.2,1,2.7,64.3,82.8,82.4,1.4,1,10.8,1.3,7.5,1.2,0.5,24.5,15,97.5,93.8,0,21.2,5.5,11.9,10.2,11.8
ALPHA HEALTHCARE MANAGEMENT,891,5,1,0,0,1,20,100,0,0,1.6,1.4,1.6,2.6,3.5,3.3,0.5,,,,16,3.2,232579,46515.8,1,0.2,28.2,12.8,1,4,45,45,70.4,1.6,1.4,22.7,2.9,4.8,1.3,1.1,22.4,24.5,93.6,93.4,0,21.8,6.3,10.5,23.4,10.4
CYPRESS HEALTHCARE GROUP,175,13,1,0,0,2,15.4,100,0,0,3.8,2.9,4,4.8,4.3,3.9,0.6,35.6,31.8,0,4,0.3,33690,2591.5,0,0,21.4,14.7,0.8,1.4,66.9,97,98.8,2.1,1.4,7.5,1.3,3.8,0.5,0.3,8.4,5.3,98.8,99.9,0,9.2,3.2,3,9.3,10.9
REHAB SELECT,444,5,1,0,0,0,0,100,0,0,3.6,3.2,3.8,3.2,4.7,3.9,0.5,53.2,46.1,0,0,0,0,0,0,0,21.1,14.1,0.9,4.6,46.3,89.4,97.1,1.8,2.1,15.4,2.4,5.5,1.6,0.9,12.4,12.7,97,99.4,0.2,4.7,5.8,1,18.5,10.4
LUTHERAN SERVICES CAROLINAS,327,9,1,0,0,1,11.1,0,100,0,4.2,3.6,4.6,2.9,4.6,4.2,0.8,40.8,32.4,0.4,9,1,150545,16727.2,0,0,25.4,10.9,0.7,4.6,51.7,82.5,87.4,1.3,1.3,15.4,4.5,5.2,3.8,1.5,29.2,24.3,94.6,91.7,0,27.8,9.2,0.9,25.3,10
BRIA HEALTH SERVICES,88,15,1,0,3,9,60,100,0,0,1.2,1.6,1.1,2.5,3.5,3,0.5,58.7,55.9,0.7,90,6,5477548,365169.9,23,1.5,28.2,14.9,4,1.4,29.6,37.6,53.6,2.6,2.6,25,2.5,5.2,0.1,0.4,5.1,6.4,75.8,81.2,0,16.7,6,94.5,16.7,10.4
PHOENIX SENIOR LIVING,402,2,2,0,0,0,0,100,0,0,3,3,2.5,2.5,4.4,4.1,0.7,56.8,80,0,3,1.5,27834,13917,1,0.5,29.1,14.7,1.1,4.4,43.7,84.4,96.8,2.1,2,15.4,11.4,5.8,3.1,3.2,20,13.3,93.8,98.1,0,20.8,12.1,4.3,15.5,11.3
IDE MANAGEMENT GROUP,278,10,1,0,0,1,10,90,0,10,3.2,3.2,2.1,2.9,3.3,3,0.7,53,43.9,0,1,0.1,105073,10507.3,3,0.3,25.8,9,2.3,3.2,37.8,80.7,82.1,1.6,1.3,16.9,3.4,4.2,2.5,0.7,26.9,25.8,99.1,95.5,0,24.6,5.7,24.3,20.5,10.7
ABRAHAM SMILOW,808,7,1,0,0,2,28.6,100,0,0,1.4,1.4,1.9,2.9,3.4,3.2,0.6,46.7,53,0.6,5,0.7,322014,46002,0,0,21.7,11.8,1.6,2.9,38.4,50.3,64,1.4,0.9,20.4,2.7,4.2,2.7,0.8,23.7,22.9,79.2,79.3,0,26.5,6.8,12,22.8,11
EASTERN HEALTHCARE GROUP,608,18,1,0,1,5,27.8,94.4,5.6,0,1.5,1.8,1.5,3,3.3,2.8,0.4,60.4,66.8,1,25,1.4,1081824,60101.3,1,0.1,23.9,13,1.2,3.9,55.8,44.2,42.4,1.7,1.6,12.6,3.4,5.4,1.6,0.4,18.9,15.9,81.4,75.5,0,24.1,5,25.1,19.5,11.1
CENTENNIAL HEALTHCARE,750,8,1,0,0,4,50,100,0,0,2.4,2.3,1.6,4.5,3.1,2.8,0.6,44.6,38.9,0.4,9,1.1,159245,19905.6,0,0,13.8,14.5,0.3,1.4,60.8,86.1,92.8,1.2,3.2,23.9,5.3,2,0.1,0.2,7.4,6.8,96.9,98.5,1.4,17.4,3.1,50.5,21.4,10.3
EDURO HEALTHCARE,193,35,7,0,2,5,14.3,82.9,0,17.1,2.4,2.4,2.1,3.1,3.2,2.7,0.6,56.4,53.8,0.5,81,2.3,2770280,79150.9,14,0.4,24.1,12.8,1.8,3.1,46.8,81.6,84.5,2,2,14.1,3.2,5.1,1.6,0.7,16.1,15.7,95.1,95.6,0,17.6,4.8,3.2,20.4,10.1
AYDEN HEALTHCARE,63,11,1,0,0,0,0,100,0,0,2.1,1.9,1.8,4.5,3.3,3,0.5,47.2,48.3,0.5,4,0.4,252602,22963.8,1,0.1,26.9,16.9,1.1,1.4,54.7,63.6,74.7,1.9,1.9,6.8,2.5,3.1,0.3,0.1,3.7,3.5,89.1,94.6,0,20.4,6.3,23.3,29.7,11
ADAMS COUNTY MEMORIAL HOSPITAL,10,8,1,0,0,0,0,62.5,25,12.5,2.8,2.5,3.1,3.3,4,3.5,0.7,45.1,37.5,0.2,2,0.3,114339,14292.4,1,0.1,17.4,6,1.1,1.1,52.7,76.1,76.1,1.8,1.2,11.9,4.3,3.8,2.5,1.2,26.3,27.1,95.4,94.9,0,25.3,6.1,12.2,24.3,10.6
AMERICAN HEALTH FOUNDATION,31,6,2,0,0,1,16.7,0,100,0,2.5,2.3,2.7,3.2,3.5,3.2,0.6,62,41.7,0,5,0.8,353465,58910.8,0,0,22,11.6,1.6,2.5,47.2,62.9,68.9,1.6,1.3,10.6,2.8,4,1,0.4,13.8,12.2,91.1,86.4,0,22,5,8.3,20.4,10.6
GUTHRIE,873,2,2,0,0,0,0,0,100,0,2,2,4.5,2.5,4.2,3.2,0.8,25.1,33.5,0,3,1.5,286114,143057,0,0,20.2,12.6,3,2.9,51.5,90.9,96.2,2.1,2.1,20.5,2.4,6.5,1.4,0.3,20.3,20.2,95.8,99.8,0,29.2,8.1,4,17.9,10.7
BRIGHTON HEALTHCARE,848,8,2,0,2,3,37.5,100,0,0,1.5,1.8,1.9,1.6,3.3,2.9,0.6,63.8,64.3,0.5,21,2.6,743716,92964.5,2,0.3,26.7,10.9,3.4,4.9,40.8,66.7,65.3,2,1.9,30.8,5.2,4.9,1.1,1.1,25,25.7,86.2,86.7,0,22.8,6.9,9.3,27.3,10.4
GENERATIONS HEALTHCARE,236,27,2,0,0,1,3.7,100,0,0,4.2,3.7,3.7,4.6,4.2,3.8,0.6,34.9,37.1,0.5,12,0.4,378169,14006.3,1,0,23.6,13.5,0.7,0.7,61,98,98.6,2.1,1.8,20.1,1.5,2.3,0.7,0.3,6.5,5.8,100,99.8,0.1,9.7,3.5,5.9,13.4,10.5
PARADIGM SENIOR MANAGEMENT,623,8,1,0,0,0,0,100,0,0,3.4,4.4,1.1,2.3,3.4,3,0.4,55.6,35,1,2,0.3,26628,3328.5,1,0.1,36,16.7,3.2,1.9,66.7,22,22,2.4,3.7,30.9,6.6,4.9,4.4,1.2,13.7,15.1,76.1,56.5,0,7.3,12,8.8,24.1,11.3
THE PEPLINSKI GROUP,515,10,1,0,0,2,20,100,0,0,2.1,2.1,3.7,3.5,4.1,3.7,0.6,51.5,45.1,0.4,12,1.2,358237,35823.7,6,0.6,21.7,10.7,1,3.3,42,90.4,91.3,1.4,1.5,15.5,2.3,5.2,3.4,1,18,12.5,99.6,99,0,23,10,1.2,20.9,11.2
RELIABLE HEALTH CARE MANAGEMENT,728,7,1,0,0,0,0,100,0,0,3.1,3.3,2.9,2.4,3.8,3.4,0.4,36.7,25.2,0.1,3,0.4,12529,1789.9,0,0,26.9,8.6,3.5,3.4,39.6,89.8,92.6,2.3,1,19.5,4.9,4.2,3,1.5,18.5,21.3,99.3,95,0,24.4,6.8,6.2,27.7,9.8
CARMELITE SISTERS FOR THE AGED AND INFIRMED,115,3,2,0,0,0,0,0,100,0,3.7,3.7,3.7,3.3,4.4,4.1,0.8,52.7,56.1,0,1,0.3,46410,15470,0,0,27.6,12.4,0.5,3.4,50,85.4,78.8,2.1,1.4,15.8,2.5,3.8,3,1,17.7,14.3,98.2,90.1,0,21.7,7.5,7.7,13.1,10.8
GOLDEN SNF OPERATIONS,692,7,1,0,0,0,0,100,0,0,2.7,2.6,3.4,2.9,4.1,3.7,0.5,47,48.7,0.9,32,4.6,653230,93318.6,4,0.6,25.1,18,0.8,2.8,44.8,87.4,88.8,2.1,2.8,9.1,1.6,5.3,0.7,0.6,20,15.4,96.9,95.5,0,21,4.8,2.1,15.8,11.1
INGLESIDE ENGAGED LIVING,284,3,3,0,0,0,0,0,100,0,5,3.7,5,5,5.5,5.1,1.6,31.2,28.3,1,3,1,47700,15900,0,0,15.6,6.9,1.4,0.9,68.7,83.3,51.9,1.5,1.2,13,2.3,3.7,1.3,0.7,20.3,23.6,97.6,75.9,0,27.6,3.9,3.7,17.8,10.8
COMPLETE CARE,157,85,8,0,0,7,8.2,100,0,0,3.1,2.7,2.3,4.4,3.6,3.3,0.6,46.9,46.6,0.5,72,0.8,2308934,27163.9,12,0.1,23.8,9.8,1,2.4,70.8,81.4,76.4,1.8,1.1,11.9,2.3,4.5,0.8,0.4,10.9,9.7,98.6,93.3,0,22.3,4.6,28.4,18.1,10.9
"WISCONSIN ILLINOIS SENIOR HOUSING, INC.",569,7,2,0,1,0,0,0,100,0,1.9,1.9,3.1,3.4,4.5,3.9,0.8,63,56.9,0.9,15,2.1,653885,93412.1,3,0.4,24.2,17.8,0.9,2,49.1,83.2,87.5,1.9,1.9,12.3,2.4,6.7,1.2,1.6,18.1,12.3,94.2,96,0,16,6,4,14.3,11.9
ROYAL HEALTH GROUP,457,12,2,0,0,0,0,100,0,0,3.1,3.2,2.4,3.1,3.5,3.1,0.7,48.3,53.9,0.3,9,0.8,198661,16555.1,0,0,25.9,15.1,1.3,2.8,41.9,83.8,87.7,2.2,1.9,24.6,4.3,2.6,2.5,0.4,15.7,18.2,96.4,96.9,0,23.3,4.1,29.8,19,10.9
MAPLE SPRINGS LIVING,333,3,2,0,0,0,0,100,0,0,3,2.7,4.3,3.3,5.5,5,1.6,48.1,42.1,0,3,1,54872,18290.7,1,0.3,17.9,18.5,1.5,4.1,40.1,92.9,94.9,1.3,1.3,20.7,1,10.6,5.2,2.9,17.7,9.6,100,97.9,0.1,26.7,6.1,9.7,16.4,9.4
ACCURA HEALTHCARE,8,43,4,0,0,2,4.7,100,0,0,2.3,2.3,3.1,2.8,3.5,3.1,0.6,43.8,48.4,0.5,22,0.5,519199,12074.4,9,0.2,24.4,15,2.4,1.8,56.9,73.1,84,1.7,2.5,22.1,4.4,4,3,1.1,21.4,20.8,95.9,90.4,0,27.4,5.2,3.8,21.9,10.6
MISSION POINT HEALTHCARE SERVICES,356,21,2,0,1,4,19,100,0,0,2.6,2.1,3.7,4,3.8,3.3,0.8,47.4,37.2,0.7,20,1,1443229,68725.2,16,0.8,25.2,10.8,2.4,0.7,60.9,79.2,83.6,1.9,1.5,13.5,2.8,4.8,1.5,0.4,8.5,6.9,94.5,96.3,0,16.3,5.1,4.9,20,11
VIERRA COMMUNITIES,597,3,2,0,0,1,33.3,100,0,0,2.5,2.5,3.5,4,4,3.5,0.8,41.4,45.8,1,2,0.7,66996,22332,0,0,21.2,7.4,0.8,2.5,51.2,71.6,53.2,1.5,1.5,14.1,2.6,6.3,1.3,0.2,25.4,20.1,91.5,86.1,0,28.1,5.1,15.5,10,10.4
WILSON SENIOR CARE,831,5,1,0,0,0,0,100,0,0,4.6,4.6,4,2.2,4,3.2,0.5,36.8,31.8,0.2,0,0,0,0,0,0,24.2,14.4,1.3,3.9,46.7,91.6,97.3,3.4,3.3,16.6,4.1,7,1.8,0.8,10.7,11.3,86,99.8,0,12.2,5.9,0.1,20.6,11.3
HEALTHCARE OF IOWA,260,6,1,0,0,0,0,50,50,0,3.5,3.5,3.2,3.3,3.4,2.9,0.7,50.4,39.8,0.8,4,0.7,52243,8707.2,1,0.2,28,15.5,0,12.2,65.1,89.1,88.3,1.4,1.8,11.9,4.6,10.2,2.1,1,13,17.7,97.5,94.4,0,25.8,4.1,2.6,14.6,10.9
PRINCIPLE LONG TERM CARE,423,44,3,0,0,4,9.1,100,0,0,3,2.9,2.9,3.3,3.6,3.2,0.6,48.1,41.8,1,36,0.8,1046757,23789.9,7,0.2,24.4,13.9,1.1,2.7,52.8,73.1,77.6,1.9,1.9,14.1,3.2,5.2,1.5,0.4,15.8,13.9,93.8,89.3,0,8.2,5.9,2.6,23,10.9
ATHENA HEALTHCARE SYSTEMS,52,24,3,0,2,5,20.8,100,0,0,1.6,1.7,2.3,2.5,3.1,2.8,0.5,31.7,37.3,1,38,1.6,2017826,84076.1,7,0.3,25.8,13.4,2.6,1.8,44.1,65.1,68.3,2,1.8,29.5,3.7,3.3,1.4,0.9,18,17.7,89.7,92.4,0,23.9,4.7,15.5,28,11
KR MANAGEMENT,667,5,1,0,0,0,0,100,0,0,4.2,3.2,3.2,5,4,3.6,0.8,43.5,46.4,1.5,2,0.4,38350,7670,0,0,23.7,7.4,0.7,1,61.9,97.7,99.4,1.9,0.6,3.9,2.1,2.8,0.3,0.1,5.9,3.8,100,100,0,9.4,4.8,9.2,17.3,10.5
BEDROCK HEALTHCARE,73,9,3,1,2,3,33.3,100,0,0,1.4,1.3,2.1,2.8,3.6,3.2,0.7,59.4,62.2,1.6,19,2.1,1140328,126703.1,14,1.6,26.5,12.2,1.5,1.6,51.8,64.1,67.7,2.1,2.9,23.8,2.1,7.1,2.2,2,14.6,13.2,89,87.2,0,26.7,8,6.3,19.8,11.7
VANGUARD HEALTHCARE,543,6,1,0,0,1,16.7,100,0,0,3.5,3.3,4.2,2.8,4.3,3.5,0.7,38,34,0.5,6,1,136799,22799.8,2,0.3,26.8,15.8,0.9,5.1,60.3,77.9,85.3,2.1,2.2,13.9,2.8,6.3,0.5,1.2,16.6,19.7,94.4,98.1,0,13.7,3.5,0.4,23.8,10.4
"THE CHARLY BELLO FAMILY, THE MAZE FAMILY, THE SWAIN FAMILY, & WALTER MYERS",803,18,3,0,5,7,38.9,100,0,0,1.8,1.9,2.2,3,3.1,2.8,0.6,54.4,58.9,1,39,2.2,976037,54224.3,3,0.2,18.3,15.8,1.5,2.3,59.1,78.2,79.8,1.6,2.5,22.5,3.7,4.2,1.4,0.5,16,15.8,94.9,94.7,0,17.3,4.7,14.6,15.2,10.7
ECC TRUST,820,4,3,0,0,0,0,100,0,0,3.8,3.5,3,4,3.8,3.4,0.6,45,40.5,0.3,0,0,0,0,0,0,22.2,10.9,0.3,4.3,53.4,92.9,94.4,2.2,1.4,7.6,3,2.9,1.5,0.1,18,13.8,98.8,99.6,0,20.6,7.5,3.7,33.6,10.7
RESIDENTIAL ALTERNATIVES OF ILLINOIS,450,7,2,0,0,0,0,14.3,85.7,0,2.9,3.1,3.1,2.1,4.1,3.7,0.8,41.8,36,0.1,11,1.6,337575,48225,0,0,26,19.4,1.6,4.1,54.5,77.1,81.9,1.9,3,15.5,5.9,4.4,3.2,0.8,24.3,27.1,94.6,92.8,0,21.8,5,8.5,18.1,11.2
VETTER SENIOR LIVING,547,22,2,0,0,0,0,4.5,95.5,0,4.2,3.9,4.3,3.8,4.2,3.6,0.7,32.8,23.5,0,1,0,14017,637.1,1,0,22,8.6,1.7,4.4,49.9,93.2,96.3,1.3,1.4,10.8,4,3.2,1.5,0.5,20.8,21.5,99.3,98.3,0,26.2,2.6,1.4,16.3,9.4
EDEN SENIOR CARE,192,21,3,0,1,1,4.8,100,0,0,2.6,2.5,3.1,3.3,3.8,3.4,0.9,48.5,37.4,0.4,23,1.1,962554,45835.9,2,0.1,20.9,16.4,1.7,3.4,64.7,80.7,78.6,1.5,1.8,17.1,2.9,5.2,2.6,0.6,14.7,10.2,96,95.3,0,24.7,4,7.6,17.9,10.3
SAPPHIRE HEALTH SERVICES,643,8,1,0,1,3,37.5,100,0,0,1.8,1.9,2.9,3,5.4,4.9,0.7,65.4,68,0.9,9,1.1,246111,30763.9,0,0,20.9,16.2,2,2.2,55.6,80.6,83.2,1.7,2.7,18.8,3,7.5,1.5,0.8,17.3,14.2,96.4,97.8,1,19.3,4.4,6.3,12.5,10
SOL HEALTHCARE,817,8,1,0,0,1,12.5,100,0,0,2.5,2.4,3.4,3.4,4.4,4,0.8,,,,7,0.9,65820,8227.5,1,0.1,25.4,15.5,1,2.6,56.3,94.5,96.1,2,2.3,8.8,1.9,6.7,1,0.4,11.8,8.1,98.2,99.5,0,8.8,2.8,8.4,6.5,10.6
"HEALTH CARE FACILITY MANAGEMENT, LLC",814,5,2,0,0,1,20,100,0,0,3.6,2.6,2.6,5,3.4,3.1,0.6,39.5,41,0.4,1,0.2,7443,1488.6,0,0,17.3,9.1,0.3,2.9,41.9,65,50.3,1.2,1.5,6.3,4,4.5,0.1,0,4.8,4.6,90,94.9,0,24.9,4.3,48,17.3,11.7
CREST HEALTHCARE CONSULTING,170,13,1,0,0,3,23.1,100,0,0,2,2.7,1.2,2.8,3.2,2.8,0.5,54.3,44.2,0.9,35,2.7,1973501,151807.8,12,0.9,20.2,16.4,1.9,2.3,43.5,62.7,58.1,2,3.4,12.3,4.7,4.6,1.8,0.8,14.3,12.8,86.5,80.7,0.2,27.6,9.4,70.3,25.2,11.1
PRESTIGE CARE CENTER,602,3,2,0,0,0,0,100,0,0,1.7,2,2,2.3,3.3,3.2,0.5,65.3,64.8,1.3,4,1.3,122376,40792,2,0.7,14.5,7.1,3.5,2.9,47.3,55.4,49.6,2,2.9,26.2,4.9,2.9,2.6,0,22.9,25,89.1,84.9,0,26.2,6.9,4.5,28.5,10.7
ENCORE HEALTH PARTNERS,697,12,1,0,0,0,0,100,0,0,3.4,3.3,2.1,3.6,3.6,3.2,0.7,43.9,41.7,0.5,19,1.6,183405,15283.8,2,0.2,22.8,12,1.4,4.6,51.6,85.7,96,1.6,1.4,12.7,3,4.8,1,0.4,16.9,13.8,98,97.5,0,18.2,6.8,34.8,25.1,10.8
AVAMERE,58,28,2,0,0,1,3.6,100,0,0,3.1,2.6,4.1,3.8,4.7,4.2,0.8,38.7,44.9,0.6,20,0.7,726594,25949.8,2,0.1,22.2,14.6,1,2.6,57,86.9,93.3,1.4,1.9,13.8,1.8,5.3,2,0.9,19.7,14.4,96,97.4,0,21,5.1,13.7,12,9.8
LME FAMILY HOLDINGS,321,15,4,0,0,1,6.7,100,0,0,2,2.1,2.3,2.9,3.4,3.1,0.6,54.3,51.8,0.6,18,1.2,816886,54459.1,1,0.1,22.6,11.1,1.8,2.3,43.9,58.8,53.8,2.1,1.4,17.3,2.2,4.9,1.2,0.6,14.1,15.3,93.2,80.3,0,26.4,7.4,19.2,23.8,10.4
SHIMON LEFKOWITZ,795,5,3,1,0,0,0,100,0,0,2.8,3,2.5,2.3,3.5,3.3,0.6,37,45.5,0.2,5,1,309506,61901.2,0,0,24.9,9.8,3.4,2.3,47.9,79.9,73.5,1.8,1.5,18.5,3,8.3,3.1,1.1,21.3,24.7,91.8,87.4,1.3,18.5,8.1,22.1,14.8,10.6
RURAL HEALTH DEVELOPMENT,879,9,2,0,0,0,0,0,22.2,77.8,3.8,3.6,3.7,3.6,3.9,3.3,0.7,46.8,51,0.3,1,0.1,27115,3012.8,1,0.1,22.3,11.3,4.5,0.9,55,83.3,91.4,1.4,1.9,12,5.6,3,2.6,0.9,16.5,22.5,98.6,96.6,0,24.8,5.1,6.3,19.7,10.2
AOM HEALTHCARE,37,20,1,0,3,1,5,100,0,0,2.7,2.3,1.6,4.8,3.2,2.8,0.5,60.6,63.5,0.7,15,0.8,527587,26379.4,7,0.4,24.4,17.3,1.8,2.6,65.8,79.8,85.3,1.5,2.2,8,3.4,2.8,0.2,0,2.7,3.2,96,94.9,0,18.4,4.7,39.9,29.7,11.2
PARAMOUNT CARE CENTERS,774,10,2,0,0,0,0,100,0,0,3.3,2.8,2.6,4.4,3.5,3.1,0.5,40.9,37.6,0.5,8,0.8,476469,47646.9,0,0,25.9,9.4,1.6,0.9,76.1,84,78.9,2,1,15.3,1.4,5.1,0.8,0.1,9.2,11.1,98.8,91.1,0,15.9,3.9,31.5,18.4,11.2
MONARCH HEALTHCARE MANAGEMENT,361,45,1,0,0,5,11.1,95.6,4.4,0,2.3,2.2,3.7,3,3.5,3.1,0.9,47.4,50.7,1,82,1.8,1559048,34645.5,4,0.1,24.7,17,2.2,2.5,55.4,77.5,87.1,1.8,2.3,19.5,3.3,7,1.6,1.5,15.9,13.6,96.4,97.3,0,21.8,5,5,13.1,10.2
SPRENGER HEALTH CARE SYSTEMS,484,12,2,0,0,0,0,100,0,0,3.4,3.2,2.8,4.5,3.5,3.1,0.6,48.1,44.2,0.1,4,0.3,94325,7860.4,0,0,25.2,14.4,0.6,1,42.5,86.4,89.2,1.3,1.6,5.1,2.9,3,0.3,0,3.4,3,96.6,93.8,0,23.4,6.3,6.7,29.5,10.6
RYDERS HEALTH MANAGEMENT,458,8,1,0,0,2,25,100,0,0,1.5,1.5,3,2.3,3.6,3.3,0.7,41.2,46,0.3,8,1,103149,12893.6,0,0,28.1,11.2,1.2,2.7,41.3,48.8,51.5,2.4,1.4,16.4,3,5.1,2.7,1.3,24.4,25.4,89.7,71.8,0,27.3,6,1.4,21.2,10.7
COMMUNICARE HEALTH,153,120,6,0,5,15,12.5,95.8,3.3,0.8,3.1,2.6,2.6,4.5,3.4,3.1,0.6,42.7,42.8,0.7,91,0.8,4999015,41658.5,11,0.1,23,11.6,0.6,1.4,60.8,72.5,71,1.5,1.6,10.7,3.6,3.2,0.5,0.1,10.8,9.6,96.6,95.2,0,22.7,5.1,16.2,25.2,11
HERITAGE OPERATIONS GROUP,651,9,1,0,0,3,33.3,11.1,77.8,11.1,1.9,2.6,1.8,1.6,3.2,2.9,0.6,48.6,43.2,0.3,17,1.9,1217746,135305.1,9,1,22,19.3,2.6,6.6,31,76,88.4,1.9,3.5,16,5.5,5.1,2.7,1.7,28.6,25.4,98,97.2,0.9,27.4,8,14.3,15,10.2
FIRST ATLANTIC HEALTHCARE,221,10,1,0,0,1,10,100,0,0,3.4,3,4.4,2.8,4.2,3.8,0.9,44.1,34.8,0.2,7,0.7,140746,14074.6,0,0,23.1,16.4,1.2,4.5,58.3,69.4,69.9,1.6,2.9,22.5,3.5,5.2,3,0.4,26,22.8,97.2,90.4,0,28.3,6.7,3.7,21.7,10.8
NATIONAL LUTHERAN COMMUNITIES & SERVICES,365,2,2,0,0,0,0,0,100,0,4,3.5,4.5,4,4.5,4.3,1.1,37.5,29.2,0.5,1,0.5,17345,8672.5,0,0,20.4,11.9,0.7,2.5,63.7,73.9,85.3,1.4,1.8,10.2,1.5,10.2,1.5,0.7,24.7,17.2,96.5,81.8,0,22.4,11.7,6,31.6,9.1
CERTUS HEALTHCARE,132,11,2,1,1,3,27.3,100,0,0,1.8,1.9,1.3,4.1,3.2,2.8,0.5,41.3,44,1.2,15,1.4,393134,35739.5,3,0.3,27.5,15.7,1.6,4.6,41.8,81.5,87.8,1.9,1.9,10,4.1,2.6,0.5,0.1,2.5,3.8,97.6,99.3,0,19.3,6.2,6.6,28.6,10.5
AVERA HEALTH,61,13,3,0,0,1,7.7,0,100,0,3.4,3.2,4.3,3.1,4.4,3.9,1,40.6,33.6,0.2,8,0.6,115612,8893.2,1,0.1,19.2,10.9,1.1,4.6,63.4,89.7,93,1.6,2,20.4,6.1,4.3,1.8,2.9,20.5,20.2,99.2,99.5,0,23.9,5.1,2.7,19.9,9.9
STATE OF NEW YORK COMPTROLLER'S OFFICE,489,6,1,0,0,0,0,0,0,100,4.5,4.7,4,4,5.3,4.6,1.8,34.9,38.1,0,0,0,0,0,0,0,14.3,8.4,1.9,3.8,47,90.2,87.7,1.1,1,9.5,3.5,8.3,1.8,0.7,13.1,13.2,97.5,89.5,0,20.6,6.6,2,8.2,9.4
COVENANT LIVING,168,15,10,0,0,1,6.7,0,100,0,4.4,4.1,4.1,3.6,4.2,3.8,1,34,24.9,0.4,3,0.2,71683,4778.9,1,0.1,23.6,11.9,1,2.7,53.7,88.3,95,1.6,1.3,10,4.1,5.3,2.6,0.8,21.8,19.9,94.3,97.7,0,22.9,5.2,2.3,10.7,10.6
CRESTPARK,722,6,1,0,0,0,0,100,0,0,3.3,3.2,4,3.2,4.2,3.7,0.6,29,39.3,0.3,3,0.5,35166,5861,0,0,,,,,,56.4,62.5,2.3,4.3,14.4,4.2,5.7,4,2.8,10.5,9.2,96.9,92.9,1,5.5,3.4,2.1,15.5,11.2
VIBRA HEALTHCARE,549,3,3,0,0,0,0,100,0,0,4,3.3,3.7,4.3,4.8,4.2,1.1,50.1,46.7,1,14,4.7,166780,55593.3,0,0,21.1,8.7,1.8,0.7,62.1,89.7,88.2,0.7,1.3,16.5,2.7,5.7,1.4,1.1,10.7,12.6,87,100,0,5.4,2.1,4.2,38.8,10.2
ACCELA HEALTHCARE,733,4,2,0,0,0,0,100,0,0,2,1.8,2,4.3,3.2,2.9,0.3,57.8,48.3,0.3,9,2.3,145713,36428.3,0,0,20.2,9.3,1.2,1.4,66.9,50.3,48.4,1.9,1.2,11.2,2.3,5.8,0.7,0.5,6.6,9.3,80.9,73.4,0,17.1,6.7,32.5,17.3,10.7
TREND CONSULTANTS,522,16,1,0,1,1,6.3,100,0,0,3.2,3.2,4,2,4.7,3.8,0.5,41.4,36.1,0.2,17,1.1,163870,10241.9,2,0.1,25.8,14.7,2.2,3.5,63.7,80.3,92.8,2.6,3.7,24,3.4,5.8,3.6,1.4,19.5,22.8,97.8,96.7,0.2,21,6.5,0.3,26.6,11
LIFEWORKS REHAB,768,69,5,3,5,10,14.5,100,0,0,2,2,1.6,3.8,3.4,3,0.5,54,54.6,0.6,88,1.3,4831787,70025.9,20,0.3,22.2,11.6,1.4,2.7,56.4,78.9,79.9,1.5,1.4,14.8,3.2,5.2,1.2,0.4,11.8,11.8,92.4,93.3,0,24,5.5,43.7,19.2,11.2
IVY HEALTHCARE GROUP,828,4,3,0,1,0,0,100,0,0,1.8,1.8,3.3,3,3.4,3.1,0.6,57.1,63.2,0.5,10,2.5,296283,74070.8,5,1.3,22.6,14.9,1.6,1.1,63.1,42.4,54.7,2.1,2.4,21.5,2.7,4.3,1.3,2.5,19.7,17,73.7,82.6,0.1,21.9,6.5,12.4,18.2,11.3
PRESTIGE ADMINISTRATIVE SERVICES,416,9,2,0,0,0,0,100,0,0,2.4,2.3,2.3,3.2,3.7,3.1,0.6,47.7,43.2,0.7,8,0.9,384899,42766.6,1,0.1,19.7,11.7,1.6,4,46.3,68.1,65.8,1.6,1.9,16.4,2.8,8.4,1.9,0.5,19.9,12.6,96.8,92.7,0.1,21.6,6.6,3.2,27,11.3
PARADIGM HEALTHCARE,620,18,2,3,0,4,22.2,94.4,0,5.6,1.8,1.8,1.5,3.7,3.2,2.9,0.4,54.3,57.7,1.4,40,2.2,1404116,78006.4,9,0.5,25.3,10.1,1.9,1.8,53.6,89.3,90.7,2.2,2.6,13.9,1.9,5.1,0.2,0,8.2,13.9,97.9,98.2,0,9.5,4.3,1.2,19.2,10.7
HAVEN HEALTHCARE,761,7,1,0,0,2,28.6,100,0,0,1.3,1.9,1,1.7,2.9,2.5,0.4,48.3,51.5,0,8,1.1,289097,41299.6,4,0.6,28.4,12.6,2.2,2.9,34.5,47.7,76.2,2.7,2.9,24.5,5.3,5.4,2.1,0.7,21.2,15.3,88.1,94,0.5,23.3,5.4,57.2,23.4,11
CAMBRIDGE HEALTHCARE SERVICES,98,32,1,1,0,1,3.1,100,0,0,2.5,2.3,3.3,4,4.1,3.7,0.5,38.4,41.7,0.2,26,0.8,1091988,34124.6,11,0.3,23.9,10.8,1.1,1.1,48.3,97.3,98.2,2.6,1.7,10.7,1.9,4.8,0.7,0.3,7.7,8.1,98.9,99.7,0.1,11.8,4.4,12.7,13.1,10.5
PRESBYTERIAN SENIOR LIVING,415,11,3,0,0,2,18.2,0,100,0,3.5,3.1,4,3.5,3.9,3.6,0.9,38.5,35.2,0.9,10,0.9,332638,30239.8,0,0,25.9,11.4,0.8,2.3,58.8,59.1,68.8,1.3,1.3,15.5,3.3,3.4,1.2,0.3,25.9,20.9,90.7,86.4,0,29.4,5.2,2.7,20.1,11.4
ELDERWOOD,196,17,3,0,0,2,11.8,100,0,0,2.5,2.6,2.1,3.2,3.1,2.7,0.7,61.6,54.6,0.6,12,0.7,718358,42256.4,1,0.1,20.1,13.4,0.9,4.6,58.2,74,76.8,1.3,1.4,15.6,6.1,9,1.2,0.5,20.3,20.5,94.6,91.5,0.1,27.5,6,7.8,15.9,11.2
SERRANO GROUP,659,11,1,0,2,4,36.4,100,0,0,2,1.5,3.3,4.3,4.2,3.8,0.5,42.7,47.7,0.5,19,1.7,796350,72395.5,14,1.3,21.7,8.7,0.9,1,55.3,90.7,91.2,2.9,1.3,7.8,0.7,4.4,1.3,0.3,8.8,9.9,96.9,98.5,0.1,14.1,4.7,11.3,12.7,10.9
"MEDICALODGES, INC.",344,19,3,0,0,4,21.1,100,0,0,2.7,2.4,3.7,2.9,4,3.5,0.6,53.7,52.6,0.2,24,1.3,607734,31986,1,0.1,26.1,15.6,2.5,2,61.6,76.8,77.5,1.7,2.5,20.5,4.8,4.2,4.4,0.7,15.9,16.9,96,90.9,0,25.6,4.7,3.7,26.9,10.7
ATRIUM HEALTH,55,6,1,0,0,0,0,16.7,83.3,0,3,3.2,1.8,3.8,3.3,2.9,0.6,44.7,49.6,0,3,0.5,21991,3665.2,0,0,22.3,10.5,0.9,2.5,48.2,90.6,89.6,1.9,1.6,7.3,2,7.9,3.2,0.6,23.1,20.2,96.5,77.2,0.2,27.5,5.1,1.9,19,10.2
NEXION HEALTH,370,53,3,1,1,6,11.3,92.5,0,7.5,2.3,2.4,2.8,2.7,3.6,3.2,0.4,43.1,43.9,0.5,75,1.4,2613097,49303.7,9,0.2,27.8,12.7,1.7,2.1,42.2,77.8,77.7,2.3,2.5,15.2,3,4,0.5,0.9,21.1,20.8,96,95,0.2,14.8,4.3,0.6,20.3,11.4
PRESBYTERIAN MANORS OF MID-AMERICA,413,14,2,0,0,0,0,0,100,0,3.9,3.6,4.4,3.3,4.5,4.1,0.9,52.4,48.8,0.3,12,0.9,166319,11879.9,4,0.3,21.6,15,1.3,3,59.8,73.6,82,1.6,1.8,9.1,5.2,3.9,3.4,1.6,21.1,23,95.9,96.5,0,29.4,6.1,2,18.5,10.3
"TRINITY MANAGEMENT, INC.",527,5,1,0,0,0,0,100,0,0,4,3.4,4.6,3.2,3.9,3.5,0.7,35.2,35.9,0.3,0,0,0,0,0,0,30.2,14.3,2.4,0,48,88,89.4,2,1.9,19.4,3,2.5,1.1,0.5,11.6,8.7,99.5,99.3,0.1,9.2,3.5,0.2,34.9,11.4
"EPISCOPAL RETIREMENT HOMES, INC.",711,3,2,0,0,0,0,0,100,0,4.7,3.7,5,4.3,5.2,4.9,1,26.3,23.3,1,1,0.3,10364,3454.7,0,0,25.4,13.8,0,0.9,47.6,88.9,91.9,1.1,0.6,20.1,8,2.2,0.5,0.1,15.3,22.5,99.4,97.5,0,20.4,6.4,11.1,20.4,10.9
EXCELSIOR CARE GROUP,217,33,3,0,0,2,6.1,100,0,0,2.5,2.3,2.3,4.2,3.3,3.1,0.6,41.3,50.7,1.1,67,2,1208680,36626.7,0,0,24.6,8.3,1.8,2.1,60.1,88.7,87.3,1.9,1,12.1,2.1,5.8,0.3,0.2,7.8,7.4,98.1,95.9,0,7.1,6.7,23.2,14.6,10.9
BUCKNER RETIREMENT SERVICES,706,5,1,0,0,0,0,0,100,0,4.4,3.4,4.4,4.4,5.1,4.7,0.8,42.7,47.5,0.8,4,0.8,89526,17905.2,0,0,21.2,9.5,0.8,2.1,73.9,98.1,99.3,2,1.2,7,3.2,6.8,2.5,0.3,17.4,7.4,100,100,0,11.3,0.8,0.3,18.5,11.5
EBENEZER SENIOR LIVING,784,6,1,0,0,0,0,16.7,83.3,0,3.7,3.2,4.2,3,5.2,4.7,2,35,39.3,1.2,4,0.7,51985,8664.2,0,0,25.7,13.5,1.6,2.3,50.6,71.7,85.9,1.2,1.1,21.2,4,7,2.5,0.5,23.8,19.5,97,98,0,26.1,3.2,6.8,10.2,9.8
MAJOR HOSPITAL,332,6,1,1,1,0,0,33.3,50,16.7,2.6,2.8,2.8,3.4,3.5,3.2,0.6,48.1,33.9,0,4,0.7,113449,18908.2,2,0.3,22.3,10.8,1.7,3.2,62.4,91.7,81.8,2.3,1.6,20.2,4.1,2.3,3.5,3,21.3,20,97.3,97,0,22.5,4.7,4.3,30.2,11
LIFESPARK,316,4,2,0,0,0,0,25,75,0,1.5,1.3,3.3,3.8,3.5,3.2,0.7,48.8,33.1,0.5,11,2.8,437417,109354.3,0,0,22.2,13.8,1.5,4,65.2,80.1,93.8,2.1,1.4,18.7,4,3.7,0.8,1.1,17.5,15.3,97.6,98.1,0,23.3,6.3,3.2,11.5,9.9
CARROLTON NURSING HOMES,749,6,1,0,0,1,16.7,100,0,0,2.2,2.3,2,2.2,3.3,2.9,0.3,42.1,45.1,0.2,4,0.7,100101,16683.5,1,0.2,21,14.7,2.4,4.9,43.7,40.1,37.2,1.9,2.3,15.5,2.3,8.9,2.3,1.1,20.7,11.9,80.3,71.6,0,18.7,7.3,1.5,25.3,10.7
LEGACY HEALTHCARE,306,89,3,1,3,7,7.9,100,0,0,3,2.9,2.5,3.3,3.4,3.2,0.7,45.5,42.1,0.3,110,1.2,3703514,41612.5,21,0.2,24.4,13.9,2.1,1.6,53.1,63.9,75.2,1.7,1.9,21.3,3,5.1,1.6,0.9,12.3,12.1,93.6,91.6,0.1,23.2,6.1,46.9,16.1,10.5
ASPIRE SENIOR LIVING,51,16,1,0,0,1,6.3,93.8,6.3,0,1.9,2.6,1.5,2.5,3.1,2.7,0.4,58.9,62.2,1.1,9,0.6,275032,17189.5,4,0.3,22.6,16,2.5,2.6,61.2,64,69.3,2.4,2.3,19,3.4,4,4.1,1,23.8,20,92.2,85.5,0,20.5,3.1,6.7,32,11.5
TRIO HEALTHCARE,528,9,1,0,0,0,0,100,0,0,1.6,1.7,1.7,2.8,3.4,3.1,0.5,54.1,61.3,0.8,8,0.9,316672,35185.8,0,0,25,11.7,2.4,2.3,46.7,75.2,70.8,1.6,2.1,13.3,3,4.4,0.9,0.6,23.7,28.8,97.4,94.7,0.1,26.9,6.2,18.9,22.5,10.8
ASCENT HEALTHCARE MANAGEMENT,799,6,1,0,0,0,0,100,0,0,2.3,2.7,2,2.8,3.2,2.9,0.4,61.4,58.7,0.8,7,1.2,232066,38677.7,0,0,22.9,8.4,1.8,6.6,42.5,67.1,59.6,1.5,1.5,18.9,3.9,6.7,3.2,0.5,9,8.9,87.3,87.1,0,23.1,9.8,2.9,32.6,10.8
THE ENSIGN GROUP,507,347,17,1,8,33,9.5,91.9,0.6,7.2,3.2,2.9,2.7,4.4,3.7,3.2,0.6,45,39.8,0.3,304,0.9,7179329,20749.5,25,0.1,22.2,10.9,1.1,1.5,65.4,88,90.8,1.8,1.4,10,2.2,3.8,0.9,0.5,14.2,12.4,95.9,96.5,0.1,19.6,4.4,10.2,18.1,10.6
CARMELITE SISTERS FOR THE AGED & INFIRM,802,9,8,0,1,2,22.2,11.1,88.9,0,2.8,2.1,3.8,3.9,4,3.6,0.7,45.1,35.9,1,8,0.9,430414,47823.8,2,0.2,24.6,12.4,1.4,1.6,47.3,92.2,88.9,1.7,1.1,13.8,2.8,3.4,1.1,0.3,13.7,11.9,98.9,98.3,0,21.9,5.4,13.6,15.3,10
PHILOSOPHY CARE CENTERS,400,3,2,0,0,1,33.3,100,0,0,3,2.7,2.7,4,3.5,3.1,0.5,33.4,28.1,0.3,2,0.7,158890,52963.3,0,0,26.7,7.2,2.4,1.8,64,55.1,57.8,2.1,1.4,14.7,1.9,6.6,0.9,0.2,5.8,8.6,94.6,87.3,0.2,8.1,5,8.1,27.2,10.4
KENDAL,653,7,4,0,0,0,0,14.3,85.7,0,4.6,3.9,4.7,3.8,5,4.4,1.4,29.8,23.8,0.6,2,0.3,22768,3252.6,0,0,18.6,8.2,2.2,2.5,56.6,90.8,90,1.3,1.5,11.9,6,3.9,1.3,2.7,18.3,25.3,99.8,96.7,0,21.9,2.6,0.8,14.4,10
MORDECHAI WEISZ,712,7,3,0,1,0,0,100,0,0,2.4,2,1.7,4.4,3.2,2.9,0.5,56.6,56.7,0.3,9,1.3,270488,38641.1,0,0,20.4,11.1,0.9,3.1,56.5,61,52.1,1.7,1.1,19.3,2.9,3.5,0.6,0.3,8.9,5.5,93.5,77.6,0,28.7,8.5,29,22.4,11.3
NORTH MISSISSIPPI HEALTH SERVICES,376,2,2,0,0,0,0,0,100,0,2.5,2,4,4,4.1,3.5,1.1,33.4,25,0.5,1,0.5,13520,6760,0,0,29.9,10.7,0,5.8,72.5,62.7,71.4,1.2,1.3,23.5,1.7,5.6,0.7,1,18.1,16,94.6,73,0,19.9,10.3,0.7,30.6,10.6
AVINA HEALTHCARE,819,9,1,0,0,1,11.1,100,0,0,2.2,2.2,1.9,3.3,3.4,2.9,0.5,45.9,44.9,0,9,1,297935,33103.9,3,0.3,22.1,20.9,0.3,2.6,48.6,74.5,86.2,1.7,2.5,13.6,3,6.6,1.8,0.4,11.8,8.2,94.2,93.1,0,20.9,5.5,7,18.9,10.1
VERITAS MANAGEMENT GROUP,545,15,5,0,0,0,0,100,0,0,4.1,3.7,3.2,4.8,4.7,4.1,1,51.3,52.6,0.2,4,0.3,60724,4048.3,0,0,20.9,9.5,0.4,0.4,64,92.1,96.8,1.3,0.4,26,1,11.3,3.6,6.6,8.8,13.8,,96.7,0,25.9,8.7,28.1,11.6,9.4
TRAYLOR PORTER HEALTHCARE,782,5,1,0,0,0,0,100,0,0,3,2,4.4,3.8,4.3,3.6,0.7,46.8,21.2,0.2,0,0,0,0,0,0,20.4,9.3,0.9,1.6,53.2,90.7,89,1.8,1.1,14.9,3.7,3.2,4,1,12.6,15.9,99.2,98.4,0.1,20.2,6.8,0.7,22.8,9.9
RECOVER-CARE HEALTHCARE,438,27,3,0,1,1,3.7,96.3,3.7,0,2.4,2.4,2.4,3.1,3.6,3.2,0.6,54.7,50.4,0.3,57,2.1,838372,31050.8,2,0.1,21.5,11.8,2.6,3.2,48.2,63.9,68.5,1.9,1.9,17.6,2.9,4.3,1.6,1.8,16.9,17.2,92.7,88.3,0.1,22.7,5.5,7,25.2,10.5
GREEN TREE HEALTH MANAGEMENT,853,7,4,0,0,2,28.6,85.7,14.3,0,2.9,2.6,2.1,4.1,3.6,3.2,0.5,48.1,38.9,0.6,7,1,151215,21602.1,1,0.1,20.8,12.4,0.9,1.9,64.5,80.6,86.2,1.4,1.4,12.7,3.3,4.6,1,0.6,17.2,20.3,96.2,95.5,0,27.8,4.6,20.2,18.5,11
PRESTIGE HEALTHCARE ADMINISTRATIVE SERVICES,418,15,3,0,0,1,6.7,100,0,0,3.2,3,2.9,4.1,3.7,3.4,0.7,43.5,41.5,0.3,18,1.2,946621,63108.1,4,0.3,23.4,9.1,0.9,1.8,65.1,72.4,65.9,1.8,1.1,18.5,2.2,3.4,0.9,0.4,8.3,8.7,97,80.6,0,24.9,4.3,30.5,20.3,11.1
SMP HEALTH,476,5,1,0,0,1,20,0,100,0,4.2,3.8,5,2.2,4.8,4.2,0.8,34.7,23,0,3,0.6,22992,4598.4,0,0,20.7,12.8,1.6,2.2,47.8,95.9,92.8,1.6,1.8,27.9,5.3,3.8,2.6,0.9,17.6,19.3,100,99.7,0,26.2,4.3,2.2,19.6,9.3
CENTURY CARE MANAGEMENT,131,7,1,0,0,0,0,100,0,0,4.1,4.3,2.9,3.4,4,3.4,0.4,40.1,39.5,0.4,2,0.3,32764,4680.6,0,0,22.9,12.2,1.1,2.1,57.6,88.5,97.3,1.7,1.8,16.1,2.5,6.7,0.8,0.7,25.7,18.9,99,97.5,0,18,8.4,5,15.7,11.9
WHITE OAK MANAGEMENT,564,11,2,0,0,1,9.1,100,0,0,2.8,2.5,3.6,3.8,3.9,3.5,0.5,42.8,39.4,0.2,11,1,312665,28424.1,1,0.1,19.1,10.8,1.5,2.9,50.3,84,90.7,1.6,1.2,14,4.4,5,1.8,0.7,15.3,16.4,92.2,94.9,0.1,17,5.6,1,19.7,9.9
MARINER HEALTH CARE,334,17,1,0,0,1,5.9,100,0,0,3.6,2.9,4.2,4.4,4.3,4,0.7,37.9,37.9,0.4,30,1.8,313840,18461.2,3,0.2,21.7,10.2,0.7,1.6,57,98.9,99.5,2.1,1.5,11.3,2.4,6.2,0.3,0.2,7.4,8.9,99.8,99.9,0.4,6.5,4.6,1.4,11.2,11.2
YAD HEALTHCARE,640,13,3,1,0,3,23.1,100,0,0,1.7,2.2,1.3,2.8,3.2,2.8,0.4,63.7,61.3,1,21,1.6,719126,55317.4,3,0.2,24.2,16.2,2.2,6,64.3,66.6,61.7,1.9,2.6,16.2,3.2,6.4,1.2,0.5,20.4,13.6,94.4,86.7,0,25.3,9.4,11.2,18.4,11.3
NORTH COUNTRY ASSOCIATES,375,9,1,0,0,0,0,77.8,22.2,0,2.6,2.4,4.3,2.4,4.5,4,0.9,48.6,42.6,0.3,2,0.2,23179,2575.4,0,0,24.7,18.6,2,3.6,58.5,70.9,70.3,1.8,3.2,19.8,3.8,3.9,1,0.5,29.4,29.9,96.1,90,0.1,28.4,3,8.6,18.7,10.3
CALDERA CARE,97,7,1,0,0,0,0,100,0,0,2.7,2.4,3.1,4.1,3.9,3.4,0.6,52.3,50.9,1.8,7,1,360734,51533.4,0,0,17.2,15.8,1.6,2.5,62.6,76.1,80.7,0.8,1.4,20.1,2.3,7.4,1.7,1.5,11.9,10.6,95.6,92.8,0,23.4,7.2,6.4,11.9,9.6
FRIENDS SERVICES FOR THE AGING,869,6,1,0,0,0,0,0,100,0,4.7,4.3,4.8,4,5,4.5,1.1,32.8,23.8,0.2,2,0.3,15461,2576.8,0,0,19.8,8.5,0.5,3.2,58.5,84.9,85.5,1.2,0.5,14.2,3.5,2.8,2.7,1.1,25.1,28.7,95.8,95.3,0,28.6,4.5,2,16.8,9.7
MILLER'S MERRY MANOR,352,14,1,0,0,1,7.1,100,0,0,3.5,3.4,3.3,3.7,3.8,3.3,0.8,49,35.5,0.5,1,0.1,10255,732.5,0,0,23.5,13.3,0.8,5.3,47.8,95.3,97.6,1.5,1.3,8.5,4.2,4.6,3.2,0.4,16.6,13.2,99,99.8,0.1,12.8,6.7,10,14.9,10.7
HERITAGE MINISTRIES,266,4,2,0,0,0,0,0,75,0,2.3,2.7,2,3,3.1,2.7,0.5,42.6,39.1,1,5,1.7,28242,9414,0,0,22.2,13.1,1.3,4.2,53.3,63.1,57.5,1.1,1.3,18,4.1,4,2.4,2.1,17.5,18.5,94.9,80.2,0,17,6,1.6,10.4,10.1
KINDRED HEALTHCARE,300,4,4,0,0,0,0,100,0,0,3,2.5,3.3,4.3,6.4,5.8,1.9,31.5,21.2,0,1,0.3,64799,16199.8,0,0,13,7.1,1.9,2.8,44.4,93.5,94,0.9,0.7,12.3,0.6,22.3,4.5,3.4,11.4,15.8,97.9,98.7,0,1.6,6.7,1.4,45.4,12.2
JAG HEALTHCARE,289,9,1,0,0,0,0,100,0,0,3.2,2.9,2.4,4.6,3.4,3,0.5,39.9,42.7,0.1,1,0.1,130240,14471.1,1,0.1,30,15.9,2.5,6.1,60.6,78.1,85.3,1.7,1.8,18.3,2.6,1.3,0.6,0.1,6.3,5.7,98.1,94.9,0.2,11.9,7,55.1,42.9,10
REHABILITATION ASSOCIATES,445,6,1,0,0,0,0,100,0,0,3.7,3,4.8,3.8,4.3,4,0.8,36,42.6,0,1,0.2,40641,6773.5,1,0.2,22.8,7.8,0.9,2.9,52.1,70.5,63.3,1.8,1.3,21.2,3.2,4.9,2.7,1.2,14.4,18.1,96.2,93.4,0,12.1,5.3,0.7,14.3,11.8
BENEDICTINE HEALTH SYSTEM,75,23,4,0,0,3,13,4.3,95.7,0,2.9,2.7,4,2.9,3.9,3.4,0.9,49.7,40.8,0.5,25,1.1,791986,34434.2,5,0.2,25.2,15.5,1.6,3.4,56.4,90.8,91.2,1.6,2,19.4,4.7,5.7,2.7,1,23,20.5,96.2,97.4,0,24.8,3.1,3.4,16.2,10.2
BRICKYARD HEALTHCARE,90,23,1,0,0,3,13,95.7,4.3,0,2.7,2.4,2.4,4,3.5,3,0.7,47.7,37.4,1,9,0.4,149513,6500.6,0,0,27.5,10.9,1.1,1.4,50.4,67.1,69.7,1.6,1.5,15.6,3.1,3.5,0.2,0.2,8.9,7.6,91.4,88.3,0,26.1,4.4,25,27.7,10.6
HELIA HEALTHCARE,263,13,2,0,0,4,30.8,100,0,0,2.3,2.7,1.3,2.7,2.9,2.7,0.4,50.4,44.1,0.4,34,2.6,1638923,126071,11,0.8,26.7,17.5,2.8,1.2,48.3,76,71.7,2.1,3.2,16.4,3.4,5,0.6,0.8,17.9,17,97.6,95.2,0.3,16.5,5,33.3,25.3,11.2
BEACON HEALTH MANAGEMENT,69,11,2,0,2,1,9.1,100,0,0,1.5,1.8,1.6,2.1,2.9,2.7,0.3,46.6,60.8,0.9,4,0.4,36617,3328.8,2,0.2,23.3,12.3,2.5,3.7,48.4,72.2,79.3,1.7,2.4,33.6,4,6.1,2,0.8,18.4,21.6,95.4,88.6,0.1,18.8,3.2,11.3,24.9,10.5
MIDWEST HEALTH,350,11,2,0,0,0,0,100,0,0,3.9,3.4,4.1,3.5,4,3.5,0.8,48.3,29,0.2,4,0.4,60403,5491.2,0,0,25.7,15.1,1.5,4,44.6,78.9,80,1.8,1.9,14.2,2.8,4.3,1.8,0.7,10.6,13.2,94.2,90.1,0,20.9,3,1.7,21.5,11.7
ERICKSON SENIOR LIVING,756,17,10,0,0,1,5.9,23.5,76.5,0,4.2,3.6,4.8,4.1,4.9,4.4,1.3,35.1,32.8,1.1,24,1.4,504302,29664.8,1,0.1,23.6,8.2,1.3,2.4,53.5,92.3,79.5,1.6,0.8,14.3,3.6,6,3.1,1,23.5,17.5,96.7,92.2,0,18.7,4,1,18.1,10.7
ABSOLUT CARE,6,5,1,0,0,0,0,100,0,0,3.2,3.4,2.6,4,3.5,2.9,0.4,47.4,42.1,0.6,1,0.2,8281,1656.2,0,0,22,6.1,1,2.5,57.3,79,79.2,1.3,1,20.3,3.3,4.5,0.5,0.5,9.2,10.7,92.8,97.1,0,13.4,6.9,3.7,20.6,11
WESTERN HOME COMMUNITIES,887,6,1,0,0,0,0,16.7,83.3,0,3.7,3.3,4.3,3.3,4.1,3.8,0.8,46.2,47.4,0,3,0.5,70962,11827,1,0.2,21,14.3,0.9,3,47.1,76.1,61.9,1.3,1.8,21.6,2.7,3.6,0.3,2.5,17.3,25.8,93.5,81.7,0.2,28.7,4,3.3,15.2,10.8
THE SHERMAN FAMILY,781,7,2,0,1,2,28.6,100,0,0,2.4,2.1,2.1,4.3,3.2,2.8,0.4,45.8,48.2,0.1,6,0.9,313364,44766.3,0,0,21.6,9.5,1.3,2.1,69.2,82.2,82.5,2.1,1.1,8.8,1.9,5.7,1,0.4,11.9,11,94.5,96.5,0,13.6,5.6,17.6,10,10.7
JONATHAN BLEIER,765,18,4,0,1,5,27.8,100,0,0,2.4,2.2,3.2,3.9,3.5,3.1,0.5,45.7,34,0.4,11,0.6,556900,30938.9,0,0,22.8,8.2,1.5,1.5,57.1,82.4,79.4,1.6,1.3,15.8,3,3.7,0.7,0.3,12.8,15.2,98.4,94.7,0,17,5.3,3.2,17.5,10.7
ADVANCED HEALTH CARE,11,26,11,0,0,1,3.8,100,0,0,4.8,4.3,4.1,4.8,5.5,4.5,1.6,46.4,43,0.7,28,1.1,262080,10080,1,0,20.6,9.5,0.2,1.5,61.5,91.2,96.4,,,,,,,,,,,,,,,,,10.3
AVANTE CENTERS,59,11,1,0,0,0,0,100,0,0,2.6,2.3,2.7,4.1,3.6,3.3,0.5,46.4,53.7,1.2,5,0.5,116227,10566.1,1,0.1,25.4,10.4,1.1,2.3,49.5,94.3,91.6,2.1,1.3,4.5,2.1,5.6,0.1,0.1,5.4,5.2,100,99.2,0,9.4,6,4.9,8.2,10.3
SUMMIT HEALTHCARE CONSULTING,796,9,1,0,0,3,33.3,100,0,0,2.7,3.2,1.3,2.9,3.1,2.7,0.4,44,51.9,0.8,9,1,410501,45611.2,1,0.1,24.2,15.8,1.3,2.9,43.9,76.9,77.5,1.9,4,13.3,4.8,5.2,0.6,0.3,9.8,7.7,96.4,97.3,0.2,26.8,6.6,61.9,18.7,11.4
RIGHTCARE HEALTH SERVICES,806,13,1,0,0,1,7.7,100,0,0,2.8,3.2,2.6,1.9,3.8,3.3,0.2,41.2,47.7,0.3,11,0.8,231299,17792.2,0,0,27.1,15.9,6.3,2.1,64.8,91.7,94.9,2.2,2.8,21.4,3.8,4.4,1.7,1.8,22.1,20.5,99.5,98,0,15,5.5,1.4,26.5,11.4
BHI SENIOR LIVING,80,9,3,0,0,0,0,0,88.9,11.1,4,3.9,3.8,4.2,4.9,4.1,1.4,43.3,29,0.3,1,0.1,20826,2314,0,0,22.1,13.7,0.5,3.8,65.2,86.1,96.2,1.5,2.1,5.1,5.6,1.7,0.3,1.2,19.7,15.3,97.4,99,0,27.9,8.6,8.2,21.1,10.3
SUNTERRA SPRINGS,499,4,2,0,0,0,0,100,0,0,3.5,2.8,3.3,4.8,4.3,3.7,1,66.2,61.4,0.5,15,3.8,125444,31361,2,0.5,28.3,10.4,0.8,1.6,77.2,80.5,95.2,,,,,,,,,,,,,,,,,10.3
HEALTH CARE MANAGEMENT GROUP,254,5,2,0,0,0,0,100,0,0,3,2.8,2.8,3.8,3.8,3.4,0.5,50.7,52.9,0.2,5,1,28517,5703.4,0,0,24.4,18.3,0.5,0.5,40.6,82.8,83.3,1.7,2,13,3.8,3.4,0.1,0.1,5.9,5.5,99.1,94.9,0,22.1,9.5,11.3,26.3,10.4
STELLAR HEALTH GROUP,694,7,2,0,0,0,0,100,0,0,2.7,2.7,2.9,2.9,4,3.5,0.8,48.9,51.8,0.7,10,1.4,625763,89394.7,0,0,25,15.3,1.6,2.5,52,75.6,89.9,1.9,1.9,18.7,5,2.9,2.4,0.6,16,18.4,93.3,97.7,0.1,23.6,6.3,24.8,13.7,10.2
CARING HEALTHCARE GROUP,113,14,1,1,0,1,7.1,64.3,7.1,28.6,3,3,1.9,3.8,3.8,3.2,0.4,51.3,49.5,0.1,20,1.4,600082,42863,0,0,24.7,15.5,1.3,2,55.3,95,94.5,2.4,2.3,10.8,1.4,2.3,0.2,0,8.7,14.1,99,99.4,0,4.2,1.7,2,15.1,11.2
DAVID JOHNSON,851,47,2,0,1,4,8.5,100,0,0,3.2,2.7,3.3,4.3,4.3,3.9,0.5,33.9,36.5,0.4,31,0.7,628261,13367.3,4,0.1,24.1,9.9,1.6,0.9,68.7,95.7,97.2,2.4,1.5,8.8,1.2,4.5,0.5,0.4,6.3,8.2,98.3,98.1,0,7.6,2.7,8.9,12.1,10.6
PREMIER HEALTHCARE OF ILLINOIS,410,3,2,0,0,0,0,100,0,0,2.3,2.3,1.7,2.7,3,2.6,0.6,46.6,45.2,0.7,6,2,183765,61255,0,0,15.4,12.9,2.2,1.6,22.6,60.3,72.9,2,2.1,31,2.7,5.3,0.1,0.4,12.2,12.3,96.2,91.2,0,24.6,5.1,85.7,28.6,10.7
STELLAR SENIOR LIVING,491,7,1,0,0,2,28.6,100,0,0,2,1.9,2.7,3.3,3.2,2.8,0.7,48.6,35.9,0.7,13,1.9,354866,50695.1,2,0.3,13.6,15.4,2.7,3.8,41.6,74.4,75.7,1,1.1,24,3.4,3.6,2.2,0.9,21,21.6,95.4,96.6,0,20.7,6.2,13.6,15.3,10
THE BLOSSOMS REHAB & NURSING CENTER,505,24,1,0,0,2,8.3,100,0,0,2.5,2.6,2.3,3,3.3,2.9,0.3,59.2,63.4,0.4,11,0.5,269793,11241.4,0,0,27.5,17.2,2.2,4,56.5,77.7,79.7,2.1,2.9,20.5,3.1,5.5,0.8,0.5,7.7,8.4,95.6,94.1,0,11.4,6.1,0.4,25.3,11.2
PRIME HEALTHCARE MANAGEMENT,421,5,1,0,1,2,40,100,0,0,1.4,2.2,1,2,3.2,2.9,0.3,67.5,68.5,1.4,2,0.4,174821,34964.2,5,1,27.5,8.3,0,12.6,59.2,68.3,64.5,2.3,2.8,21.6,5.2,4.3,2.3,1.1,22.8,24.5,84.8,82.8,0.4,13.5,6.5,7.9,28.4,11
SEKY HOLDING CO.,468,9,1,0,0,0,0,100,0,0,2.4,3,4.1,1.1,4.4,4,0.8,46,37.6,0,5,0.6,118884,13209.3,2,0.2,23.5,21.5,4.2,5.2,32.8,87,92.5,2.3,5,25.9,4.1,9.1,2.6,1.5,14.8,15.2,98.8,98.7,0,19.7,8.9,6.2,37.1,11.5
NHS MANAGEMENT,372,43,3,0,0,2,4.7,100,0,0,2.9,2.7,3.7,3.5,3.9,3.3,0.6,50.3,48.5,0.5,6,0.1,190965,4441,2,0,25.3,11.9,1.5,3,58.5,78.7,88.1,1.9,1.7,20.6,3,6.1,1.3,0.5,8.2,9,93.8,93.2,0,8.4,4.3,1.1,23.5,10.7
NORBERT BENNETT & DONALD DENZ,771,25,6,0,0,2,8,96,4,0,1.6,1.9,2.2,2.3,3.5,2.9,0.3,56.8,53,1,44,1.8,1548216,61928.6,10,0.4,27.9,13,3.1,2.5,43,69.1,81.9,2.5,2.5,25.1,2.5,6.8,1.2,0.8,15.4,14.9,89.6,91.3,0.9,13.6,4.9,1.2,23.1,10.9
WESLEYLIFE,561,10,1,0,0,0,0,20,80,0,3.9,3.3,4.4,3.7,4.3,3.9,0.9,44,50.5,0.3,5,0.5,90680,9068,0,0,19.8,11.2,1,3,60.4,81.1,85.9,1.4,1.9,13.2,6.8,5.3,2.3,0.5,17.1,19.7,97.1,97.4,0,29.5,5.8,2.2,21.1,9.7
PROGRESSIVE QUALITY CARE,427,11,1,0,0,0,0,100,0,0,2.9,2.2,1.8,4.7,3.5,3.2,0.6,55.2,34,0.3,9,0.8,209231,19021,3,0.3,24.9,15.3,0.3,2.3,75.4,67.5,79.4,1.8,1.7,8.2,3.5,4.2,0.3,0,5.2,4.3,95.6,94.4,0,21.9,5.3,52.5,22.8,11.8
SENIOR LIFESTYLE,621,2,2,0,0,0,0,100,0,0,4.5,3,5,4,4.3,4,1.5,26,14.3,0,3,1.5,81061,40530.5,0,0,19.1,10.8,1.6,5.2,51.1,86.8,86.4,1.5,1,7.3,1.3,2.2,0,4.4,25.5,18.6,91.9,98.2,0,27.8,7.1,3.2,10.1,9.4
PARAGON HEALTHNET,395,11,1,0,0,0,0,100,0,0,4.5,3.8,2.8,4.8,3.9,3.4,0.8,34.1,35.5,0.9,1,0.1,70480,6407.3,0,0,16.2,6.9,1.5,0.9,75.9,91,93.7,1.3,0.8,15.3,2.6,7.1,0.8,0.4,8.8,12,97.7,99,0.1,9.5,6,33.5,18.2,10.3
FL SNF TRUST,852,10,1,0,0,1,10,100,0,0,3.2,2.6,3.2,4.4,3.5,3.3,0.6,34.4,34,0.2,7,0.7,69189,6918.9,0,0,26.1,6.5,1.5,0.7,72.4,98.6,97.2,2.2,0.8,3.6,1.7,6.3,0.1,0,5.8,3.9,100,97.3,0,2.3,7.9,8.4,6.6,11.5
ALLURE GROUP,734,6,1,0,0,0,0,100,0,0,4,3.2,3.2,5,3.8,3.4,0.8,29.9,36.6,0.2,0,0,0,0,0,0,21.8,7.4,1.1,2.3,75.9,76.9,80.6,1.3,0.9,8.8,2,7.7,0.6,0.1,7.3,9.8,94.1,95.5,0,14.9,5.9,10.3,9.2,8.9
GREEN TREE HEALTHCARE MANAGEMENT,241,4,2,0,0,2,50,100,0,0,2,2,2.3,2.8,3.5,3.1,0.6,47.3,53.3,0.5,25,6.3,535947,133986.8,1,0.3,23,12.4,1.9,3.7,56.7,74.9,86.9,1.3,2,23.7,4.4,5.3,1.2,0.6,15.9,20.3,96.7,95.9,0.1,31.6,6.4,21.1,16.8,10.6
ALLURE HEALTHCARE SERVICES,25,15,1,0,0,6,40,100,0,0,2.5,2.9,1.7,2.6,3.7,3.5,0.6,42.1,49.3,0.6,23,1.5,1316161,87744.1,5,0.3,23.6,18.8,2.5,3.1,35.2,54.3,73.5,1.7,2.4,19.3,3.1,4.1,3.9,2.1,20,18.9,90.6,93.4,0,23.9,5.7,68.9,22.4,10.8
ARK POST ACUTE NETWORK,827,4,3,1,0,0,0,100,0,0,1.3,1.7,1.7,2.3,3.9,3.5,0.4,69.4,64.3,1.5,7,1.8,857302,214325.5,4,1,27.3,17.1,1.7,2.9,38.3,45.4,59.5,3.2,2.7,19.3,1.6,8.6,1.7,0.7,23.4,18.1,81.6,70.9,0.5,20.2,5,2.7,17,10.2
PREFERRED CARE,409,13,2,0,0,0,0,100,0,0,3.6,3.1,2.8,4.5,3.8,3.3,0.6,50.8,43.2,0.2,4,0.3,157243,12095.6,0,0,23.9,10.4,0.3,1.5,73.5,92.5,93.3,2.2,1.2,10.6,2.1,4.9,0.8,0.4,10.2,9.3,98.7,99.2,0,18.3,4.6,17.5,19.3,10.4
CROSS HEALTHCARE MANAGEMENT,751,6,1,0,0,1,16.7,83.3,16.7,0,2.8,3.3,1.5,3.8,3.3,2.9,0.4,65.7,72.8,0.3,5,0.8,73936,12322.7,0,0,26.4,13.4,0.9,2.5,56.5,91.6,99.1,2.3,1.7,7.5,2.1,4.9,0.8,0.3,10.3,8.6,91.6,99.5,0,19.4,4.5,1.3,22,11
THE ROSENBERG FAMILY,685,16,5,0,0,2,12.5,100,0,0,2.2,1.8,3.9,4,3.9,3.4,0.6,45.2,28.2,0,10,0.6,576800,36050,1,0.1,25.9,11,1.2,1.7,66.1,69.3,70.5,2.2,1.4,14.4,2.7,4.3,0.6,0.4,6.5,9.1,92.6,87.8,0,20.1,4.9,15.1,20,11.2
MAXIMUS HEALTHCARE GROUP,338,7,2,0,0,0,0,100,0,0,4.1,4.1,3,4.1,3.7,3.3,0.5,42.4,40.5,0.2,0,0,0,0,0,0,20.7,10.1,2.2,1.3,53,91.4,90.8,1.8,1.3,10.1,3.9,6.3,0.5,0.2,12.7,11.8,99.8,99.6,0,15.4,3.5,1.6,16.1,10.3
TRINITY HEALTH,525,19,8,0,0,4,21.1,5.3,94.7,0,3.3,2.9,4,3.7,4.4,3.9,1.1,40.8,37.2,0.4,1,0.1,97383,5125.4,3,0.2,23.3,12.1,0.9,3,47,93.1,94.4,1.7,1.4,14.5,3.6,4.8,2.2,1.3,14.8,12.7,95.5,97,0,21.4,4.5,0.6,17.2,10.9
BONCREST RESOURCE GROUP,86,5,4,0,1,0,0,40,60,0,2.4,2.2,3.6,3.8,3.9,3.5,0.8,49.6,51.2,0.8,3,0.6,42568,8513.6,1,0.2,22.2,10.3,0.7,1.6,51.3,64.4,70.8,1.6,0.9,13.6,5.3,3.6,1.1,0.3,22,19.4,92.8,91,0,24.8,6.3,2.9,12.7,11.3
LINKS HEALTHCARE GROUP,318,32,2,0,0,4,12.5,100,0,0,2.8,2.5,2.8,4.1,4.2,3.8,0.6,44,47.2,0.5,18,0.6,481905,15059.5,3,0.1,22.4,11.4,1.3,1.7,57.6,92,94.6,1.8,1.4,10.9,1.7,4.4,0.7,0.4,10,7.5,98.7,98,0.4,6.6,4.7,12.1,17.3,11.5
PAVILION HEALTHCARE,612,5,1,0,0,0,0,100,0,0,2.8,2.8,2,3.4,3.3,2.9,0.6,31.3,33.3,0.2,7,1.4,294617,58923.4,3,0.6,29.4,8.4,1.8,1.5,30.8,41.5,44,1.8,1.9,18.4,1,3.8,0.2,0.4,9.9,8.4,92.8,85.9,0,24.7,7,92.8,13.5,11.6
ALLIANCE HEALTH GROUP,714,12,1,0,0,2,16.7,100,0,0,1.3,1.7,1.8,2.2,3.4,3.1,0.3,52.3,50.1,0.5,23,1.9,847602,70633.5,5,0.4,25.9,13.9,3.1,4.3,48.4,61.5,61.7,1.7,1.7,17.1,2.1,6.7,1.7,0.7,26.6,20.9,82.4,84.5,0,25.4,8,5.6,25.9,10.4
NORTHWOOD HEALTHCARE GROUP,772,6,1,0,1,1,16.7,100,0,0,2.3,2.2,1.2,4.3,3.2,2.9,0.5,51.3,56.3,1,4,0.7,548521,91420.2,3,0.5,25.1,15.4,3,4.9,60.1,82.5,77.7,2.1,2.2,10.8,3.1,3.7,0.3,0.2,4,2,95.9,86.5,0,21.4,6.4,67.6,23.4,10.9
THE BEEBE FAMILY,779,49,2,0,0,2,4.1,100,0,0,2.8,3,3.3,2,3.9,3.2,0.4,47.5,32.1,0.1,37,0.8,676136,13798.7,2,0,27.9,15.2,2.3,3.5,46.3,83.1,90.8,2.6,2.7,20,3.6,6.1,3,1.3,17,17.3,96.9,94.6,0,21.4,4.9,1.1,22.5,11.3
HARBORVIEW HEALTH SYSTEMS,246,22,3,1,0,2,9.1,100,0,0,2,2.1,2.4,2.3,3.5,3.1,0.6,46.3,47.1,0.5,28,1.3,539993,24545.1,3,0.1,27.4,13.1,1.6,2.8,42,70.7,76.2,2.3,1.9,13.6,2.7,5.9,2.3,0.7,15.6,12.7,91.1,90.3,0,16.8,7,29.5,17.3,11.2
ILLUMINUS,874,5,1,0,0,0,0,20,80,0,2,1.8,3,2.2,3.5,3.2,0.8,50.7,42.1,1,8,1.6,522517,104503.4,4,0.8,22,17.3,2.2,3.5,41.1,65.7,68.5,2,2.3,17.8,4.3,5.4,3.1,2,16.6,15.9,91.8,95.9,0,26.2,5,0.1,20.6,9.6
WVU MEDICINE,571,7,2,0,0,0,0,28.6,71.4,0,4.3,4.6,3.7,3.1,5.5,4.7,2.1,33.4,31.5,0,1,0.1,21580,3082.9,0,0,22.9,8,0.9,1.4,31.2,91.3,81.2,2.8,1.4,19.9,7,3.1,2.1,2.7,26.7,25.1,99,92.7,0.2,22.1,8.9,2.4,26.4,10.7
ASPEN SKILLED HEALTHCARE,50,35,2,0,0,1,2.9,100,0,0,3.7,3.1,3.9,4.5,4.4,4,0.8,39.3,35.5,0.3,35,1,747470,21356.3,3,0.1,23.5,11.2,0.8,0.8,63.5,95.6,98.7,2.3,1.7,7.4,1.3,3.3,0.6,0.4,8.8,7.2,98.7,99.9,0.2,12.8,2.4,4.8,10,10.7
MAINE VETERANS' HOME,330,5,1,0,0,0,0,0,100,0,4.4,4,4.8,2.4,5.4,4.7,1.7,35.8,26.3,0.3,3,0.6,117018,23403.6,2,0.4,16.9,17.9,1.6,5.7,36,72.8,71.1,0.8,1.4,14.7,4.3,4.9,2.8,1.1,23.5,25.8,94.7,96.3,0,31,4.8,5.1,16.3,9.6
CAVALIER HEALTHCARE,691,4,3,0,0,0,0,100,0,0,2.5,2.8,3,2.5,3.9,3.1,0.4,50.5,58.6,1.3,10,2.5,74787,18696.8,0,0,32.4,14.8,2.9,2.5,57.7,90.4,89.8,3.1,3.4,10.8,3.2,3.5,1.8,0.5,15.4,17.5,91.8,97.6,0,15.1,4.9,0.4,21.8,11.5
MARQUIS COMPANIES,335,15,3,0,0,0,0,100,0,0,4.3,3.7,4.4,3.2,5.1,4.5,0.8,40.1,37.1,0.6,3,0.2,40443,2696.2,0,0,22.5,11.7,0.8,4.3,58.7,81.2,86.2,1.7,1.8,12.4,2.6,9.9,2.3,2.2,27.1,19.7,92.8,95.1,0.1,22.3,6.3,3.7,11.3,9.7
IL & JOAN LEE,741,4,2,0,0,1,25,100,0,0,2,2.5,2.8,2.8,4,3.6,0.5,28.3,35.5,0.3,3,0.8,62418,15604.5,0,0,11.9,4.4,2.5,1.1,72.1,41,39.8,2.9,0.9,30.6,0.7,3.1,1.5,2,13,21.2,92.3,84.2,0,8.2,2,0.1,14.6,10.5
ASCENTRIA CARE ALLIANCE,49,5,2,0,0,0,0,0,100,0,4.4,4,4.2,3.4,4.3,3.7,0.6,37.1,37.8,0.2,1,0.2,56940,11388,0,0,29.1,13.3,1.2,1.3,58.5,77.5,75.5,2.2,1.7,14.4,2.4,4.6,1.1,0.1,15.3,16.8,91.6,79.2,0.2,22.9,6.6,1.5,16.5,10.3
LIFESPACE COMMUNITIES,315,16,7,0,0,0,0,12.5,87.5,0,4.2,3.4,4.3,4.5,4.2,3.7,1.2,38.8,37.3,0.6,12,0.8,241602,15100.1,0,0,22.2,10.2,0.7,1.9,65.4,89.2,91.6,1.7,0.8,12.9,2.5,2.9,1.9,0.3,14.5,10.1,97.3,96.7,0,17.8,5.5,2.6,17.3,10.5
NEXT STEP HEALTHCARE,371,14,1,0,3,1,7.1,100,0,0,1.8,2,2.6,2.2,3.5,3.3,0.6,40.1,52.2,0.5,23,1.6,1422779,101627.1,0,0,26.2,15.6,1.9,3.2,37.1,73.1,73.5,2.5,2.2,27.3,3.8,5.4,2.2,1.1,9.7,10.3,97.8,94.4,0.3,25.1,6.7,20,20.7,11.3
ALLAIRE HEALTH SERVICES,21,20,4,2,2,5,25,100,0,0,2.6,2.3,3.1,4.3,3.9,3.4,0.6,50.6,41.8,0.4,28,1.4,2158760,107938,7,0.4,25.1,10.5,0.8,2.1,72,72.5,77.1,2.2,1.9,14.8,3.2,4.6,0.5,0.1,4.7,5.2,96.3,93.3,0.1,19.1,6.1,27.2,20.5,11.1
JUCKETTE FAMILY HOMES,295,6,1,0,0,2,33.3,100,0,0,2,2.2,2.3,2,3.4,3,0.4,56.4,0,0.5,4,0.7,389423,64903.8,3,0.5,33.2,21.3,3.9,4,51.3,98.9,93.4,2.9,3,29.1,4.5,3.3,1.7,2.5,11.8,15.7,95,99.2,0,14.4,5.3,2.8,27.8,11.6
RMG CAPITAL PARTNERS,793,9,1,1,2,3,33.3,100,0,0,2.6,2.6,2.3,3.4,3.9,3.7,0.3,39.1,60.7,,18,2,286012,31779.1,3,0.3,24.2,14.3,1.6,1.8,45.3,94.4,98.1,2.4,1.8,16.1,1.7,3.1,1.1,0.9,8.2,11,98.7,99.7,0,10.1,6.4,0.3,18.9,11.3
NEW YORK CITY HEALTH + HOSPITALS,368,5,1,0,0,0,0,20,0,80,4.6,4,4.8,4.4,4.8,4.1,1.6,21.5,21.6,0.4,1,0.2,17345,3469,0,0,19,9.1,0.6,4.1,47.3,81.7,78.9,1.6,0.7,6.5,1.3,10.5,1.3,0.2,9.7,12.3,98.3,97.4,0.7,12,3.8,0.9,4.1,9.8
JUNIPER COMMUNITIES,829,3,2,1,0,0,0,100,0,0,5,4,5,3.5,4.4,3.9,1,43,38.2,0,7,2.3,274182,91394,1,0.3,16.9,15.3,2.9,3.5,57.3,54,39.7,1.2,1.1,38.2,3.9,3.6,1.9,0.6,17.3,19,79.5,74.1,0,18.8,4.9,0.3,12,9.3
PROVIDENCE HEALTH GROUP,431,2,2,0,0,0,0,100,0,0,4,4,4,3.5,3.9,3.4,0.9,38.3,36.5,0,0,0,0,0,0,0,27.5,3.9,0,6.1,48.3,76.2,77.7,2.4,1.6,16.2,7.7,2.4,0.8,0,18,11.2,100,97.3,0,14.9,4.3,2.4,43.2,11.7
HEALTH SERVICES MANAGEMENT,257,16,2,0,0,2,12.5,6.25,81.3,12.5,3.1,3,2.6,3.5,3.7,3.3,0.5,52.2,52.8,0.5,16,1,502776,31423.5,3,0.2,28.4,9.5,1.2,1.8,51.2,89.6,86,2.4,1.7,7.5,2.5,3.8,0.5,0.2,17,15.3,98.8,96,0,15.5,5.7,1.5,17.2,11.4
ROCKY MOUNTAIN CARE,455,10,2,0,0,1,10,70,30,0,3.1,2.2,2.9,4.7,3.6,3.1,1.1,53.7,41.1,1.2,17,1.7,312068,31206.8,2,0.2,18,11.9,0.4,1.6,67,92.5,96.9,1.1,1.2,8.7,3.6,3.2,2,1,16.6,13.8,96.5,98.2,0.2,22.8,3.1,11.3,20.6,10.1
HOMEWOOD RETIREMENT CENTERS,273,4,2,0,0,0,0,0,100,0,4.3,4,4.5,4.3,4.2,3.8,0.9,29.1,23.6,0,2,0.5,49709,12427.3,0,0,21.2,8.7,0.5,2.7,58.9,96.9,97.1,1.1,0.9,22.7,4.1,3.4,1.9,0.5,29.2,25.6,99.7,99.2,0,31,6.5,1.1,20.4,10.1
HAMILTON COUNTY HOSPITAL DISTRICT,589,10,1,0,0,1,10,50,0,50,2.3,2.5,2.1,3.6,3.2,2.8,0.4,49.4,45,0.7,19,1.9,414472,41447.2,2,0.2,27.5,14.4,2.6,2.3,54.5,85.5,93.3,2.1,2.4,12.1,1.6,2.7,0.5,0.4,13.5,14.9,97.7,98.9,0,13.3,2.3,0.8,16.2,10.9
CCH HEALTHCARE,124,33,3,0,0,4,12.1,100,0,0,2.5,2.4,2.5,3.9,3.8,3.3,0.6,57.9,51.2,0.7,41,1.2,1226797,37175.7,9,0.3,22.7,13.6,1.3,2.2,55.6,64.2,67.1,2,2,9.5,3.3,4.9,1.1,0.2,8.5,8,90.8,87.8,0.1,22.5,8.1,9.6,26.8,10.5
BANECARE MANAGEMENT,68,8,1,0,0,0,0,100,0,0,4,3.9,3.4,3.6,3.7,3.3,0.6,38.7,44.3,0.5,1,0.1,34808,4351,0,0,25.7,11.4,0.9,3.1,43.7,86.9,86.3,1.4,1.3,16.7,3.6,3.9,1.6,0.3,13.9,14.2,97.3,97.6,0,20.9,5,2.9,17.3,11.3
CITRUS WELLNESS CENTRE,849,5,1,0,0,0,0,100,0,0,2.6,2.6,1.6,3.8,4.1,3.8,0.4,,,,4,0.8,112492,22498.4,1,0.2,22.6,11.7,0.8,2.4,61.8,96,96.5,2.8,1.7,8.7,1.5,5.8,0.3,0.2,8.3,10.4,99.2,99.5,0,9.6,4.1,22.2,17.5,10.2
UNITED METHODIST HOMES,534,2,2,0,0,0,0,0,100,0,2.5,2,3.5,4,4,3.4,0.6,50.9,45.7,1.5,2,1,159646,79823,0,0,20.9,10.2,0.2,1.5,61.2,77.5,82.2,1.7,0.8,12.5,5.6,3.7,1.6,0.8,26.6,26.9,92.9,93.6,0,31,3.8,0.3,12.2,9.8
AMERICARE SENIOR LIVING,34,23,2,0,0,3,13,100,0,0,3.7,3.5,3.6,3,3.9,3.4,0.6,48.7,43.5,0.1,12,0.5,273613,11896.2,0,0,26.8,15.1,1.2,1.3,56.8,74.3,90.4,2,2.5,21,4.5,5.6,2.1,1.8,16.9,17.3,95.5,98,0,20.7,7.4,1.9,25,10.8
OSBYCORP,388,2,2,0,0,1,50,100,0,0,2,2,2.5,4.5,3.3,2.9,0.7,38.2,16.7,0,0,0,0,0,0,0,,,,,,90,95.6,1,1.7,17.7,3.4,3.6,4.4,0.5,11.7,11.5,98.4,99.3,0,20.5,2.6,9,27.4,10.8
LIFE CARE CENTERS OF AMERICA,311,194,26,0,3,14,7.2,96.4,0.5,3.1,3.4,2.9,3.3,4.5,3.8,3.3,0.7,41.4,41.2,0.4,122,0.6,3697816,19060.9,11,0.1,23.2,11.6,1.3,2.3,81.4,81.3,83.1,1.7,1.5,13.4,3.2,4.3,0.9,0.3,11.2,9.2,95,93.9,0.1,22,5.9,6.4,19.3,10.6
EDEN HEALTHCARE,191,7,2,0,0,0,0,100,0,0,3,2.9,3.4,2.4,3.6,3.3,0.7,47.3,39.1,0.6,11,1.6,270269,38609.9,1,0.1,27.2,14.4,1.2,4.2,62.7,75.6,87,2.4,1.7,20.4,3.4,6.4,2.2,0.8,19.4,24.8,98,97.5,0,21.5,6.7,4.7,16.3,11.2
DAVID VANN & BOYD WRIGHT,723,5,1,0,0,0,0,100,0,0,3.2,3,3.2,2.8,3.9,3.3,0.4,50,45.9,1.2,6,1.2,71723,14344.6,0,0,31.8,13,3.1,2.7,56.6,82.9,79.3,2.5,2.7,5,2,6.9,2.3,1.1,17.1,14.9,97.9,97.1,0,17.7,4.9,0.1,18.1,11.6
AZRIA HEALTH,64,9,2,0,1,1,11.1,100,0,0,1.6,1.8,2.9,1.8,3.8,3.4,0.6,51.6,52,0.8,10,1.1,184100,20455.6,3,0.3,23.3,13.9,3.7,6.1,51.5,62.2,70.6,2.1,3.5,19.5,5.2,4.7,3.8,2.1,27.9,24.1,91.5,92.8,0.3,24.7,5.3,11.3,21.5,11.1
BROOKDALE SENIOR LIVING,93,14,10,0,0,2,14.3,100,0,0,3.4,2.9,3.9,4.1,4.5,3.9,1.2,49.7,45,0.5,14,1,567963,40568.8,2,0.1,22.6,9.9,0.8,2.5,61.4,88.6,91,1.9,1.2,7,3.6,4.4,2.2,0.6,19.1,15.1,95.5,95.5,0,23.4,8.9,1.2,15.8,10.6
VENZA CARE MANAGEMENT,614,22,7,0,1,0,0,100,0,0,2.4,2.5,3,2.6,3.9,3.3,0.6,54.5,45.1,0.6,17,0.8,825380,37517.3,1,0,25.9,14.7,1.5,2,46.4,80.2,89.3,2.4,2.1,19.8,3.5,4.9,1.2,0.4,13.6,14.1,92.9,93.9,0.1,18.8,5.2,2.9,22.4,11
PLANTATION MANAGEMENT COMPANY,406,16,1,0,1,1,6.3,100,0,0,1.7,2.6,1.3,1.9,3.2,2.8,0.2,46.7,42.9,0.8,15,0.9,843169,52698.1,3,0.2,30.1,14,1.7,5.1,38.1,78.3,82.8,2.4,2.1,20.4,3.3,5.8,1.9,0.6,18.1,15.5,95.9,89.1,0,18.4,6.4,2.1,19.8,11.4
RUBY HEALTHCARE,824,7,1,0,0,2,28.6,57.1,0,42.9,3,2.1,2.7,4.9,3.7,3.3,0.4,48.1,57.5,1,17,2.4,633090,90441.4,1,0.1,24.8,15.9,0,2.1,61.2,99.9,89.2,2,1.8,6.4,3.2,1.5,0.1,0,5.1,7.7,99.8,96.5,0,8.4,2.2,1.5,12.2,10.8
CARESPRING,111,16,2,0,0,0,0,100,0,0,4,3.7,2.4,4.6,4,3.6,0.8,48.8,37.2,0.4,4,0.3,86280,5392.5,1,0.1,23.9,10.9,1,1.8,70.4,94.9,99.9,1.6,1.1,10.5,3.5,2.4,0,0.2,6,4,96.8,99.9,0,26.5,7.8,46.9,21.9,11.9
FLORIDA DEPARTMENT OF VETERANS' AFFAIRS,739,8,1,0,0,2,25,0,0,100,3.8,3.4,4.4,2.4,5.1,4.5,1.1,48.9,43,0.4,20,2.5,256328,32041,1,0.1,,,,,,75.4,85.4,1.7,1.3,14.9,3.4,5.2,4.7,2,30.4,27.4,95.3,91.2,0,22.8,7.3,1.8,16.1,11.9
DAVID OBERLANDER,812,7,1,0,3,0,0,100,0,0,1.6,1.3,1.6,4.1,3.8,3.3,0.6,60.4,53.9,1.2,7,1,734775,104967.9,7,1,26.9,15.1,0.8,2.5,52.9,68.5,68.9,2.3,1.9,10.7,1.7,3.5,0.1,0.1,4.1,4,91.4,91.1,0,20.8,8.7,68,23.7,10.9
ROCHESTER REGIONAL HEALTH,454,5,1,0,0,0,0,0,100,0,4.2,3.6,3.8,4.6,4,3.5,0.6,38.3,32.7,0.6,1,0.2,12868,2573.6,0,0,20.1,7.7,0.3,2,64.4,90,78.8,1.7,1.1,15,5.1,7.8,0.8,0.1,13.8,13.4,96.8,90,0,19.1,8,3.7,9.1,10.4
AVALON HEALTH CARE,57,16,5,0,0,0,0,81.3,6.3,12.5,3.5,2.9,3.9,4.2,4.5,4,1,42.9,46.4,0.4,12,0.8,340178,21261.1,1,0.1,17.5,14.7,2.1,2,52.8,87,93.1,1.2,1.6,16.6,3.1,3.7,1.1,0.5,17,13.4,96.7,98.4,0,22.5,3.2,9.4,19.5,10.5
DAKAVIA,178,2,2,0,0,0,0,100,0,0,1.5,2,3.5,2,4.3,3.7,0.9,31.9,22.2,1,3,1.5,126916,63458,0,0,19.3,26.3,3.2,7.7,55.6,88.9,80.7,1.9,3.4,7.4,6.4,8.9,4.5,2.4,16.2,27.3,90.6,95.6,0,21.7,3.4,12.4,8.8,10.9
CARING PLACE HEALTHCARE GROUP,114,5,1,0,0,0,0,100,0,0,4,3.4,1.6,5,3.6,3.2,0.4,53.1,38.8,0.8,1,0.2,15924,3184.8,0,0,21.7,7.6,0.5,0.7,52.5,82.3,82.8,1.3,0.9,7.4,2,0.4,0.3,0,6.7,4.2,98,89.5,0,24,7.8,43.6,25.7,11.4
