Chain,"Chain ID","Number of facilities","Number of states and territories with operations","Number of Special Focus Facilities (SFF)","Number of SFF candidates","Number of facilities with an abuse icon","Percentage of facilities with an abuse icon","Percent of facilities classified as for-profit","Percent of facilities classified as non-profit","Percent of facilities classified as government-owned","Average overall 5-star rating","Average health inspection rating","Average staffing rating","Average quality rating","Average total nurse hours per resident day","Average total weekend nurse hours per resident day","Average total Registered Nurse hours per resident day","Average total nursing staff turnover percentage","Average Registered Nurse turnover percentage","Average number of administrators who have left the nursing home","Total number of fines","Average number of fines","Total amount of fines in dollars","Average amount of fines in dollars","Total number of payment denials","Average number of payment denials","Average percentage of short-stay residents who were re-hospitalized after a nursing home admission","Average percentage of short-stay residents who have had an outpatient emergency department visit","Average percentage of short-stay residents who newly received an antipsychotic medication","Average percentage of short-stay residents with pressure ulcers or pressure injuries that are new or worsened","Average percentage of short-stay residents who are at or above an expected ability to care for themselves and move around at discharge","Average percentage of short-stay residents who were assessed and appropriately given the seasonal influenza vaccine","Average percentage of short-stay residents who were assessed and appropriately given the  pneumococcal vaccine","Average number of hospitalizations per 1,000 long-stay resident days","Average number of outpatient emergency department visits per 1,000 long-stay resident days","Average percentage of long-stay residents who received an antipsychotic medication","Average percentage of long-stay residents experiencing one or more falls with major injury","Average percentage of long-stay residents with pressure ulcers","Average percentage of long-stay residents with a urinary tract infection","Average percentage of long-stay residents who have or had a catheter inserted and left in their bladder","Average percentage of long-stay residents whose ability to move independently worsened","Average percentage of long-stay residents whose need for help with activities of daily living has increased","Average percentage of long-stay residents who were assessed and appropriately given the seasonal influenza vaccine","Average percentage of long-stay residents who were assessed and appropriately given the  pneumococcal vaccine","Average percentage of long-stay residents who were physically restrained","Average percentage of long-stay residents with new or worsened bowel or bladder incontinence","Average percentage of long-stay residents who lose too much weight","Average percentage of long-stay residents who have symptoms of depression","Average percentage of long-stay residents who used antianxiety or hypnotic medication","Average rate of potentially preventable hospital readmissions 30 days after discharge from a SNF"
National,"",14709,53,86,440,1466,10,73.9,19.5,6.5,3,2.8,2.9,3.7,3.9,3.4,0.7,46.1,43.3,0.5,13711,0.9,459063375,31226.68,2470,0.2,23.8,12,1.5,2.4,55,79.8,81.8,1.9,1.8,15.5,3.3,4.9,1.6,0.9,15.4,14.4,95.5,93.4,0.1,19.4,5.3,12.1,19.5,10.8
"603 HEALTHCARE",826,7,2,0,0,0,0,100,0,0,3,3,3.6,2.6,3.9,3.4,1,42.5,37.4,0.4,4,0.6,58370,8338.57,0,0,26.7,14.4,2.2,2.8,52.8,86.5,87.4,1.7,2.2,19.2,4.4,4.6,1.7,1.5,16.6,19,96.8,98.8,0.1,23.5,4.7,34.3,18.9,10.9
"AARON MAYER",862,6,1,0,0,1,16.7,100,0,0,3.3,2.7,3.3,4.5,4.3,3.8,0.4,38.9,45,0.8,6,1,136201,22700.17,2,0.3,23.8,10.5,1.8,0.8,68.8,95,99.1,2.7,1.2,15.9,0.6,4.5,0.9,0.5,9.4,12.3,99.6,99.8,0,11.1,4.3,6.2,9.5,10.8
"ABRAHAM BAK & MENACHEM GASTWIRTH",4,16,1,0,1,4,25,93.8,0,6.3,2.5,2.4,3.3,3.4,4.6,4.1,0.5,35,29.5,0.1,11,0.7,293545,18346.56,3,0.2,25.7,8.5,4.6,0.6,56.6,97.7,97.4,2.8,1.4,15.7,1.6,5.6,1.6,0.4,9.1,14.1,99.6,99.7,0,10.7,4.3,21,15.5,11.1
"ABRAHAM SMILOW",808,7,1,0,0,2,28.6,100,0,0,1.6,1.6,2.1,3.1,3.4,3.2,0.6,46.8,47.5,0.6,5,0.7,321824,45974.86,0,0,24.5,11,1.3,2.8,39.6,50.3,62.2,1.5,1,20.4,2.6,5,2.3,1.1,24.7,23.3,79.2,79.4,0,27.2,7.2,10.6,21.9,11
"ABSOLUT CARE",6,5,1,0,0,0,0,100,0,0,3.4,3.4,2.6,4.2,3.4,2.9,0.4,49.4,36.5,0.4,1,0.2,8281,1656.2,0,0,21.4,7.6,1,2.7,57.8,79,78,1.2,1.3,21.4,3.7,4.3,0.8,0.4,12.7,13,92.8,96.6,0,16.3,6.3,3.7,21.3,11
"ACCELA HEALTHCARE",733,4,2,0,0,0,0,100,0,0,2,1.8,1.8,4.3,3.2,2.9,0.3,75.7,75.7,0.3,9,2.3,145713,36428.25,0,0,21.6,8.3,1.2,1.2,62.5,50.3,46,2,1.3,10,2.2,5.5,0.8,0.4,8.2,9.6,80.9,71.6,0,18.5,6.6,26.9,17.7,10.7
"ACCOLADE HEALTHCARE",7,7,1,0,0,0,0,85.7,0,14.3,2.7,3,1.6,3.4,3.6,3.3,0.7,50.4,43.8,0.2,16,2.3,492052,70293.14,2,0.3,29.7,15.2,1,1.9,60.9,81.9,81.9,2,1.8,10.3,2.8,5.8,0.9,0.8,19.8,19.2,95.7,95.9,0,23.5,8.4,45.1,15,11.7
"ACCURA HEALTHCARE",8,42,4,0,0,2,4.8,100,0,0,2.5,2.4,3.2,2.8,3.6,3.2,0.7,42.3,49.7,0.6,23,0.5,527392,12556.95,10,0.2,21.6,15.8,2.5,1.6,57.5,76.1,84,1.6,2.5,21.7,3.8,4.3,2.9,1.4,23.6,21.6,95.9,90.6,0.1,28.2,5.6,3.7,21.5,10.5
"ACTS RETIREMENT-LIFE COMMUNITIES",9,27,9,0,0,1,3.7,0,100,0,4.7,4.4,4.8,4.4,4.4,4.1,1.3,23.3,28,0.4,2,0.1,33770,1250.74,0,0,24.2,13.4,0.7,2.5,66.5,96.6,92.7,2,1.1,9.7,3.4,5.9,2.7,1.5,16.6,17.3,98,96.8,0,19.4,4.9,0.2,18.1,11.2
"ADAMS COUNTY MEMORIAL HOSPITAL",10,8,1,0,0,0,0,62.5,25,12.5,2.8,2.5,3.3,3.8,4.1,3.7,0.8,46.9,41.1,0.2,2,0.3,114339,14292.38,1,0.1,22,4.6,1,1.2,53.4,76.1,78.8,1.9,1,12,4.9,4.5,2.6,1.2,27.4,25.5,95.4,95,0,27.3,5.3,11,24.1,10.6
"ADVANCED HEALTH CARE",11,26,11,0,0,1,3.8,100,0,0,4.7,4.1,4.1,4.7,5.5,4.6,1.6,45.3,43,0.5,29,1.1,263844,10147.85,1,0,21.2,9.6,0.3,1.5,61.8,91.2,96.1,"","","","","","","","","","","","","","","","",10.3
"ADVANCED HEALTH CARE MANAGEMENT",12,6,2,0,0,0,0,100,0,0,3.3,3.3,3.7,3.7,3.9,3.2,0.5,37.5,33.8,0,2,0.3,19357,3226.17,1,0.2,24.6,10.2,1.4,2.6,62.8,94.6,98.1,2.6,2.2,13.2,3.1,6,1.4,1.1,17.7,17.3,99.8,100,0.1,15.9,2.8,0.7,27.7,11.9
"ADVANCED HEALTHCARE SOLUTIONS",13,30,1,0,1,2,6.7,50,0,50,3,2.8,2,4.2,3.2,2.8,0.4,50.2,50.9,0.6,42,1.4,1776636,59221.2,1,0,24.2,14,1.2,1.7,65.7,88.8,93.3,2.1,2.3,8.4,3.4,3.5,0.2,0.2,13.3,14.1,98.4,97.6,0,13.1,3,2.6,18.6,10.6
"ADVENA LIVING COMMUNITIES",832,6,1,0,1,1,16.7,100,0,0,1.3,1.8,1.7,1.8,3.1,2.7,0.4,65.4,71.6,2.4,8,1.3,311860,51976.67,1,0.2,32.4,18.7,5.3,1.3,47.6,45.7,66.7,2.3,2,33.1,2.4,5.3,2.5,1.6,22.6,24.3,96.1,85.5,0,17.5,4,3.1,34,11.1
"ADVENTIST HEALTH",671,5,1,0,0,0,0,20,80,0,4,3.8,3.8,3.8,5.5,4.9,1.5,22.8,14.9,0,2,0.4,123442,24688.4,2,0.4,19.2,7.1,3,0.4,50.2,97.4,85.2,1.6,1.8,18,1.3,4.1,3.2,4.6,10,13.5,96,99.1,0.2,11.8,5.2,0.6,16.8,11.5
ADVINIACARE,16,10,3,0,0,3,30,100,0,0,2.3,2.4,2.1,2.9,3.4,3.1,0.6,39.5,49.6,0.7,22,2.2,1275420,127542,1,0.1,31.2,15.9,2,3,49.2,80.4,69.7,1.8,1.8,17.9,5.6,5.6,2.6,1.5,19.6,19.3,95.2,91.9,0,23.8,5.2,23.6,18.7,10.5
"AHAVA HEALTHCARE",17,16,4,0,0,0,0,87.5,6.3,6.3,2.4,2.8,2,3.4,3.6,3.2,0.4,57.8,60.8,0.4,7,0.4,398206,24887.88,2,0.1,24.9,16.5,1.7,1.7,48.5,80.4,77.4,1.8,1.9,14.8,2.7,5.3,1.2,0.5,19.5,15.1,95.8,92.4,0.2,19.8,5.6,7,29.9,10.9
"AHMC HEALTHCARE",18,5,1,0,0,0,0,100,0,0,2.8,2.6,3.4,3.5,6.8,6.2,2.1,18.9,17.4,"",4,0.8,46717,9343.4,3,0.6,27.6,12.9,2.1,0.7,48.2,72.2,67.9,2.3,1.1,9.4,1.3,8.6,2.5,6.7,12.4,12.7,86.3,95.8,2.8,2.9,6.9,0.2,8.8,10.4
"AJC HEALTHCARE",616,14,1,1,1,5,35.7,100,0,0,2.4,2.2,2.2,4,4.2,3.8,0.3,48.5,58.3,0.9,8,0.6,837932,59852.29,3,0.2,24.3,15.2,1.3,1,50.1,87.6,91.9,1.9,2.5,11.1,2.3,2.9,0.7,0.3,10.2,9.7,99,98.8,0,15.6,4.1,10,16.8,11.1
"AKIKO IKE",582,6,2,0,0,0,0,100,0,0,3.5,2.8,3.7,4.3,4.1,3.6,0.7,28.9,35.7,0.8,2,0.3,103148,17191.33,1,0.2,18.6,9.3,1.9,3.2,61,79.5,81.6,1.8,0.9,21.2,3.4,3.9,1.1,0.7,13.3,16.7,97.7,95.6,0,28.5,6.2,2,18.2,11.2
"ALARIS HEALTH",20,8,1,0,0,0,0,100,0,0,2.9,2.6,2.8,4.3,4,3.7,0.9,49.6,51.6,0.9,4,0.5,214845,26855.63,0,0,25.5,5.8,1.5,2.7,54.4,84.6,85.6,2.6,1,10.3,1.8,9.9,1.2,1.1,11.7,12.2,97.6,95.4,0,8.9,4.6,1.9,18.1,11.3
"ALIYA HEALTHCARE",663,12,1,0,0,4,33.3,100,0,0,2.6,2.5,1.4,4.3,3.2,3,0.6,46.1,51.3,1,31,2.6,1703738,141978.17,16,1.3,24.2,10.1,1.7,0.7,57.9,47.5,57.1,1.6,1.1,20.2,1.7,5.6,0.2,0.1,8.2,6.9,88,81.5,0,20.8,7.3,91.7,11.3,11.1
"ALLAIRE HEALTH SERVICES",21,20,4,2,2,5,25,100,0,0,2.7,2.3,2.8,4.2,3.9,3.3,0.6,52.7,47.9,0.7,28,1.4,2250770,112538.5,7,0.4,24.7,11.1,1,2.1,70.5,72.5,75.7,2.2,1.9,15.5,3.1,5.3,0.6,0.2,5.8,5.9,96.3,93.4,0.1,19.6,6,22.9,20.5,11.1
"ALLIANCE HEALTH & HUMAN SERVICES",23,8,1,0,0,0,0,12.5,87.5,0,3.9,3.8,3.5,3.5,3.9,3.4,0.7,41.1,46.6,0.4,3,0.4,64611,8076.38,0,0,28.4,11,1.2,2.7,53.5,90.6,91.9,1.7,1.6,16.7,3.6,3,2.5,0.8,19.2,20.9,96.8,95.5,0,14.3,3.1,3.1,16.3,11.9
"ALLIANCE HEALTH GROUP",714,12,1,0,0,2,16.7,100,0,0,1.3,1.7,1.5,1.8,3.3,3,0.3,53.3,51,0.7,23,1.9,847602,70633.5,5,0.4,26,15.6,2.5,5,46,61.5,60.7,1.7,1.7,18,2.5,7,2.2,0.9,31.5,24.9,82.4,83.7,0,26.7,7.7,5,25.1,10.4
"ALLURE GROUP",734,6,1,0,0,0,0,100,0,0,4,3,3.3,5,3.9,3.4,0.8,29.5,38.5,0.2,0,0,0,0,0,0,21.1,7.7,1,2.1,72.4,76.9,80.1,1.4,0.9,8.7,2,8.4,0.5,0.1,6.8,9.2,94.1,95.4,0,14.7,5.5,10,9.3,8.9
"ALLURE HEALTHCARE SERVICES",25,15,1,0,0,6,40,100,0,0,2.5,2.9,1.7,2.5,3.6,3.3,0.6,43.2,48.3,0.6,20,1.3,876091,58406.07,4,0.3,23,18.6,2.2,4.6,33.3,54.3,71.4,1.6,2.5,19.7,3.3,3.9,3.8,1.7,21.2,21,90.6,92.7,0,25.4,5.8,69,23.3,10.8
"ALPHA SNF MA",680,5,1,0,0,1,20,100,0,0,1.6,1.4,1.6,2.8,3.4,3.2,0.5,"","","",16,3.2,232579,46515.8,1,0.2,25.8,11.6,0.9,2.3,50.8,45,65.9,1.9,1.7,21.7,2.6,4.8,1.1,1.1,25.3,25.9,93.6,92.9,0,20.5,6.6,9.1,22.4,10.4
ALTERCARE,26,22,1,0,0,1,4.5,100,0,0,3.3,2.7,2.1,4.8,3.7,3.2,0.7,55.4,46.4,0.6,9,0.4,658475,29930.68,3,0.1,23.5,13.6,0.7,0.6,61.6,70.2,65.4,1.7,1.6,6.5,4,3.4,0.8,0,4.6,4.1,92.6,89,0,20.7,5.8,23.5,27.8,11.1
"AMA HOLDINGS",27,14,1,1,1,3,21.4,100,0,0,1.6,2.3,1.2,2.2,3.4,2.9,0.4,65.4,65.1,0.8,17,1.2,692875,49491.07,5,0.4,29.4,13.4,1.4,4.2,40.7,43.6,43,2.2,2,15.5,3.8,4.5,1,0.5,20.6,18.4,83.5,76.6,0,20.9,2.6,62.7,21.4,10.7
"AMBASSADOR HEALTH",28,4,2,0,0,0,0,100,0,0,3.8,3.8,3.8,4,5.1,4.4,1.1,37.3,24.7,0,0,0,0,0,0,0,22.6,10.6,3.4,0.4,61.2,86.2,91.4,2,2.2,16.3,3.9,2.3,3.4,0.6,13.9,15.4,95.7,88,0.6,20.2,2.6,2.7,25,10.3
"AMERICAN BAPTIST HOMES OF THE MIDWEST",29,6,5,0,0,1,16.7,16.7,83.3,0,2.2,1.8,3.7,3.8,4.2,3.8,0.8,57.7,56,1,6,1,273201,45533.5,3,0.5,13,18.6,1,1.4,59.7,89.3,89.7,1.4,1.6,19.1,3.6,3.1,1.8,1.2,24.3,27,97.3,98.1,0,29.1,3,2.5,9,10.8
"AMERICAN HEALTH FOUNDATION",31,6,2,0,0,1,16.7,0,100,0,2.5,2.3,3,3,3.6,3.3,0.6,61.5,37,0,5,0.8,350951,58491.83,0,0,24.8,14.1,1.7,4,46.3,62.9,68.1,1.7,1.4,11.4,2.5,3.9,1.1,0.5,15.8,13,91.1,86.8,0,24.5,5.8,5.9,21.5,10.6
"AMERICAN SENIOR COMMUNITIES",33,91,1,0,0,2,2.2,47.3,20.9,31.9,3.9,3.4,2.2,4.7,3.5,3,0.6,44.6,38.2,0.4,6,0.1,119516,1313.36,2,0,22.6,9.8,0.9,2,47.6,87,86.3,1.5,1.3,8.8,3.6,3.6,0.8,0.2,6.8,6.1,97.5,95,0,20,4,32.6,23.1,10.7
"AMERICARE SENIOR LIVING",34,23,2,0,0,3,13,100,0,0,3.5,3.4,3.4,3.3,3.7,3.2,0.5,48,41.3,0.2,12,0.5,273613,11896.22,0,0,26.4,14,1.1,1.4,59.2,74.3,89.7,2,2.5,21.8,4.3,5.7,2.4,1.8,17.1,17.3,95.5,98,0,21.3,7.6,1.6,24.7,10.8
"ANEW HEALTHCARE",35,2,2,0,2,2,100,100,0,0,1,1,1.5,1,2.9,2.6,0.6,81.4,66.7,2,6,3,344693,172346.5,1,0.5,"","","","","","",3.3,1.9,2.3,30.4,0.9,5.9,1.9,3.8,30.9,27,84.6,68,0,30.2,5.8,37,24.5,10.4
"ANTHONY & BRYAN ADAMS",36,38,2,0,0,0,0,100,0,0,3.9,3.5,3.1,4.4,3.9,3.3,0.4,53.8,49.7,0.4,12,0.3,200231,5269.24,1,0,26.1,13.2,0.5,3.1,69.9,77.4,83.5,2,1.8,4.8,4,3.4,0.7,0.3,10.1,8.8,97.1,96,0,12.5,2.7,0.6,15.7,10.9
"AOM HEALTHCARE",37,20,1,0,2,1,5,100,0,0,2.7,2.2,1.5,4.9,3.2,2.8,0.5,61.6,65.6,0.7,16,0.8,590860,29543,7,0.4,22.2,13.9,2,1.8,62.1,79.8,85.6,1.6,2.2,9,3.2,3.1,0.2,0,3.6,3.3,96,94.3,0,18.2,4.8,33.3,29.9,11.2
"APERION CARE",38,33,2,0,2,10,30.3,100,0,0,2,2.1,1.6,3.5,3.1,2.8,0.6,45.7,43.8,0.5,65,2,2449787,74235.97,16,0.5,28.1,10.9,2.2,2.1,39.7,42.7,49.3,1.9,1.5,34.9,2.3,4.8,0.3,0.4,11.6,8.1,88.4,85.2,0.1,21.7,5.7,77.1,17.9,10.7
"APPLE REHAB",39,20,2,0,1,3,15,100,0,0,2.2,2.3,2.6,2.8,3.3,3,0.6,41.9,44.5,0.7,20,1,604573,30228.65,3,0.2,25.1,11.3,1.7,2.8,55.3,50.2,49.5,2.3,1.8,19.3,3.4,4.7,2.1,1.8,21.2,21.8,89.5,83.6,0,23.2,7,10.9,18.7,10.5
"ARABELLA HEALTHCARE MANAGEMENT",633,13,3,0,0,2,15.4,100,0,0,2.8,2.5,2.9,3.7,3.5,3,0.7,62.9,64.9,1.4,12,0.9,299217,23016.69,3,0.2,26.7,13.2,2.5,2,49.2,77.6,91.7,1.8,1.5,19.9,2.7,6.1,1,0.7,9.4,6.5,95.8,94.9,0.1,11.3,5.3,1.3,18.7,11.3
"ARBOR CARE CENTERS",40,7,1,0,0,0,0,85.7,0,14.3,2,2.4,1.9,2.4,3.3,3,0.5,61.1,77.8,1.5,0,0,0,0,2,0.3,20.4,12.1,2.3,4.8,34.1,42.6,57.3,2,1.9,23.2,5.1,5.3,3,2.8,21.7,21.8,91.9,85.3,0,25.2,6.3,1.7,24.3,11
"ARBORETA HEALTHCARE",618,3,2,0,0,0,0,100,0,0,2.3,2.7,2,2.7,3.4,2.9,0.7,65.1,61.3,1.7,1,0.3,33598,11199.33,0,0,"","","","","",90,82.4,1.7,2.6,27.9,4,2.3,2.6,3.5,17.2,18.4,97.7,93.8,0,23.9,5.8,5.6,22.7,12
"ARBORS AT OHIO",41,16,1,0,0,4,25,100,0,0,2.6,2.1,2.9,4.2,3.9,3.3,0.7,49.4,44.8,0.6,18,1.1,648387,40524.19,6,0.4,22.7,11,1.8,2.5,45.2,69.4,69.1,1.9,1.9,11.1,2.9,4,0.5,0.1,5.8,4.2,95.9,93.7,0,20.2,6,2.9,32,10.8
"ARCADIA CARE",42,22,2,2,3,12,54.5,100,0,0,1.5,1.8,1.3,3.1,3,2.8,0.4,49.5,43.9,1.1,53,2.4,3594612,163391.45,31,1.4,22.3,18.2,1.3,2.7,39.9,60.4,63.3,1.9,3.1,17.5,2.9,3.4,1.4,1,19.3,14.9,91.7,87.2,0,23.8,9.8,78.3,19.9,10.8
ARCHCARE,43,7,1,0,0,1,14.3,14.3,85.7,0,4,3.1,3,5,3.2,2.8,0.9,34.4,40.9,0.4,0,0,0,0,0,0,18.9,7.5,1.9,0.4,81.8,76.3,74.1,1.6,1.3,9.2,2.2,3.6,0.6,0.2,9.1,9.1,94.8,89.7,0,18.1,5.1,21.3,13.4,10.4
ARISTACARE,45,9,2,0,0,2,22.2,100,0,0,2.6,2,1.9,4.3,3.8,3.4,0.5,44.5,55.7,0.3,6,0.7,274218,30468.67,0,0,25,7.4,1.6,1.7,61.1,63.6,48.2,2,1.3,16.3,1.7,6.8,0.4,0.3,4.9,5.1,95,69.2,0.3,16,4.1,13.7,18.3,11.3
"ARK POST ACUTE NETWORK",827,4,3,1,0,0,0,100,0,0,1.3,1.7,1.7,2.3,3.8,3.4,0.3,64,64.2,1,6,1.5,809511,202377.75,4,1,28.1,14.2,2.2,2.8,40.8,45.4,60.9,3.5,3.5,18.6,1.3,9.9,1.8,1.1,25.7,19.8,81.6,73.6,0.5,20.9,4.3,1.6,15.1,10.2
"ASBURY COMMUNITIES",47,7,3,0,0,1,14.3,28.6,71.4,0,4.4,4,4,4.7,3.9,3.6,0.8,35.7,29.7,0.6,5,0.7,23604,3372,0,0,20.3,8.7,1.4,2.4,54.4,95.3,92.7,1.6,0.9,14.3,4.1,3.4,0.9,0.1,11.8,10.3,99.5,95.9,0,24.6,3.9,6,23.4,10.4
"ASCENSION LIVING",48,16,8,0,0,2,12.5,18.8,81.3,0,2.9,2.6,3.4,3.6,4.2,3.8,0.9,52,48.9,0.7,25,1.6,1105733,69108.31,12,0.8,21.8,13,0.6,2.9,58,79,83,1.8,1.6,11.8,4.5,5,1.2,0.3,22.3,19.6,97,92.7,0,21,4.9,6.5,15.4,10.8
"ASCENT HEALTHCARE MANAGEMENT",799,6,1,0,0,0,0,100,0,0,2.3,2.7,2,2,3.2,2.9,0.4,58.8,51.8,0.8,7,1.2,232066,38677.67,0,0,24.9,13.4,3.2,8,42.4,67.1,63.4,1.5,1.5,20.6,4.2,6.7,4.1,0.6,11.2,11.2,87.3,88,0,23.3,10.1,2.1,30.7,10.8
"ASCENTRIA CARE ALLIANCE",49,5,2,0,0,0,0,0,100,0,4.2,4,3.8,3.4,4.3,3.6,0.6,39.4,41,0.2,1,0.2,56940,11388,0,0,28.1,13.8,1.2,1,58.4,77.5,75,2.1,1.6,14.4,2.3,4.9,1.2,0.1,15.5,18.4,91.6,79.2,0.2,22.9,7,1.5,17.2,10.3
"ASPEN SKILLED HEALTHCARE",50,35,2,0,0,1,2.9,100,0,0,3.6,3,3.7,4.6,4.4,4,0.7,41.1,39.1,0.2,35,1,747470,21356.29,3,0.1,23.8,11.5,0.8,0.9,58.5,95.6,98.6,2.4,1.7,7.2,1.5,3.5,0.6,0.6,10.1,8.3,98.7,99.8,0.2,13,2.2,4.5,10,10.7
"ASPIRE SENIOR LIVING",51,16,1,0,0,1,6.3,93.8,6.3,0,2.3,2.6,1.8,2.7,3.3,2.9,0.4,60.7,56.8,1.2,9,0.6,273669,17104.31,4,0.3,23.8,16,3.7,3.2,60.4,64,69.6,2.3,2.2,19.2,3.4,4.3,4.1,1.2,23.8,19.4,92.2,86.2,0,18.3,3.7,6.3,30.8,11.5
"ASTON HEALTH",800,38,1,0,0,2,5.3,100,0,0,2.6,2.4,2,4.2,3.4,3.2,0.5,55.7,64.3,1,29,0.8,734057,19317.29,0,0,24.3,8.3,1.3,2.4,44.9,90.5,90.2,1.7,1,13.8,2.6,5.2,0,0.1,9.6,8.9,99.9,95.4,0,18.7,7.9,1.2,17.6,11.2
"ATHENA HEALTHCARE SYSTEMS",52,24,3,0,2,5,20.8,100,0,0,1.6,1.7,2.8,2.7,3.2,2.9,0.5,31.7,37.3,1,35,1.5,1939081,80795.04,7,0.3,24.8,14,2.4,2,43.8,65.1,69.7,1.9,1.7,30.1,3.7,3.5,1.5,0.9,18.4,16.7,89.7,92.1,0,24.5,4.8,12.6,27.6,11
"ATIED ASSOCIATES",53,12,3,0,0,4,33.3,100,0,0,2.4,2.7,1.9,3.1,3.4,2.9,0.6,44.8,41.1,0.3,12,1,580123,48343.58,7,0.6,24.6,11,1.6,2.3,36.5,66,64.5,2.1,2.1,26.8,3.3,6.1,1.4,1.8,14.1,11,95.5,89.4,0,14.7,6.4,65.3,17.7,11.3
"ATLAS HEALTHCARE",598,29,4,0,0,0,0,96.6,3.4,0,3.6,3.1,2.4,4.4,3.7,3.3,0.6,45.9,44.9,0.5,25,0.9,1593490,54947.93,1,0,24.9,9.2,0.9,2.1,59.9,77.5,76.3,1.7,1.3,13.4,3.2,4.4,0.8,0.2,9.7,9,95.1,88.9,0,24.6,4.6,22.6,19.4,10.7
"ATRIUM CENTERS",54,26,4,0,0,2,7.7,100,0,0,3.1,2.8,3.2,4,3.4,3,0.7,48.4,42.1,0.6,13,0.5,794082,30541.62,7,0.3,23.2,13.1,1.2,2.5,50.7,76,78.5,1.8,2.3,12.8,3,5.5,2.2,0.8,9.8,10.8,95.9,93.9,0,10.2,6.1,4.2,17.2,10.9
"ATRIUM HEALTH",55,6,1,0,0,0,0,16.7,83.3,0,3.3,3,3.2,3.8,4.1,3.5,1.1,40.7,33.9,0,3,0.5,21991,3665.17,0,0,21.1,9.3,1,3.7,46.5,90.6,86.9,1.8,1.7,6.1,2.3,8.2,2.9,0.6,21.2,21,96.5,72.8,0.2,25.7,5.4,2.8,19.3,10.2
"AUGUST HEALTHCARE",833,6,2,0,0,0,0,100,0,0,3,3.2,2,2.8,3.7,3.3,0.5,45.8,48,0.5,4,0.7,46368,7728,0,0,21.8,13.5,1.7,3.8,55.4,46.2,51.9,2.1,2.1,12.1,2.5,7.1,2,1.2,23.1,15.9,84.6,78.2,0.1,20.4,4.8,23.7,20.3,13.1
"AUTUMN LAKE HEALTHCARE",56,60,5,0,0,6,10,100,0,0,3,2.6,2.5,4.2,3.6,3.3,0.5,44.6,38.9,0.2,51,0.9,1068749,17812.48,1,0,23,10.6,1.2,2.6,65.3,88.3,90.1,1.6,1.3,14.5,1.8,5.4,0.7,0.3,19.7,18.2,98.4,98.3,0,24.5,5.7,25.5,16.3,11.6
"AVALON HEALTH CARE",57,16,5,0,0,0,0,81.3,6.3,12.5,3.4,2.8,3.9,4.2,4.6,4.2,1,42.1,46.2,0.3,12,0.8,366654,22915.88,1,0.1,17.6,15,1.9,1.3,52.1,87,89.6,1.2,1.7,16.7,3.3,3.9,1.3,0.5,18.2,13.6,96.7,97.5,0,22.2,3.4,9.4,19,10.5
AVAMERE,58,29,2,0,0,2,6.9,100,0,0,3.1,2.7,4.1,3.7,4.7,4.2,0.7,38.3,43.5,0.7,21,0.7,828733,28577,2,0.1,22.8,14.7,1.2,2.5,56.6,86.5,92.1,1.6,2,13.4,2.1,5.7,2.1,1.3,21.4,14.9,96,96.8,0,22.2,5.7,13.4,11.3,9.7
"AVANTE CENTERS",59,11,1,0,0,0,0,100,0,0,2.7,2.5,2.5,4.2,3.5,3.2,0.5,47.7,53.6,1.2,5,0.5,116227,10566.09,1,0.1,25.1,10.2,1.1,2.1,48.4,94.3,90.7,2,1.1,4.5,2,6.4,0.1,0.1,6.5,5.2,100,98.8,0,9.5,6.6,5.1,8.4,10.3
"AVARDIS HEALTH",843,38,4,1,4,8,21.1,97.4,2.6,0,2,2,2.4,3.3,3.2,2.8,0.5,52.1,54,1.2,45,1.2,1615284,42507.47,6,0.2,22.8,11.7,2,3.8,55.4,74.3,75,1.7,1.8,20,4,5.7,1.2,0.8,16.8,14.8,96,89.7,0,25.2,7.7,3.1,25.2,10.7
"AVENTURA HEALTH GROUP",60,11,3,1,0,0,0,100,0,0,2,1.8,2.4,4,3.5,3.2,0.5,55.6,44.2,0.7,9,0.8,743569,67597.18,4,0.4,23.2,15.8,1.9,2.1,53,66.4,59.8,2.1,1.5,18.6,2.8,5,0.4,0.4,7,6.9,95.3,85,0,22.8,6.6,7.7,20.3,10.7
"AVERA HEALTH",61,13,3,0,0,1,7.7,0,100,0,3.4,3.2,4.1,3.1,4.3,3.7,1,41.7,30.9,0.3,8,0.6,129410,9954.62,1,0.1,18.8,12.4,1,5,64.9,89.7,92.8,1.6,2,20.4,5.9,4.4,2.1,3,19.2,19.4,99.2,99.4,0,23.5,4.7,2.5,18.9,9.9
"AVIATA HEALTH GROUP",745,52,1,0,4,9,17.3,98.1,1.9,0,2.3,2,2.8,4,3.4,3.2,0.6,48,54.5,1.5,121,2.3,2031614,39069.5,2,0,27.2,9,1.7,2.5,52.2,94.9,93.3,2.3,1.2,7.1,2.6,4.8,0.3,0.4,9.1,7.7,98.7,97.8,0,10.4,6.2,3.3,16.2,10.7
"AVID HEALTHCARE GROUP",700,11,1,1,1,0,0,100,0,0,1.7,1.9,2.5,2.1,3.7,3.4,0.5,66,57.5,0.7,12,1.1,327644,29785.82,7,0.6,26,16.8,2.1,3.5,50.8,70.1,70.3,2.5,2.1,27.8,4.4,4.2,1.8,2,17,19.7,92.8,91.2,0.4,26.2,6.4,7.3,21.8,10.6
"AVINA HEALTHCARE",819,9,1,0,0,1,11.1,100,0,0,2.2,2.1,2.2,3.4,3.4,2.9,0.6,46.9,48.3,0.1,9,1,297935,33103.89,2,0.2,25.4,18.1,0.4,2.4,49.5,74.5,86.5,1.7,2.1,13.9,2.7,7.1,2,0.3,12.5,7.1,94.2,92.9,0,21.5,5.7,6.4,18.3,10.1
"AVIR HEALTH GROUP",719,118,1,0,3,22,18.6,84.7,0,15.3,2.3,2.4,1.6,3.6,3.2,2.9,0.3,57.9,58.8,0.6,202,1.7,7676381,65054.08,19,0.2,25.8,12.6,1.8,1.9,51.1,86.9,88.5,2.2,2.3,9.7,3.4,4.3,0.4,0.2,14.5,15.4,98.3,96.1,0.1,11.9,2.4,1.3,23,11.3
"AVON HEALTHCARE",840,9,1,0,0,2,22.2,100,0,0,2.4,2.1,3,3.7,3.7,3.3,0.5,53.7,57.2,1,34,3.8,705173,78352.56,5,0.6,23.5,18.6,1.7,1.7,61.6,84.8,89.6,2.1,2.4,19.1,2.7,5.3,1,0.4,11.8,10.6,98.3,99,0,19.1,3.9,6.5,22.3,11.3
"AXIOM HEALTHCARE",746,7,1,0,1,4,57.1,100,0,0,1.4,2,1.3,1.4,3.3,2.8,0.5,58.9,43,0.5,20,2.9,1476943,210991.86,12,1.7,23.7,16.4,3.8,3,37.1,51.3,58.5,2.2,3.1,24.4,6.3,8.6,1.4,0.8,21.3,25.6,89.4,84.4,0.3,25,7.1,22.9,24.6,11.3
"AYDEN HEALTHCARE",63,11,1,0,0,0,0,100,0,0,2.2,1.9,1.6,4.5,3.4,3,0.4,48.8,50.5,0.7,4,0.4,252602,22963.82,1,0.1,24.6,13.7,1.1,1.2,53.6,63.6,74,2.2,2.2,7.4,2.6,3.1,0.3,0.1,3.8,2.5,89.1,94.9,0,20.4,6.7,25.3,29.3,11
"AZRIA HEALTH",64,9,2,0,1,1,11.1,100,0,0,1.6,1.9,2.9,1.6,3.9,3.5,0.5,51.2,52.5,0.7,9,1,169715,18857.22,3,0.3,23.3,15.2,3.4,4.2,48.7,62.2,71.7,2.1,3.5,18.6,4.9,4.8,4.1,2.8,30.8,27.1,91.5,92.8,0.3,25.7,5.2,9.4,21.6,11.1
"AZURE HEALTHCARE",841,6,1,0,0,0,0,100,0,0,1.3,1.5,1.5,2.3,3,2.7,0.4,52.9,65.9,1.8,8,1.3,346459,57743.17,0,0,27.1,14,1.6,2.4,49.9,71.8,75.8,1.9,2.3,20.3,2.8,6.8,2,1.3,22,21.6,87.9,88.8,0,23.2,7.4,12.1,19.7,11.3
"BALL HEALTHCARE SERVICES",66,10,1,0,0,1,10,100,0,0,2.8,2.7,3.4,2.8,3.7,3.1,0.6,37.5,36.8,0.4,0,0,0,0,0,0,24.9,13.8,2.2,1.7,43.8,54,65.4,1.9,1.6,20.1,2.2,7,2.8,2.1,14.1,14.9,88,75.7,0.3,10.2,5.2,0.3,16.1,9.7
"BANECARE MANAGEMENT",68,8,1,0,0,0,0,100,0,0,4,3.9,3.4,3.8,3.7,3.3,0.6,40.4,44.8,0.6,2,0.3,68156,8519.5,0,0,25.5,11.8,1,2.9,45.5,86.9,86.5,1.3,1.2,16.7,3.7,3.9,1.6,0.3,14.9,14.6,97.3,97.5,0,20.5,5.3,2.5,17.2,11.3
"BAYSHIRE SENIOR COMMUNITIES",682,12,1,0,1,1,8.3,91.7,0,0,3.3,2.8,2.6,4.4,4.2,3.9,0.5,44.3,41.2,0.6,42,3.5,676308,56359,4,0.3,25.3,14.2,0.5,1,66,96.1,97.1,2,2.2,10.9,1.6,3.4,0.4,0.3,10.5,8.7,98.4,99,0,7.5,4.3,7.4,19,11.3
"BEACON HEALTH MANAGEMENT",69,14,2,0,3,1,7.1,85.7,0,0,1.4,1.9,1.5,2.2,3,2.7,0.4,47.2,72.2,1,7,0.5,153836,11833.54,5,0.4,22.6,13.2,2.3,4.8,51.1,68,75.3,1.5,2.3,34.7,3.4,6.2,1.8,1.1,21.3,22.9,94.5,84.4,0.1,19.8,3.9,7.4,25.6,10.5
"BEAR MOUNTAIN HEALTHCARE",70,8,2,0,0,0,0,100,0,0,2.5,2.5,2.7,3.4,3.7,3.4,0.6,34.1,35.9,1,7,0.9,180119,22514.88,0,0,25.5,8.9,2.3,2.3,42.9,74.9,64.9,2.3,1.3,24.6,2.3,5.5,0.8,0.9,14.2,16,92.9,91.2,0,14,4.6,3.7,20,10.4
"BEAVER VALLEY HOSPITAL",747,5,1,0,0,1,20,40,0,60,2.4,1.8,1.4,4.8,2.6,2.3,0.6,59.7,45.5,1.2,9,1.8,225274,45054.8,1,0.2,8.9,12.6,0,4.4,37.8,89.5,94.2,1.7,1.7,14.2,1.5,3.3,1.3,0,11.6,10.5,100,99.2,0,19.5,1.4,12.9,15.7,9.9
"BEDFORD CARE CENTERS",71,7,1,0,1,1,14.3,100,0,0,2.9,3.1,3.9,1.4,4.4,3.8,0.6,55.1,41.5,0.3,10,1.4,407959,58279.86,3,0.4,31.4,15.5,1.6,3.3,46.1,89.9,95.2,3.3,3.6,22.8,5.7,5.8,2.2,1.9,26.9,26.1,98.1,98.1,0.5,25.5,9.6,9.2,27.2,12
"BEDROCK CARE",72,8,2,0,0,1,12.5,100,0,0,1.9,1.8,2,3.6,3.3,3,0.4,45.4,42.4,0.9,22,2.8,366700,45837.5,2,0.3,25,9.2,2.4,2.1,47.2,55.9,54.6,1.9,1.3,13.3,1.9,5.2,0.9,0.5,11.9,13.4,90.9,86.7,0,19.6,7.6,3.4,15.8,11.1
"BEDROCK HEALTHCARE",73,9,3,1,2,2,22.2,100,0,0,1.4,1.3,2,2.9,3.6,3.2,0.6,63.2,65.2,1.9,18,2,925553,102839.22,15,1.7,29.8,13.7,1.7,1.9,51.8,64.1,64.2,1.9,2.9,22.1,2,7.6,2.2,1.9,16.7,14.4,89,86.4,0,27.5,7.6,4.9,20.1,11.7
"BENEDICTINE HEALTH SYSTEM",75,23,4,0,0,3,13,4.3,95.7,0,3,2.7,4,2.9,3.9,3.5,0.9,49.2,40.9,0.6,24,1,781338,33971.22,5,0.2,24.1,15.1,1.6,3.2,58.9,90.8,91.5,1.7,2.1,19.4,4.7,6.1,2.7,1.1,23.9,21.7,96.2,97.5,0,25.2,3.3,3.2,16.3,10.2
"BENJAMIN LANDA",646,49,4,0,2,2,4.1,98,2,0,3.4,3.4,2.3,3.5,3.6,3.2,0.6,44.3,46.9,0.9,20,0.4,894540,18255.92,0,0,24.9,12.2,1.5,2.5,51.1,88.4,87,2.1,1.9,12.8,3.2,6.6,0.8,0.4,13.2,12.3,97.7,97.1,0.1,17.9,5.5,12.8,19.4,10.9
"BEST CARE SERVICES",583,10,2,0,0,0,0,100,0,0,2.3,2.5,2.7,2.4,3.5,3.1,0.6,38.1,49.7,0.7,7,0.7,504165,50416.5,1,0.1,26.5,14.4,1.5,2.3,41.4,71.6,74.7,2.1,2,14.3,4,4.6,1.1,0.7,23.1,25.3,91.1,92.3,0.1,26.4,4.1,6.6,18.3,10.6
"BGM ESTATE",78,15,1,0,0,1,6.7,100,0,0,1.9,2.3,1.9,2.5,3.1,2.9,0.3,54.9,49.5,1.2,11,0.7,285600,19040,2,0.1,30.2,16.9,2.6,1.3,51.3,80.5,72.8,2.4,2.5,21.7,4.3,5.4,4.2,2.1,18.2,18,95.7,89.6,0,11.6,2.6,1.6,26,11.7
"BHI SENIOR LIVING",80,9,3,0,0,0,0,0,88.9,11.1,4.1,3.9,3.6,4.3,4.9,4.1,1.3,44.1,39,0.3,1,0.1,20826,2314,0,0,20.5,12.9,0.5,3.3,65,86.1,95.7,1.9,2.1,5.6,5.8,2.3,0.6,1.3,19.5,15.5,97.4,98.9,0,29.6,7.8,8.8,20.7,10.3
"BJC HEALTHCARE",783,4,2,0,0,0,0,0,100,0,4,4,3.8,3,5.1,4.5,0.8,48.6,48.4,0.3,1,0.3,15626,3906.5,0,0,27.4,12.4,0.7,2.5,53.9,63.5,60.2,2.3,2.2,11.4,6.8,6.5,1.7,0,36.1,36.5,"",85.1,0,20.3,6.9,2.8,20.7,11.2
"BLUE RIDGE HEALTHCARE",84,3,3,0,0,0,0,100,0,0,1.3,1.7,1.7,1.7,3.5,3.4,0.3,62.8,85.7,1,5,1.7,355199,118399.67,0,0,32.9,15.2,1.7,1.1,39.3,49.5,57,3.4,3.7,23.7,4.2,4.9,5,2.1,15.7,23.1,90,85.6,0.2,12.8,6.1,8.9,38.3,11.1
"BLUEGRASS HEALTH KY",748,15,1,0,0,0,0,100,0,0,2.9,3.3,1.5,3.2,3.8,3.3,0.5,45.6,42.2,0.5,9,0.6,211968,14131.2,0,0,22.2,17.1,1.8,2.4,56,87.8,96.1,1.8,2.3,22.1,3.4,5,1.1,0.4,13.9,12.5,97.5,98.2,0,18.8,7.3,35.1,35.2,11.4
"BONAMOUR HEALTH GROUP",576,5,1,0,0,1,20,100,0,0,2.4,2,3.8,3.8,3.9,3.5,0.9,43.7,26,1,3,0.6,69471,13894.2,1,0.2,21.4,13.2,0.8,1.5,52.7,78,88.7,1.6,1.2,15.3,4.3,7.9,1,1,16.5,17.2,99.2,96.2,0,27.8,6.7,2.2,22.7,10.9
"BONCREST RESOURCE GROUP",86,5,4,0,1,0,0,40,60,0,2.4,2,3.4,3.4,3.7,3.4,0.8,50.6,48.4,0.6,3,0.6,42568,8513.6,1,0.2,22.4,11.5,1,2.9,49.1,64.4,70,1.5,1,15.5,7,4.5,1.1,0.4,28.6,22.6,92.8,89.9,0,26.6,5.5,1.7,13.7,11.3
"BRADFORD MONTGOMERY",87,11,2,0,1,1,9.1,100,0,0,2,2.5,1.7,2.8,3.9,3.6,0.2,70.1,81.9,1.1,6,0.5,189902,17263.82,1,0.1,36.9,18,3.2,6.6,54.4,84.4,71.1,2.2,2.5,27.6,4.5,3.2,0.7,3.4,16.7,14.6,94.8,88.5,0,17.1,2.7,3.7,26.2,11.6
"BRIA HEALTH SERVICES",88,15,1,0,3,9,60,100,0,0,1.3,1.7,1.1,2.9,3.6,3,0.5,59.4,55.8,1.1,88,5.9,5441883,362792.2,22,1.5,29.8,14.7,3.7,1.8,29.6,37.6,52.2,2.6,2.5,23.7,2.5,5.4,0.1,0.4,5.3,6,75.8,79.6,0,17.3,6.2,94.6,16.5,10.4
"BRIAR HILL MANAGEMENT",89,6,1,0,0,0,0,100,0,0,3.3,3,4.5,1.8,4.1,3.6,0.7,46.6,34.3,0,7,1.2,114017,19002.83,1,0.2,31.6,18.5,1.4,2.8,59.6,90.7,92.5,3.3,3.3,23.9,3,8.1,1.6,1.4,22.5,22.6,97.4,92.7,0,24.1,6.7,1.4,21.4,11
"BRICKYARD HEALTHCARE",90,23,1,0,0,3,13,95.7,4.3,0,2.7,2.4,2.7,3.9,3.6,3.2,0.7,48.3,40,0.8,7,0.3,120697,5247.7,0,0,27.4,11.4,1.6,2.3,48.1,67.1,69.9,1.7,1.5,15.8,3,3.8,0.2,0.2,10.1,8.8,91.4,88.3,0,26.3,4.7,25.4,27.6,10.6
"BRIDGES HEALTH",91,34,1,0,0,1,2.9,100,0,0,3.5,3.5,3.3,3.1,3.6,3.3,0.4,52.7,49,0.4,17,0.5,248228,7300.82,1,0,29.4,20.2,1.6,4.7,48.5,88.3,93.3,2.4,3.3,12.5,5.7,5.8,1.1,0.5,10.2,6.6,97.7,98.8,0.1,18.7,2.2,0.8,21.5,10.6
"BRIGHTON HEALTHCARE",848,8,2,0,2,3,37.5,100,0,0,1.5,1.8,1.9,2,3.3,2.9,0.5,64.2,62.8,0.9,21,2.6,748298,93537.25,2,0.3,27.8,9.7,3.5,4.4,41.5,66.7,66,1.9,1.8,32,5,4.8,1.4,1.2,27.8,25,86.2,84.4,0,22.5,6.6,7.5,27.1,10.4
"BROOKDALE SENIOR LIVING",93,14,10,0,0,2,14.3,100,0,0,3.4,2.6,4.1,4.4,4.8,4.2,1.2,46.2,44.2,0.5,13,0.9,548465,39176.07,1,0.1,22.3,10.3,0.7,2.4,59,88.6,91.9,2,1.3,8.3,4.3,5,1.8,0.4,19.5,14.7,95.5,97.7,0,22,9.7,1,15.8,10.6
"BUCKNER RETIREMENT SERVICES",706,5,1,0,0,0,0,0,100,0,4.2,3.4,4.4,4.4,5.1,4.7,0.9,46.1,51.8,0.8,4,0.8,89526,17905.2,0,0,21.4,9.6,1,1.7,72.1,98.1,99.6,1.9,1.2,7.3,3.7,6.7,1.6,0.6,14.6,6.7,100,100,0,6.6,1.2,0.2,17.4,11.5
"BVHC, LLC",82,12,1,0,0,1,8.3,100,0,0,3.5,3,3.7,3.8,4.2,3.8,0.6,39,39,0,11,0.9,125961,10496.75,3,0.3,27.3,15.2,0.9,1,48.9,98.7,98.5,2.3,2.2,11,2.1,4.5,1.9,0.6,8.3,6.8,99.4,99.9,0.4,7.8,5.2,0.8,12.9,10.5
"C. ROSS MANAGEMENT",95,8,1,0,1,2,25,100,0,0,2.1,2.8,1.1,2.4,3.2,2.8,0.3,42.4,52.9,0.3,7,0.9,279541,34942.63,1,0.1,26.2,12.1,3.2,2.4,38.9,65.8,74.7,2.8,4.1,36.2,5.5,4.1,4.6,0.7,24.3,22.3,95.7,92,0.2,17.2,7.1,32.9,31.1,14.5
"CADIA HEALTHCARE",96,5,1,0,1,0,0,100,0,0,3.2,2.4,3.8,4.6,3.9,3.6,0.7,45,40.6,0.6,8,1.6,189730,37946,1,0.2,22.9,11.7,0.2,1.6,61,72.4,97.4,1.9,1.5,7.3,2.9,3.9,1.1,0.3,12.4,13,94.1,99.8,0,17,4.2,2.7,27.3,10.1
"CALDERA CARE",97,7,1,0,0,0,0,100,0,0,2.9,2.6,3,4.1,4,3.5,0.6,53.5,52.9,2,7,1,360734,51533.43,0,0,19.5,14.1,1.8,2.5,61.7,76.1,81,0.7,1.3,20.5,2.1,7.6,1.9,1.3,14.6,11.8,95.6,94.1,0,22.6,7.3,6.3,11.3,9.6
"CAMBRIDGE HEALTHCARE SERVICES",98,32,1,1,0,1,3.1,100,0,0,2.6,2.4,3.1,4.1,4.1,3.7,0.5,38.3,44.4,0.3,30,0.9,1241055,38782.97,11,0.3,24,10.5,1.1,1,45.9,97.3,98.1,2.6,1.6,11.3,1.8,5.1,1,0.4,9.7,8.6,98.9,99.6,0,12.4,4.4,13,13,10.5
"CAMPBELL STREET SERVICES",99,20,3,1,1,1,5,100,0,0,2.2,2.2,2.6,3.4,3.6,3.2,0.7,56.5,60.1,1.3,15,0.8,446263,22313.15,7,0.4,25.3,12.5,1.5,3.8,52.8,78.2,87.9,1.5,2.1,20.1,3.3,3.4,2.4,1.1,18.6,17.8,96.9,97.4,0.2,27.7,6,3.3,20.4,10.1
"CANTEX CONTINUING CARE",100,38,2,0,1,3,7.9,97.4,0,2.6,3.1,2.9,1.8,4.4,3.3,2.9,0.4,50.4,46.2,0.8,53,1.4,1539162,40504.26,2,0.1,25.2,11.1,0.5,1.1,55.1,97.4,96.4,1.9,1.7,5.7,2.8,3.9,0.2,0,10.3,10.8,99.6,97,0,10.2,2.3,0.8,15.6,11.2
"CARADAY HEALTHCARE",103,9,1,0,0,1,11.1,77.8,0,22.2,2.6,3,1.6,3.3,3.1,2.8,0.3,51.7,42.4,0.8,16,1.8,452612,50290.22,0,0,23.5,11.2,2.4,2.1,43.8,61.9,62.7,2,1.6,13.4,5.3,3.8,0.5,0.3,18.9,18.4,94.5,88.5,0,18.2,5,1.8,20.7,10.8
"CARDON & ASSOCIATES",105,20,1,0,0,0,0,40,5,55,3.8,3.3,2.5,4.7,3.5,3,0.6,52.5,44,0.2,4,0.2,74366,3718.3,0,0,20,10.3,0.9,1.7,64.5,87.1,88.7,1.4,1.4,12.7,4.6,4.1,1.2,0.1,10.1,8.9,97.7,96.4,0,23.1,6.9,6.8,24.5,11.9
"CARE & REHAB",673,6,2,0,0,0,0,100,0,0,3.8,3.3,4.5,3.5,4.2,3.8,0.9,32.1,27,0.3,2,0.3,165175,27529.17,1,0.2,22.1,18.8,0,3.8,48.5,81.6,83.4,0.8,2.3,15.6,2.2,6,1.7,2.7,21,20.5,97.8,98.5,0,25,3.2,4.2,10.8,9.6
"CARE INITIATIVES",106,43,1,0,0,0,0,9.3,90.7,0,3,2.6,3.6,3.8,3.3,3,0.7,42.3,41.6,0.8,22,0.5,926951,21557,7,0.2,22.5,13.6,2.6,2.3,49.3,77.7,89.1,1.3,2.1,22.3,2.8,3.1,1.7,1,16.7,13.2,95.8,97.4,0.1,26.6,4.2,3.2,23.5,10.8
"CARECORE HEALTH",108,12,1,0,0,1,8.3,100,0,0,2.1,1.9,1.8,4.1,3.5,3.1,0.4,61.3,51.8,0.8,3,0.3,97734,8144.5,3,0.3,30.9,14.2,1.2,2.7,39.1,54,66.7,1.7,1.8,21.9,3.2,4,0.4,0,6.2,5,91.8,87.8,0,19.7,6.5,31.9,25.4,11.5
CAREONE,109,37,4,0,0,1,2.7,100,0,0,3.4,2.9,3.3,4.6,3.8,3.4,0.7,28.9,33.2,0.8,21,0.6,562633,15206.3,0,0,24.9,9.4,1.1,1.9,66.2,76.2,75.8,1.7,0.9,17.6,2.6,7.7,0.9,0.8,12.6,12.4,93.5,87.5,0,19.9,5.6,12.3,18.1,11.5
"CARERITE CENTERS",110,34,4,0,0,1,2.9,100,0,0,3.5,2.7,2.1,4.8,3.4,3,0.6,41.1,45.2,0.3,15,0.4,670019,19706.44,2,0.1,20.9,6.8,0.6,1.5,60.8,76.5,77.8,1.6,0.8,7.4,2.9,5.5,0.7,0.1,12.4,11.5,92.7,90,0,20,6.6,18.1,17.3,10.3
CARESPRING,111,16,2,0,0,0,0,100,0,0,4.3,3.6,2.6,4.9,4.1,3.6,0.7,51.6,39.4,0.5,4,0.3,86280,5392.5,1,0.1,25.1,10.8,0.8,2.1,65.5,94.9,99.9,1.6,1.2,10.9,3.5,2.8,0.1,0.3,6.5,4,96.8,99.9,0,26.8,7,48.1,22.1,11.9
"CARING HEALTHCARE GROUP",113,14,1,1,0,1,7.1,64.3,7.1,28.6,3.3,3,1.8,4.2,3.8,3.2,0.3,52.9,48.7,0.1,20,1.4,607617,43401.21,0,0,24.7,14.9,1.2,2.1,58.7,95,96.1,2.3,2.2,10.1,1.3,2.5,0.2,0,10,13.1,99,99.5,0,4.5,1.6,1.9,16.2,11.2
"CARING PLACE HEALTHCARE GROUP",114,5,1,0,0,0,0,100,0,0,4,3.4,1.8,4.8,3.8,3.5,0.4,50.6,38.3,0.8,1,0.2,15924,3184.8,0,0,22.7,7.6,0.8,0.7,55.5,82.3,83.2,1.5,1.2,7.8,2,0.5,0.5,0.1,8,4.3,98,91.5,0,25.3,7.4,43.6,25.6,11.4
"CARLYLE SENIOR CARE",599,7,1,0,0,1,14.3,100,0,0,2.1,2.7,3.1,1.3,3.7,3.2,0.4,42.1,29.9,0,5,0.7,76181,10883,0,0,25,19.5,1.6,4.2,29.4,84.2,81.7,3,3.7,25.5,4.3,4.8,3.4,1.8,22.2,21,98.2,99.2,0,13.5,8.1,2.2,19.7,11.5
"CARMELITE SISTERS FOR THE AGED & INFIRM",802,9,8,0,1,2,22.2,11.1,88.9,0,2.6,2.1,3.6,4,4,3.7,0.7,48.9,40.7,1.2,8,0.9,437563,48618.11,2,0.2,24.5,12.4,1.1,1.8,45.6,92.2,90,1.6,0.9,14,3.1,3.6,1.2,0.3,15.1,13,98.9,98.7,0,21.9,5.3,13.4,14.9,10
"CARMELITE SISTERS FOR THE AGED AND INFIRMED",115,3,2,0,0,0,0,0,100,0,3.7,3.7,3.7,3.7,4.4,4.2,0.8,53.1,52,0,1,0.3,46410,15470,0,0,27.6,9,0.5,3.2,54.3,85.4,76.9,1.9,1.6,15.9,3.6,4.4,3.2,0.6,17.7,16.9,98.2,87.9,0,22,6.9,9.7,12.6,10.8
"CARROLTON NURSING HOMES",749,6,1,0,0,1,16.7,100,0,0,2.2,2.3,2.2,2.2,3.2,3,0.3,41.1,45.7,0.5,4,0.7,99981,16663.5,1,0.2,22.9,15.3,2.6,5.8,43.7,40.1,36.6,2.2,2.6,15.6,2.6,10.4,2.7,1.4,22.1,11.6,80.3,72.4,0,16.8,8.3,1.4,24.7,10.7
"CASA CONSULTING",695,7,1,0,2,1,14.3,42.9,28.6,28.6,1.1,1.1,1.1,3.4,3.5,2.9,0.4,"","","",7,1,96003,13714.71,4,0.6,23,11.3,1,4.2,52.1,46.8,42.5,1.9,1.4,17.6,2.9,6.5,0.7,0.9,11.5,8.6,83.4,60.7,0,27.1,5.9,27.8,13.9,11.7
"CASCADES HEALTHCARE",117,20,4,0,1,5,25,85,0,15,2,1.8,2.2,4.1,3.5,3,0.8,61.6,55.1,0.6,36,1.8,1574555,78727.75,12,0.6,21,12.9,1.6,1,50.6,76.2,76.8,1.5,1.6,19.3,3.1,3.7,1.4,0.8,13.7,12.1,95.4,90.8,0,18.4,3.4,27.3,23,10.4
"CASCADIA HEALTHCARE",118,44,5,1,3,2,4.5,100,0,0,3.2,2.9,2.8,4,3.7,3.2,0.8,51.9,44.6,0.4,49,1.1,1030150,23412.5,2,0,19.6,13.3,1.3,1.6,54.2,83.3,89.8,1.2,1.8,16.8,2.9,3.6,1.7,0.8,19.7,16.8,94.5,97,0,23.9,5.7,16.1,16.6,10.1
"CASSENA CARE",119,13,1,0,0,0,0,100,0,0,3.8,3.2,2.9,4.8,3.4,3.1,1.2,39.2,43.9,0.6,5,0.4,117722,9055.54,0,0,21.7,10.6,0.9,0.8,81.4,93,96.9,2,1.4,8.6,2.5,4.7,0.8,0.2,6.7,9.2,96.9,99.6,0,17.8,7.1,62.7,8,9.4
CASSIA,120,16,4,0,0,0,0,0,100,0,4.4,3.4,4.7,4.3,4.5,4,1.2,40.9,36.7,0.3,8,0.5,107003,6687.69,1,0.1,24.9,11.1,1.3,1.9,58.7,92.6,95.7,1.5,1.3,13.1,3.4,4.6,1.5,0.4,17.3,13.1,97.6,98.4,0,21.1,1.3,2.9,10.8,10.3
"CASTLE HEALTHCARE",121,9,1,0,0,0,0,55.6,44.4,0,3.1,2.7,1.4,4.7,3.2,2.9,0.4,50.4,43.9,1.1,3,0.3,139804,15533.78,0,0,22.2,16.6,0.2,0.9,60.2,57.4,72.6,1.5,1.7,18,2.6,3.7,0.5,0.3,7.1,3.1,87.3,88.3,0,21.2,5.8,26.8,23.9,10.7
"CATHOLIC CHARITIES NEW HAMPSHIRE",122,6,1,0,0,0,0,0,100,0,3.8,3.8,4.2,3.5,4,3.6,0.6,50.8,48.7,0.3,0,0,0,0,0,0,19.2,18.4,0.4,1.4,56.5,89.7,91.5,1.9,2.2,5.2,4.7,4.4,4.3,1.2,17.1,21.9,98.2,98.6,0,30,6.8,0.3,18.4,10.3
"CAVALIER HEALTHCARE",691,4,3,0,0,1,25,100,0,0,2,2.3,3,3,3.8,3.2,0.4,50.9,66.2,1.3,11,2.8,76904,19226,0,0,32.7,14.5,2.8,1.9,58.6,90.4,90.8,2.6,2.9,11.2,3.5,4.5,2.1,0.2,17.6,17.6,91.8,97.9,0,15.2,4.6,0.3,22.3,11.5
"CCH HEALTHCARE",124,32,3,0,0,3,9.4,100,0,0,2.6,2.4,2.5,3.8,3.8,3.3,0.6,58.2,53.7,0.7,41,1.3,1193015,37281.72,8,0.3,23.2,13.3,1.4,2.2,51.8,64.2,68.3,1.9,2,10,3.3,5.2,1.1,0.1,9,7.6,91.3,87.8,0.1,22,8.5,9.1,26.8,10.5
"CEDAR VIEW HOLDINGS",888,9,2,0,1,1,11.1,100,0,0,1.3,1.3,2,3,3.3,3,0.5,52.8,59.5,0.5,11,1.2,514936,57215.11,7,0.8,19.5,12.1,2.3,1.9,55.2,66.5,59.2,1.8,1.9,21.5,4.8,4.7,1.9,0.7,18.2,16,90.3,81.9,0.2,26.8,6.3,6.8,19.7,10
"CELEBRATE SENIOR LIVING",647,3,2,0,0,0,0,66.7,33.3,0,3.3,4,2,3,3.7,3.3,0.6,39.2,43.4,0,3,1,51438,17146,0,0,23.4,12.5,0.5,3.4,51,80.5,85.5,2.8,1.7,15.8,3.8,5,1.9,0,22.7,16.6,97.8,93.8,0,25.8,8.2,65.8,15.1,10.7
"CENTENNIAL HEALTHCARE",750,8,1,0,0,3,37.5,100,0,0,2.5,2.4,2,4.4,3.2,2.8,0.8,40.3,36.8,0.4,10,1.3,185777,23222.13,0,0,14.2,14.3,0.1,2.7,60.2,86.1,93.5,1.2,3.1,23.9,5.4,1.8,0.5,0.2,8,8.6,96.9,99.2,1.4,16.6,3.1,53.3,20,10.3
"CENTER MANAGEMENT GROUP",619,17,4,0,0,0,0,100,0,0,3.2,2.9,1.8,4.4,3.5,3.1,0.5,44.1,35,0.4,2,0.1,29546,1738,0,0,22.9,9.4,0.9,1.2,63.9,70,67,1.9,1.3,7.8,2.7,5,0.3,0.2,5.9,7,95.5,89.2,0,22.8,7.1,57,18.5,10.9
"CENTERS HEALTH CARE",127,37,3,0,3,4,10.8,100,0,0,2.2,2.1,1.9,4.1,3.5,3,0.4,50.5,50,0.5,13,0.4,706850,19104.05,0,0,23,12.8,0.5,2.4,60.8,86.2,86.3,1.8,1.8,11.2,2,6.4,0.6,0.3,11.3,12.6,95.3,97,0,18.9,5.7,30.5,12.9,10.3
"CENTRAL ARKANSAS NURSING CENTERS",129,39,2,0,0,1,2.6,100,0,0,3.7,3.2,3.5,4.3,4.5,3.9,0.3,50.8,39.8,0,14,0.4,491800,12610.26,1,0,22.4,11,0.9,2.7,55.4,75.9,89.7,1.7,1.5,7.1,4,3.5,0.9,0.7,12.6,10.6,93.6,97.9,0,17.6,3.7,0.6,24,10.9
"CENTRAL MANAGEMENT COMPANY",130,21,1,0,0,4,19,100,0,0,2.5,2.7,3.1,2.3,3.7,3.3,0.3,43,26.1,0.4,23,1.1,860791,40990.05,0,0,26.4,14.1,2.9,3.4,59,81.5,93.5,2.5,2.1,20.4,3.7,4.5,2.7,1.6,19.3,20.9,98.4,97.8,0.1,11.6,5.2,3.9,28.7,11.2
"CENTURY CARE MANAGEMENT",131,7,1,0,0,0,0,100,0,0,4.1,4.1,2.9,3.6,4,3.3,0.4,41.3,44.5,0.3,2,0.3,32764,4680.57,0,0,22.1,12.7,1.2,2,58,88.5,96,1.7,2.1,15.6,2.7,6.9,0.9,0.8,27.8,20.1,99,97.4,0,18.9,8.2,6.2,16.2,11.9
"CENTURY HEALTHCARE",638,9,1,0,0,2,22.2,100,0,0,1.9,1.8,1.8,3.9,3.3,3.1,0.5,47.8,51.6,0.8,12,1.3,662920,73657.78,3,0.3,23,11.2,1.6,1.8,56.3,52.7,62.7,1.7,1.5,21.2,2,3.6,0.9,0.7,9.8,8.1,88.9,90,0,23.7,5.8,17.7,23.4,10.9
"CERTUS HEALTHCARE",132,11,2,1,1,3,27.3,100,0,0,2,1.9,1.4,4.2,3.2,2.8,0.5,43,46.1,1.1,15,1.4,415609,37782.64,3,0.3,27.7,15.1,1.8,4.1,43.8,81.5,87.2,1.9,1.9,10.2,3.6,3,0.6,0.1,2.8,3.9,97.6,99.1,0,20.9,7.1,6,28.2,10.5
"CHAMBERS COUNTY PUBLIC HOSPITAL DISTRICT NO. 1",133,7,1,1,0,2,28.6,57.1,0,42.9,3.2,3.3,2.5,2.8,3.7,3.3,0.5,51.8,56.7,0.9,10,1.4,401407,57343.86,1,0.1,24.4,12.6,2.4,2.2,44.6,83.1,89.6,2.7,2,8.4,2.7,6.3,1.4,0.5,16,15.8,97.5,97.9,0,17,7.8,1,17.2,11
"CHAMPION CARE",134,21,3,1,3,2,9.5,100,0,0,2.3,2.3,2.2,2.9,3.5,3.1,0.6,55.3,49.4,0.7,16,0.8,1121907,53424.14,4,0.2,23,12.7,2.6,3.3,44.8,62.9,72.2,1.8,2.3,20.7,2.5,6.5,1.6,1.2,17.4,12.5,85,82.2,0.1,19.1,6.4,17.1,28,10.8
"CHARIS TRUST DTD 12/22/16",136,6,1,0,0,0,0,100,0,0,3.3,2,4.2,5,4.4,4,0.6,27.7,27.5,0,5,0.8,66180,11030,2,0.3,21.5,8.6,0.8,0.2,51.1,97.6,99.3,2.1,1.2,7.1,0.5,3.6,0.6,0.5,5.4,4.4,99.7,99.9,0,4.9,2.2,2.6,10.4,10.2
"CHARLESTON HEALTHCARE GROUP",137,5,2,0,1,2,40,80,0,20,2.2,2.4,1.4,2.6,3.1,2.8,0.3,43.8,53.4,0.4,14,2.8,470845,94169,3,0.6,26.3,17.5,3.1,1.7,59.3,99.7,99.5,2.2,3.1,7.4,4.7,4.1,0.6,1.2,17.8,19.4,99.6,100,0,20.5,5.4,2.7,29.3,10.5
"CHELSEA JEWISH LIFECARE",138,5,1,0,0,0,0,0,100,0,4.8,4.2,3.8,4.8,4.8,4.5,0.7,27.1,27.6,0.6,2,0.4,21662,4332.4,0,0,25.7,7.8,0.3,1.6,55.4,93.8,98.3,2.1,0.7,15.9,2.7,5,0.6,0.4,13.6,11.8,99.5,98.3,0,12.1,4.1,27,16.4,10.3
"CHRISTIAN CARE COMMUNITIES",142,5,1,0,0,1,20,20,80,0,2.8,2.8,3.4,3.6,4.5,4.1,0.7,55.7,42.4,0.3,3,0.6,171317,34263.4,0,0,26.8,14.8,1.6,3.1,55.9,82.4,68.8,1.4,2,13.9,3.5,4.6,3.4,1.6,14.4,13.4,95.9,93.6,0,16.7,9.4,2.3,33.3,10.3
"CIENA HEALTHCARE/LAUREL HEALTH CARE",144,83,5,0,2,6,7.2,100,0,0,2.8,2.6,3.2,4,3.6,3.2,0.6,42.1,41.6,0.3,71,0.9,2864404,34510.89,20,0.2,24,11.2,1.1,2.5,52.7,80.1,82.5,1.8,1.5,12.9,2.9,5.5,1,0.5,13.1,10.6,93.3,94.6,0.1,23.3,6.2,5.1,21.1,10.8
"CIRCLE B ENTERPRISES",145,36,2,0,0,4,11.1,100,0,0,2.5,3.1,2,1.8,3.4,3,0.4,59.2,47.8,0.6,15,0.4,480921,13358.92,4,0.1,24.2,15.8,2.5,2.6,44.8,54.9,66.2,2.1,2.5,28,4,6.6,2.3,1.8,27.8,27.3,92.3,84.5,0.2,21.1,6.3,16.6,29.5,11.2
"CITADEL CARE CENTERS",146,5,1,0,0,1,20,100,0,0,3,2.6,2.8,4,3,2.8,0.7,34.3,40.4,0.4,2,0.4,55693,11138.6,0,0,20.4,11.4,1.5,0.6,68.9,61.8,43.6,1.3,1.1,8.1,1.9,6,0.2,0.2,6.6,7.4,85.3,73,0,17.9,5.9,14.1,7,10.5
"CITADEL HEALTHCARE",147,13,1,0,0,0,0,100,0,0,3.6,3.7,1.9,3.3,3.3,3,0.7,35.1,32.2,0.1,10,0.8,187641,14433.92,0,0,27,11.8,1.8,1.6,43.7,75.1,77.3,2.5,1.6,31.1,2.4,5,0.3,0.4,9.2,7.3,94,92.5,0,17,6.6,89.6,17.7,10.4
"CITIZENS MEMORIAL HEALTH CARE",148,6,1,0,0,0,0,0,100,0,3.5,3.8,2.3,2,3.2,2.9,0.5,50.5,48.5,0.2,0,0,0,0,0,0,25.5,13.8,2.6,5.3,48.3,92.6,94.6,2.1,3.1,19.2,4.5,2.7,3.5,0.1,24.9,25.7,98,98.2,0,15.8,3.7,4.8,25.6,10.9
"CITRUS WELLNESS CENTRE",849,5,1,0,0,0,0,100,0,0,2.4,2.6,1,4.4,"","","","","","",5,1,114240,22848,1,0.2,22.1,9.7,0.8,2,62.3,96,96.3,2.6,1.7,8.8,1.3,6.5,0.4,0.5,8.3,10.4,99.2,99.3,0,10.8,5.2,18.9,18.4,10.2
"CIVITA CARE CENTERS",683,6,1,0,0,5,83.3,100,0,0,1.8,2,2.7,2.3,3.6,3.3,0.6,40.8,47.9,0,4,0.7,95804,15967.33,0,0,29.3,10,3,1.9,50,65.5,68.2,2.3,2.1,25.7,2.8,4.4,2.2,1.2,20.9,22.1,87.3,75.1,0,16.8,8.2,14.8,15.9,11.1
"CLEAR CHOICE HEALTHCARE",149,9,2,0,0,0,0,100,0,0,3.8,3.3,3.6,4,4.1,3.5,0.6,47.9,49.6,1.1,9,1,156238,17359.78,0,0,26.3,10.3,1.4,1.2,54.2,95.7,99.1,2,1.3,8.1,2.5,4.4,0.9,0.7,14.7,13.5,99.8,99.7,0,13.8,5.2,1.9,18.6,12.3
"COLEV GESTETNER",689,7,4,0,0,0,0,100,0,0,4.3,3.9,3.1,4,3.9,3.5,0.6,43.5,34.2,0.6,4,0.6,45480,6497.14,0,0,27.4,7.3,1.1,1.8,69.5,82.9,75.5,2.4,1.4,10.3,2.1,5.5,0.5,0.3,5.5,5.5,99.1,90.6,0,18,5.5,18.4,15.2,11
"COLUMBINE HEALTH SYSTEMS",707,5,1,0,0,1,20,100,0,0,4.4,4.2,4.3,4.2,4.1,3.6,1.2,53.4,36.2,0.4,3,0.6,34334,6866.8,0,0,23.6,15.4,1.6,1.8,57.8,88.3,91.3,1.2,1.4,16.6,3.2,3.5,3.1,0.2,24.9,17.5,99,98,0,24.6,4.5,5,15.6,9.5
"COMMCARE CORPORATION",150,16,2,0,0,0,0,6.3,93.8,0,3.2,3.1,3.3,3.6,4.3,3.5,0.3,48.2,38.9,0.3,7,0.4,578678,36167.38,5,0.3,27.5,14.3,1.3,1.8,63.6,94,95.2,2.4,2.1,13.4,3.1,5,0.7,0.4,15.9,14.2,98.8,98,0,15.4,5,0.9,24.5,11.5
"COMMONSPIRIT HEALTH",151,19,10,0,2,2,10.5,15.8,84.2,0,2.9,2.7,3.3,3.7,5.2,4.6,1.3,40.9,43.9,0.8,17,0.9,1245952,65576.42,10,0.5,26.9,13.3,1.4,2.5,61.3,72.4,80.7,2,2,12.8,3.1,6.3,1,1,15.7,14.7,92.9,92,0.7,17.6,6.8,24.2,20.5,11.1
"COMMONWEALTH CARE OF ROANOKE",152,12,1,0,0,1,8.3,100,0,0,3.7,3.3,2.6,4.4,3.6,3.2,0.5,41.8,46.8,0.3,3,0.3,29111,2425.92,0,0,22.8,10,1.2,1.5,52.4,93.1,91.2,1.4,1.4,14.5,3.6,4.1,0.9,0.3,19.5,15,99.2,98.2,0,21.7,6.5,1.8,20.5,11.5
"COMMUNICARE HEALTH",153,121,6,0,6,17,14,95.9,3.3,0.8,3,2.5,2.6,4.4,3.5,3.1,0.6,43.6,42.9,0.7,89,0.7,4653413,38457.96,11,0.1,23.7,12.3,0.7,1.7,59.4,72.4,69.8,1.6,1.7,11.7,3.7,3.5,0.5,0.1,11.2,9.6,96.6,94.7,0,22.6,5.1,17.3,25.2,11
"COMMUNITY CARE CENTERS",154,8,1,0,1,1,12.5,100,0,0,2.6,3.1,2,2.1,3,2.7,0.4,55.4,58.6,1,4,0.5,238982,29872.75,3,0.4,18.7,8.1,3.9,3.2,46.7,70.3,81.4,2.5,2.7,21.8,6.2,5.6,2.4,1.6,25.2,22.5,95.7,94.4,0.4,23.3,6.4,4.9,26.4,11.2
"COMMUNITY ELDERCARE SERVICES",155,17,2,0,1,4,23.5,100,0,0,1.7,1.9,2.8,1.8,3.5,3.1,0.5,50.4,55.3,2.1,20,1.2,673624,39624.94,3,0.2,29.8,16,2,3.5,37.5,62.5,73,1.9,2.3,24.5,3.7,7.4,1.2,0.8,30.3,25.2,91.5,91.7,0,21.3,9.4,2.1,33.1,12.4
"COMPASS HEALTH, INC.",156,7,1,0,0,0,0,100,0,0,5,5,3.5,5,4.8,4.2,0.4,41.1,30.5,0.3,0,0,0,0,0,0,21.7,15.1,1,0.5,53,99.9,100,1,1.3,17.9,0.8,1.7,0.7,0,7.7,5.7,100,99.9,0,5.6,2.9,1,25.5,9.7
"COMPLETE CARE",157,85,8,0,0,6,7.1,100,0,0,3.2,2.8,2.5,4.4,3.6,3.3,0.6,46.1,44.6,0.4,68,0.8,2279551,26818.25,12,0.1,23.9,9.6,1,2.3,70,81.4,77.1,1.8,1.2,11.9,2.4,4.9,0.8,0.5,12.4,10.5,98.6,93.9,0,22.6,4.4,26.1,18.1,10.9
"CONCORDIA LUTHERAN MINISTRIES",573,9,3,0,0,0,0,0,100,0,3.6,3.3,3,4.6,3.9,3.5,0.8,36.4,30.5,0.3,6,0.7,56610,6290,0,0,27.2,8.8,1.2,1.4,65.8,83.7,96,1.9,1.3,12.3,2.1,5.6,0.8,1.5,22.7,12.4,96.1,96.2,0,27.5,7.3,10.3,18.3,11.2
CONHOLD,720,5,1,0,0,1,20,100,0,0,3.8,3.6,2.4,3.6,3.3,3.1,0.2,64.8,57.1,1,2,0.4,64932,12986.4,1,0.2,32.8,20.1,0.7,0.6,57.5,81.5,92.6,2.4,2.4,11,3.4,3.6,0.6,0.8,8.8,11,91.7,100,0,19.4,1.9,3,32.7,11.3
"CONSULATE HEALTH CARE/INDEPENDENCE LIVING CENTERS/NSPIRE HEALTHCARE/RAYDIANT HEALTH CARE",158,11,2,0,0,0,0,100,0,0,2.6,2.7,3.4,2.9,3.4,3.1,0.7,44.8,48.5,0.5,19,1.7,172510,15682.73,0,0,28.8,10.8,1.7,3.4,48.2,94.3,90.9,2.8,2.3,13.7,2.5,6.6,1.4,1,17.8,16,99.6,96.1,0,17.9,4.6,2.5,14.7,11.7
"CONTINUING HEALTHCARE SOLUTIONS",159,12,1,0,0,2,16.7,100,0,0,2,1.8,1.8,4.4,3.3,3,0.6,51.1,53.7,0.5,6,0.5,250380,20865,2,0.2,25.4,15.9,1.7,0.8,51.5,83.2,89.1,1.4,2.3,10.3,3.3,4.2,0.3,0.1,3.7,3.6,95.5,92.5,0,21.5,7.9,21.7,27.6,10.6
"CONTINUING LIFE",160,6,1,0,0,0,0,100,0,0,4.8,4.2,4.8,4.5,5.4,4.9,1,33,28.2,0.7,8,1.3,55284,9214,0,0,22.3,11.7,0.4,2.5,56.6,96.6,99.3,1.1,1,11.3,2.7,2.3,0.5,0.7,15.3,8,100,100,0,13.5,8.1,0.2,15,9.9
"CONTINUUM HEALTHCARE",161,13,6,0,0,2,15.4,92.3,7.7,0,2.5,2.5,2.8,3.5,3.5,3.2,0.5,49.4,37.9,0.4,12,0.9,199854,15373.38,0,0,21.7,10.3,1.8,2.1,49.3,71.5,72.3,1.8,1.8,15.4,3.9,4.7,1.3,0.6,21,18.3,96.6,91.8,0,25.1,7.3,14.7,23.6,10.8
"CORE HEALTHCARE",850,7,1,0,0,2,28.6,100,0,0,1.9,1.9,2,3.4,3.6,3.3,1,62,63.4,1.4,1,0.1,18962,2708.86,0,0,27.1,10.1,0.9,3.5,42.4,75.2,76.9,2.1,1.1,15.5,2.3,7,1.4,1.4,11.4,11.6,98.8,90,0,25.3,8.6,12.8,19.4,10.5
"COREWELL HEALTH",721,8,1,0,0,0,0,0,100,0,4.3,3.8,4.3,4.4,4.5,3.9,1.2,36.2,20.8,0.1,2,0.3,24420,3052.5,1,0.1,24.2,12.9,0.6,2.1,56.8,95.4,92.7,1.7,1.3,12.2,4.3,6.1,2.3,0.2,15.9,12,97.6,94.7,0,19.7,5.5,0.9,14.7,11
"CORPORATE INTERFACE SERVICES",863,41,1,0,1,7,17.1,95.1,2.4,2.4,2,2.4,1,4,4.6,4.2,0.3,44.4,80,"",52,1.3,1518387,37033.83,13,0.3,23.3,12.2,2,0.9,54.6,93.1,93.7,2.4,1.6,10,1.9,4.2,1,0.6,10.2,11.9,97.9,98.4,0,9.8,4.1,12.5,12.8,10.4
"CORYELL COUNTY MEMORIAL HOSPITAL AUTHORITY",163,9,1,0,0,1,11.1,88.9,0,11.1,2.8,2.9,1.9,3.3,3.3,3,0.3,48.3,57.7,0.1,10,1.1,370029,41114.33,1,0.1,28.1,19.8,3.2,4.9,56.8,94.8,94.4,2.2,2.9,16,3.7,4.1,0.9,0.4,13.2,16.2,97.5,99.1,0,17.3,3.5,5.8,22.7,10.8
"COUNTRY CLUB REHABILITATION CAMPUS",164,7,1,0,1,2,28.6,100,0,0,2.9,2.3,2.3,4.6,3.6,3.2,0.7,53.9,38.9,0.8,4,0.6,99377,14196.71,0,0,21.1,13.9,0.6,5.5,62.2,73.7,72.7,2.3,2.3,4,6.4,5.2,0.3,0.1,3.9,2.9,89.4,88.1,0,26.3,8,16.9,27.7,11.1
"COVENANT CARE",166,15,2,0,0,0,0,100,0,0,3.1,2.7,2.6,4.4,4,3.6,0.7,50,58.8,1.1,11,0.7,336676,22445.07,0,0,25.5,12,0.7,1.1,55.7,96.4,97.7,2.4,1.7,8.7,1.9,3.6,0.9,0.6,11,8.6,99.4,99.7,0,16,3.9,8.2,11.8,11
"COVENANT HEALTH",167,11,5,0,0,0,0,0,100,0,3,2.8,4.3,2.8,4.2,3.9,1.2,41.6,33.9,0.2,14,1.3,356552,32413.82,2,0.2,26,14.1,2.1,2.1,46.3,75.9,73.6,1.7,1.6,17.9,3.9,3.6,2.1,0.6,25.8,20.3,96.6,92,0,28.4,5.8,2.5,19,10.8
"COVENANT LIVING",168,15,10,0,0,1,6.7,0,100,0,4.4,4.1,4.3,3.6,4.3,3.9,1,34.4,28,0.6,3,0.2,71683,4778.87,1,0.1,24.8,13,1.1,2.6,53.8,88.3,93.3,1.5,1.3,10.5,3.9,5.7,2.5,0.9,23.1,20.3,94.3,97.3,0,24.2,5.5,2.3,10.9,10.6
"CREATIVE SOLUTIONS IN HEALTHCARE",169,149,1,0,7,22,14.8,84.6,0,15.4,2.2,2.7,1.1,3.5,3.1,2.7,0.4,92.9,92.4,1.5,245,1.6,9057717,60790.05,18,0.1,26.8,14.2,1.4,3,55.5,96,94.2,2.2,2.2,8.9,3.7,4.5,0.7,0.2,15.8,17.9,99.7,98.9,0,15.2,2.6,2,14.3,11
"CREST HEALTHCARE CONSULTING",170,13,1,0,0,3,23.1,100,0,0,2.1,2.5,1.3,2.8,3.2,2.8,0.5,51.1,43.8,0.7,34,2.6,1991282,153175.54,13,1,21.9,15.3,1.7,2.5,42.6,62.7,59.1,1.9,3.2,13,4.6,5.1,1.5,0.6,14.6,12.8,86.5,81.2,0.2,27.7,9,65.1,25,11.1
CRESTPARK,722,6,1,0,0,0,0,100,0,0,2.8,2.8,3,3,4.3,3.8,0.6,31.1,29.5,0.3,3,0.5,35166,5861,0,0,26.3,7.4,0,1,70.7,56.4,66.8,2.1,3.9,14.7,4.4,5.2,4.4,2.9,12.4,9.6,96.9,93.6,1.1,5.5,3.7,2.2,16.8,11.2
"CROSS HEALTHCARE MANAGEMENT",751,6,1,0,0,1,16.7,83.3,16.7,0,3.2,3.3,1.2,4.3,3.2,2.8,0.3,71,66.2,0.3,5,0.8,73936,12322.67,0,0,26,12.3,1,1.6,56.1,91.6,99.1,2.2,1.6,7.1,2.2,4.8,0.8,0.4,8.7,7.7,91.6,99.5,0,20.1,4,1.7,22,11
"CROSSROADS MEDICAL MANAGEMENT",172,6,1,0,0,0,0,100,0,0,3,3.3,3.3,2.7,3.8,3.4,0.6,49.3,36.2,0.2,8,1.3,114541,19090.17,1,0.2,25.8,11.1,1.7,3.5,46.8,94.7,97.9,2.1,2,13.6,4.2,4.7,3.2,1.2,18.6,16.4,99.2,99.7,0,17.7,6.4,3.6,22.1,11.9
"CROWN HEALTHCARE GROUP",173,9,1,0,0,1,11.1,100,0,0,1.8,2.3,1,4.1,3.1,2.9,0.5,51.9,60,1,4,0.4,334577,37175.22,2,0.2,25,13.9,1.4,3.1,54.1,74,86.9,1.5,2,13.2,2.1,3.4,0.2,0.1,6.6,4.7,86.9,95.8,0,23.2,7.7,49.6,27.7,10.6
"CROWNE HEALTH CARE",174,18,1,0,0,1,5.6,94.4,5.6,0,4.2,3.8,4.4,2.9,4.5,3.6,0.7,38.6,28.4,0.1,1,0.1,42884,2382.44,1,0.1,23,10.5,2.4,2.4,51.1,79.2,82.4,1.9,2.1,24,2.8,5.7,4.5,2.2,15.9,14.1,91.5,95.7,0.2,10.1,6.1,0.5,23,10.6
"CRYSTAL SOLORZANO",752,10,1,0,0,2,20,100,0,0,2.7,2.6,2.9,3.8,4.3,3.9,0.4,38.3,59.8,0.8,9,0.9,231255,23125.5,3,0.3,24,12.3,4.8,0.5,54.6,87.6,97.2,2.5,1.9,19,1.5,4.6,0.7,0.5,13.4,12,99,99.5,0.3,8.5,4.8,7.6,17.9,11.9
"CSJ INITIATIVES",864,2,2,0,0,0,0,0,100,0,4.5,4,4,3.5,4.6,4.1,0.7,32.9,35,0.5,0,0,0,0,0,0,21.4,9.9,3.1,0,51.8,94.4,78.6,1.3,1,19.6,6.5,5.1,3.2,0,14.8,15.7,100,100,0,29.8,6.6,6,13.6,11.2
CURA,865,9,1,0,0,1,11.1,11.1,88.9,0,2.4,2.8,3,2.2,4.4,3.9,1,98.5,100,"",4,0.4,74413,8268.11,3,0.3,21.9,20.5,2,3.9,51,74.6,93.6,1.5,3.5,13.8,3.9,6.7,4.4,3.4,24.2,18.3,90.8,99.3,0,26.5,4.7,3.5,13.1,10
"CYPRESS HEALTHCARE GROUP",175,13,1,0,0,2,15.4,100,0,0,3.7,3,3.8,4.5,4.4,3.9,0.6,38.6,37,0.1,6,0.5,41392,3184,0,0,22.1,15.8,0.9,1.9,63.3,97,98.5,1.9,1.6,8,1.3,4.4,0.6,0.4,10.2,5.7,98.8,100,0,10.5,3.4,2.3,9.5,10.9
"CYPRESS SKILLED NURSING",176,7,1,0,0,1,14.3,100,0,0,2,2.9,1.1,2.3,3.1,2.8,0.3,73.3,66.4,0.9,2,0.3,12516,1788,1,0.1,25.2,17.8,2.2,3.5,42.6,71.8,80.9,1.9,2.1,17.9,2.6,5.8,1.5,0.7,22.6,19.8,93.8,93.9,0,22.2,5.7,1.4,23.7,10.3
DAKAVIA,178,2,2,0,0,0,0,100,0,0,2,2,3,2.5,5.3,4.3,0.9,39.7,12.5,0,3,1.5,126916,63458,0,0,21.3,21.9,1.7,4.9,58,88.9,75.1,2.3,4.4,10.1,4.2,9.8,4.8,3.3,14.7,21.9,90.6,94,0,18.8,3.2,10.6,7.6,10.9
"DALLAS COUNTY HOSPITAL DISTRICT",844,5,1,0,1,3,60,40,0,60,3,2.2,2.8,4.8,3.6,3.2,0.6,48.8,53.2,0,12,2.4,235233,47046.6,0,0,22.8,13,0.9,0.6,65.2,93.1,92.7,1.4,1.4,3.9,1.9,2.4,0.4,0.3,19.4,15.4,99.2,99.5,0,10.5,1.6,1.3,17.4,12.2
"DAVID JOHNSON",851,46,2,0,0,4,8.7,100,0,0,3.1,2.6,3.1,4.4,4.3,3.9,0.5,34.1,35.3,0.4,33,0.7,618874,13453.78,3,0.1,24.6,9.8,1.5,0.9,66.2,95.6,97.1,2.4,1.6,8.8,1.2,4.7,0.6,0.4,6.9,8.1,98.3,98.1,0,7.5,2.6,8.5,11.8,10.6
"DAVID MARX",179,10,1,0,0,1,10,100,0,0,2.8,2.7,2,3.6,3.3,2.9,0.7,51.2,45,0.4,7,0.7,205440,20544,3,0.3,24.5,14.4,1.8,3.4,36.3,77.4,79.3,2.2,2.2,7.1,3.5,3.9,0.7,0.1,5,5.1,97.3,94.9,0,21.2,7.7,33.8,24.1,10.8
"DAVID OBERLANDER",812,7,1,0,3,1,14.3,100,0,0,1.4,1.3,1.6,4.1,3.8,3.4,0.6,64.8,55.7,0.6,8,1.1,769563,109937.57,7,1,27.1,17.8,0.8,4.3,59.5,68.5,69.4,2.5,2.2,10.7,2,4.1,0.1,0.1,5.6,5,91.4,90.3,0,20.1,8.4,60.4,23.7,10.9
"DAVID VANN & BOYD WRIGHT",723,5,1,0,0,0,0,100,0,0,3.4,3.2,3.2,2.4,3.9,3.4,0.4,51.4,51.1,1.2,5,1,52743,10548.6,0,0,31,12.4,2.3,2.4,46.7,82.9,79.6,2.8,2.9,5.6,2.6,7.8,1.3,0.8,18.4,15.9,97.9,96.7,0,18.3,4.7,0.1,16.6,11.6
"DELMAR GARDENS",180,12,4,0,0,0,0,100,0,0,2.9,3.1,2.9,2.4,3.9,3.7,0.4,46,41.6,0.5,11,0.9,184517,15376.42,3,0.3,25.7,11.3,1.4,3.8,39.3,64.9,65.9,2.4,1.2,21.3,4,5.1,3.8,1,18.7,17.8,91.9,84.1,0,17.4,6.3,1.3,19.1,12.2
"DIOCESAN HEALTH FACILITIES",184,5,1,0,0,0,0,0,100,0,4,3.2,5,2.8,3.9,3.6,0.8,30.7,25.4,0,5,1,222580,44516,0,0,20.2,11.5,1.3,2.5,46.3,71.9,72.6,1.7,1.1,21.4,4.2,3.5,3.3,1.7,19.4,22,95,92.2,0.3,19.7,5.7,2.1,15.4,11
"DIVERSICARE HEALTHCARE",185,46,6,0,1,2,4.3,93.5,4.3,2.2,2.5,2.4,2.9,3.5,3.3,2.8,0.6,45.9,43.1,0.7,36,0.8,989234,21505.09,5,0.1,23.4,13.2,1.5,1.9,52.9,86.3,84.9,1.9,2,14.2,3.3,5.9,1.5,0.7,14.5,13.4,96.6,92,0,19.4,5.8,1.7,21.9,11.2
"DIVINE HEALTHCARE MANAGEMENT",186,9,1,1,0,2,22.2,100,0,0,2.3,1.5,2,4.6,3.4,3.1,0.5,54,61.1,0.6,8,0.9,313831,34870.11,4,0.4,21.6,26.3,1.3,2,39.4,61.2,69.3,1.6,1.9,10.8,3,3.2,0.3,0.2,6.9,6.6,91.8,93.5,0,22,6.4,62.4,29.8,10.7
"DOVE HEALTHCARE",187,11,1,0,0,0,0,100,0,0,3.5,3.1,4,3.5,5.1,4.6,1.2,54.2,38.2,0.7,8,0.7,518224,47111.27,3,0.3,22.8,15.7,0.8,2,59.2,85.6,88.9,1.8,2.5,13.8,3,4.9,1.8,2.4,17,17.1,95.2,96.5,0,26.6,3.5,8,19.8,10.3
"EASTERN HEALTHCARE GROUP",608,18,1,0,1,5,27.8,94.4,5.6,0,1.3,1.9,1.1,3.1,3.2,2.8,0.4,59.1,61.2,1.1,25,1.4,1087401,60411.17,1,0.1,24.4,12.5,1,3.5,54.4,44.2,44.2,1.8,1.6,12.8,3.3,5.6,1.5,0.5,18.5,16.4,81.4,75.5,0,24,5.2,25.1,19,11.1
"EBENEZER SENIOR LIVING",784,6,1,0,0,0,0,16.7,83.3,0,3.7,3,4.7,3,5.7,5,2.3,35.3,32.7,0.4,4,0.7,51985,8664.17,0,0,26.2,12.9,1.8,2,50,71.7,85.5,1.4,1,20.6,2.9,7.4,2.4,0.6,26.4,21.1,97,96.8,0,26.1,4.9,7.6,10,9.8
"ECC TRUST",820,4,3,0,0,0,0,100,0,0,3.8,3.5,3.3,4,3.9,3.4,0.7,44.4,47,0.3,0,0,0,0,0,0,22.5,12.3,0.5,3.7,51.1,92.9,95.1,2,1.5,8.1,3.4,3.2,1.7,0.1,21.1,13.7,98.8,99.6,0,21.2,7,2.7,33.4,10.7
ECUMEN,866,5,1,0,0,0,0,0,100,0,3.4,3,4.6,3.2,4.7,4.1,1.3,54.6,36.4,0.4,4,0.8,203386,40677.2,0,0,23,16.2,2,4.9,70.5,89.6,95.1,1.6,1.7,13.7,3.5,7.6,4.4,3.7,29.8,22.6,97.7,97.4,0,27.5,5.8,3.4,11,9.8
"EDEN HEALTHCARE",191,7,2,0,0,0,0,100,0,0,2.9,2.9,3.4,2.7,3.7,3.4,0.8,49.6,44.5,0.6,8,1.1,199630,28518.57,1,0.1,26.8,14.4,1.3,2.9,63.8,75.6,85.9,2.3,1.8,19,3.3,6.4,1.9,0.9,21.3,24.4,98,98,0,21.2,6.5,3.8,16.7,11.2
"EDEN SENIOR CARE",192,19,3,0,1,1,5.3,100,0,0,2.8,2.6,3.3,3.7,3.7,3.3,0.9,49.8,38.5,0.4,22,1.2,689896,36310.32,2,0.1,21.6,15.9,1.6,2.9,62.3,80.6,78.8,1.3,1.8,17.1,2.7,5.9,2.6,0.8,15.7,9.6,95.8,95.4,0,25.4,3.9,7.4,17.8,10.3
"EDGEWOOD CONVALESCENT HOME",867,5,1,0,0,0,0,80,20,0,4.4,4.2,3.8,3.6,3.4,2.9,0.9,43.7,38.7,0.8,1,0.2,8281,1656.2,0,0,22.6,21.3,0.5,9,63.2,97.1,94.1,1.9,3.2,6.7,6.1,6.2,1.4,0.4,10.9,15,98.9,93,0,25.6,7,2.4,18.9,10.2
"EDURO HEALTHCARE",193,35,7,0,2,6,17.1,82.9,0,17.1,2.3,2.4,2,3.2,3.2,2.8,0.5,58,54.6,0.7,85,2.4,2880732,82306.63,16,0.5,23.3,12.2,1.8,3.1,46.2,81.6,84.5,2,2,13.7,3.2,5.3,1.8,0.8,16.7,16.1,95.1,95.6,0,18.5,4.9,3.5,21.9,10.1
"ELDER OUTREACH NURSING & REHABILITATION",194,5,1,0,0,0,0,0,100,0,3.4,3.6,1.8,2.8,3.7,3.1,0.2,53.8,36.7,0,2,0.4,29126,5825.2,0,0,21.5,15.1,1.8,3.2,42.5,93.2,94.6,2.7,3.1,19,3.2,3.7,0.9,0.1,15.2,20.3,99.8,98.9,0,12.8,4.9,0,28.2,10.6
"ELDER SERVICES",195,6,1,0,2,1,16.7,100,0,0,2.2,2.3,3.5,2.3,4,3.6,0.5,48.1,56.1,0.6,8,1.3,617931,102988.5,0,0,29.6,12,0.4,4.4,35.3,70.7,68.2,2.1,1.6,41.7,4,4.5,3,1.5,20.1,28.8,97.3,91.7,1.5,23.8,6.5,7.2,23.2,10.2
ELDERWOOD,196,17,3,0,0,2,11.8,100,0,0,2.6,2.6,2.2,3.4,3.2,2.8,0.7,54.8,48.2,0.5,12,0.7,718358,42256.35,1,0.1,20.3,12.2,1,4,58.7,74,77,1.2,1.4,15.8,6,9.8,1.4,0.6,22.2,22.1,94.6,91.4,0,28.9,6.8,5.7,15.7,11.2
"ELEVATE CARE",197,13,2,0,0,4,30.8,100,0,0,2.3,2.4,2.2,3.8,3.3,2.9,0.8,39,33.1,0.3,42,3.2,1863855,143373.46,13,1,24.8,8.3,2,1,46.8,68.3,68.3,2.1,1.4,20.5,2.5,8.7,1,0.3,6.1,6.5,92,92.5,0.1,12.7,6.8,77.1,16,10.7
"ELEVATION HEALTHCARE",686,5,2,0,0,0,0,100,0,0,1.2,2.2,1,2.6,3.3,2.9,0.4,63.2,61.7,"",29,5.8,220184,44036.8,0,0,27.8,15.2,3,1.3,42.1,58.6,71.3,2.4,2.8,16,2.9,4.8,1.6,0.4,15.9,16.9,87.9,90.9,0,14.9,4.5,18,21.7,10.5
"ELIYAHU MIRLIS",710,13,3,0,1,2,15.4,92.3,7.7,0,2.2,2,3,3.7,3.2,3,0.5,47.8,50.6,0.8,20,1.5,1185534,91194.92,2,0.2,23,12.4,1.9,2,54.1,90.1,95.2,2,1.4,20.1,2.7,5.5,1.3,0.7,9.9,11.2,99.8,99,0,10.5,6.6,9.7,22.3,11
"ELMBROOK MANAGEMENT COMPANY",198,11,1,0,0,1,9.1,100,0,0,3.5,3.7,3.1,2.4,3.7,3.2,0.5,58.7,49.2,0.3,5,0.5,83240,7567.27,0,0,27.1,14.3,3.6,2.1,47.2,76.7,69.4,2.6,3.2,12.9,5.3,3.1,2.8,1.1,17.6,16.8,99.2,96.9,0.1,11.5,2.6,2.7,28.8,12.3
"EMBASSY HEALTHCARE",199,35,2,0,3,4,11.4,100,0,0,2.5,2.1,2.2,4.6,3.5,3.2,0.5,48.1,46.2,0.7,40,1.1,1776727,50763.63,13,0.4,21.7,8.7,1.7,2.2,55.3,67.1,61.2,1.5,1.4,17.8,2.7,4.6,0.6,0.3,7.8,7.1,92.4,89.1,0.4,23.7,6.3,7.4,25.5,11.1
"EMERALD HEALTHCARE",630,14,3,0,2,0,0,100,0,0,1.5,1.6,1.9,1.9,3.5,3.2,0.4,60.3,60.3,0.1,37,2.6,498386,35599,12,0.9,24.2,14.3,2.5,6.3,45.2,58.3,55.9,2.3,2.5,22.9,3.6,6.3,2.6,1,18.5,16.9,85.2,80.6,0.1,26.2,5.9,1.7,23.4,10.7
"EMPIRE CARE CENTERS",202,19,1,0,1,2,10.5,94.7,0,5.3,1.8,2.2,1.4,3.2,3.2,2.9,0.4,54.7,55.7,1,20,1.1,608895,32047.11,4,0.2,26.6,9.7,1.9,3.2,55.1,74.4,77.4,2.1,1.4,11.3,2.8,5.9,1.3,0.7,21.6,19.1,89.4,79.8,0,25,7.3,3.4,14.2,12.1
"ENCORE HEALTH PARTNERS",697,12,1,0,0,0,0,100,0,0,3.3,3.3,2,3.5,3.6,3.2,0.6,44,39.7,0.4,19,1.6,183405,15283.75,2,0.2,22.7,14.3,1.9,5.5,48.9,85.7,94.4,1.7,1.4,14.3,2.8,4.9,1,0.4,19.1,15.1,98,97.4,0,19.7,7.3,36.2,24.7,10.8
"ENGAGE HEALTHCARE",755,5,1,1,0,2,40,100,0,0,1.8,1.5,2,3.3,3.3,3.1,0.6,52.1,56.5,1.2,4,0.8,426517,85303.4,2,0.4,17.6,8,1.3,3,61.1,28.7,36.9,1.5,1.7,11.2,2,7.4,1.4,0.5,26.3,21.9,73,59.8,0,25,4.7,31.7,12.7,10.6
"ENVIVE HEALTHCARE",204,13,1,0,0,0,0,84.6,7.7,7.7,2.4,2.4,1.6,4.2,3.4,3.2,0.7,45.8,39,0.8,13,1,84743,6518.69,0,0,20.5,9.3,2,2.7,56.6,47.6,43.6,1.8,1.3,15.4,4,4.1,0.5,0.2,19.4,17.2,88.5,82.2,0,25.7,7.7,46.1,23.2,10.3
"EPHRAM LAHASKY",205,23,10,2,5,3,13,100,0,0,1.8,1.9,2,2.8,3.5,3.1,0.6,53.1,56,0.7,43,1.9,2297381,99886.13,8,0.3,28.3,13.5,2,4.2,46.6,72.6,72.2,2,2.4,17.1,3,5.7,1.6,0.9,15.8,15.7,95.3,86.5,0,22.1,6,23.9,23.2,10.7
"EPIC HEALTHCARE MANAGEMENT",207,5,1,0,0,0,0,100,0,0,3.2,2.6,2.4,4.6,3.2,2.9,0.6,31.2,25.6,0.4,2,0.4,19984,3996.8,0,0,18.7,10.5,0.4,2.1,53.2,83.3,73.8,2,1.1,13.8,3,4.6,0.2,0.1,11.5,13.3,97.8,94.4,0,19.7,4.8,20.1,15.9,10.8
"EPISCOPAL RETIREMENT HOMES, INC.",711,3,2,0,0,0,0,0,100,0,5,3.7,5,4.7,5.2,4.8,0.9,25.2,25.7,0.7,1,0.3,10364,3454.67,0,0,26.5,12.8,0,0.9,50.9,88.9,91.2,1.4,0.6,22,7.8,2,0.5,0,13.8,24.5,99.4,97.7,0,23.1,7.1,11.4,18.2,10.9
"ERICKSON SENIOR LIVING",756,17,10,0,0,2,11.8,23.5,76.5,0,4.2,3.5,4.9,4,4.9,4.4,1.2,35.4,33.4,0.6,23,1.4,496472,29204.24,1,0.1,22.3,8.4,1.2,2.2,48.5,92.3,79.4,1.6,0.8,14.7,3.9,6.2,2.7,1,24.6,18.1,96.7,92.6,0,19.2,4.2,1,18.1,10.7
"ESSENTIA HEALTH",813,6,1,0,0,0,0,0,100,0,4.2,3.5,4.8,3.5,4.7,3.9,1.5,34.5,22,0.5,4,0.7,111332,18555.33,0,0,26.8,9.5,0.7,0,78.6,86.9,89.8,1.4,2.2,16.3,4.5,4.9,1,0.5,18.4,20.3,95.7,98.9,0,18.5,2.4,1.7,12.2,9.8
"ESSENTIAL HEALTHCARE",212,6,1,0,1,2,33.3,100,0,0,2.3,2.2,3.7,2.6,3.9,3.3,0.8,28.8,47.2,1.2,3,0.5,75571,12595.17,1,0.2,30.3,13.7,2.1,1.6,50.2,50.6,37.4,3.4,2.5,21.5,2.3,4.7,1.1,0.9,14.5,14.9,90.8,67.4,0,19.9,5.9,35.1,22.4,10.9
"ETHICA HEALTH",834,50,1,0,0,3,6,2,98,0,3.6,3.6,3,3.1,3.5,3,0.5,43,32.7,0.3,20,0.4,278465,5569.3,2,0,23.6,10.2,2.4,3.7,39.6,81.4,82.7,1.9,1.5,23.7,3.7,6.1,2.8,1,15.1,15.5,98,94.2,0,14.2,6,2.4,23.4,10.7
"EVA CARE GROUP",213,9,1,1,0,1,11.1,100,0,0,3.3,2.6,4.3,4.3,4.3,4,0.8,35,37.9,0.6,11,1.2,571512,63501.33,4,0.4,24.1,12.1,0.9,1,54.1,99.3,99.2,2.5,1.6,9.7,0.8,5.3,2.8,1,13.8,11.2,99.8,99.9,0,7.4,5.1,0,13,10.9
"EVERCARE SKILLED NURSING",804,11,1,0,1,8,72.7,100,0,0,1.5,1.8,1.1,2.5,2.9,2.5,0.3,60.3,58.7,0.3,54,4.9,2349453,213586.64,12,1.1,23.5,16.8,0.8,1.4,45.1,38.4,68.8,1.4,2.9,25.6,2.5,4.1,2.1,1.1,21.2,23.7,84.9,85.8,0.1,15,4.7,47.4,32,11.5
"EVERGREEN HEALTHCARE GROUP",846,43,6,1,2,10,23.3,100,0,0,2.4,2.3,3.3,3,4,3.5,0.7,51.2,46.2,0.2,77,1.8,2103135,48910.12,1,0,20.2,15.1,1.7,2.6,47.5,71.1,74.3,1.8,2.2,19.4,3.5,4.3,1.8,1.2,22.9,16.8,91.4,92.7,0,23.3,5.8,6,16.6,10.2
EVERTRUE,785,5,1,0,0,0,0,20,80,0,4.8,4.6,4.8,4.6,4.7,4.3,0.8,35.7,35.2,0.5,1,0.2,41347,8269.4,0,0,18.3,4.7,1.1,5.3,59.4,87.5,81,1.5,1.1,12,3.7,4.9,4,0.7,21.5,15.4,98.1,96.4,0,18.2,8.3,5.4,12.8,10.6
"EVERYAGE SENIOR LIVING",675,4,2,0,0,0,0,25,75,0,4.8,4.5,5,3.3,4.8,4.5,0.7,37.9,33.1,0,1,0.3,8018,2004.5,0,0,22.5,9.8,0.7,3.8,56.4,88.3,87,1.6,1.4,12.7,5.3,8.4,5.7,0.5,21.4,22.5,96.2,93.6,0,22.7,6.3,1.1,21.5,10.4
EXCELCARE,757,8,2,0,0,2,25,100,0,0,2.4,2,2.3,4.5,3.3,2.9,0.6,49.3,43.9,0.6,10,1.3,450410,56301.25,0,0,24.7,8.1,1.1,1.1,56.1,88.2,87.9,1.8,1,13.4,3.2,4.7,0.5,0.2,8.7,8.2,98.7,97.1,0,15.5,5.5,9.4,20.8,10.4
"EXCELSIOR CARE GROUP",217,33,3,0,0,3,9.1,100,0,0,2.8,2.2,2.4,4.5,3.3,3.1,0.6,41.5,49.1,1.1,67,2,1214697,36809,0,0,24,8.4,1.9,2,58.7,88.7,86.5,1.9,1,11.8,2,6.2,0.2,0.2,8.1,7.6,98.1,95.5,0,8,7,23.5,15.2,10.9
"EXCEPTIONAL LIVING CENTERS",758,10,3,0,0,0,0,80,10,10,2.6,2.5,2.3,3.9,3.7,3.3,0.6,53.3,50.1,1,3,0.3,39805,3980.5,1,0.1,21.7,10,1.6,4.9,57.9,66.3,69.4,2,1.8,9.5,3.4,3.6,0.7,0.2,12.1,12.8,88.7,91.5,0,26,5.9,7.9,26.3,11.1
"EXTENDED CARE CLINICAL",738,9,1,0,0,1,11.1,100,0,0,2.3,2.6,1.2,3.9,3.1,2.7,0.5,47.1,46.2,0.4,14,1.6,791867,87985.22,7,0.8,25.7,7.8,3.4,2.6,41.1,50.5,55,1.6,1.6,19.4,2.8,5.1,0.9,0.2,12.7,10.3,90.8,93.9,0,17.4,6,81,12.2,12.7
"FAMILY OF CARING HEALTHCARE",220,8,1,0,0,0,0,100,0,0,3.8,3.4,3.5,4.3,4.1,3.8,0.9,34.7,25.8,0.5,3,0.4,39336,4917,0,0,25.9,9.3,1.3,1.7,59.3,91.4,98.7,1.5,0.8,16.6,2.7,5.4,1.4,1.3,15.3,10.1,97.6,99.4,0,17.2,6.4,7.2,15.6,10.1
"FANNIN COUNTY HOSPITAL DISTRICT",842,5,1,0,0,1,20,100,0,0,3.2,3.6,2.8,2.6,3.4,3.1,0.3,38.5,28.3,0.2,10,2,76878,15375.6,0,0,31.2,15,3.5,2.8,37.5,95.4,94.3,2.3,2.4,11.2,4.4,4,2.2,0.1,22.6,17.5,97.9,98.4,0,14.2,5,2.7,20.3,10.2
"FELICIAN SERVICES",684,3,3,0,0,1,33.3,0,100,0,3.3,3,4,3.7,4.6,4.2,0.7,39.6,31.3,0.5,2,0.7,39719,13239.67,0,0,26.9,10.6,1.2,1.9,43.9,84,93.6,0.6,0.7,14.2,2.4,4.7,5.8,3,28.4,30.8,90.2,98.3,0,30.7,3.8,0.4,20.4,12.1
"FIRST ATLANTIC HEALTHCARE",221,10,1,0,0,1,10,100,0,0,2.9,3,4,2.7,4.2,3.8,0.9,48.7,38.3,0.2,7,0.7,140746,14074.6,0,0,24.3,16.9,1,2.7,55.5,69.4,68.9,1.6,3.1,24.1,3.2,5.2,2.8,0.6,29.9,24.4,97.2,88.5,0,27.3,6.4,4.4,20.7,10.8
"FL SNF TRUST",852,10,1,0,0,1,10,100,0,0,3.3,2.6,3.1,4.5,3.5,3.3,0.6,35.9,36,0.1,7,0.7,69189,6918.9,0,0,26.7,8.4,1.5,0.8,69.3,98.6,97.5,2.2,0.9,4.2,1.8,6.4,0.1,0,7.3,4.3,100,97.8,0,2.3,8.2,8.4,7.6,11.5
"FLORIDA DEPARTMENT OF VETERANS' AFFAIRS",739,8,1,0,0,2,25,0,0,100,3.4,3.4,4.1,2.1,5.2,4.6,1,52.3,47.2,0.4,19,2.4,237903,29737.88,1,0.1,"","","","","",75.4,82.7,1.6,1.4,16,3.2,5.4,4.7,2.2,31.6,26.2,95.3,90.5,0,23.2,6.3,1.8,16,11.9
"FLORIDA INSTITUTE FOR LONG-TERM CARE",223,18,1,0,1,1,5.6,22.2,77.8,0,2.3,2,3,4,3.3,3.1,0.6,36.7,46.3,0.9,20,1.1,1158135,64340.83,0,0,27.8,7.9,3,2,51,98.9,94.9,2.1,1.1,8.8,2.4,6.3,0.2,0,7.1,7.5,100,97.1,0,4.2,6.2,0.9,20.8,11.3
"FOCUSED POST ACUTE CARE PARTNERS",224,25,1,0,2,7,28,88,0,12,2.3,2.1,1.4,4.4,3,2.7,0.3,49.7,59.3,0.6,42,1.7,1853412,74136.48,6,0.2,26.2,14.8,1.7,0.9,53.5,83.7,87.9,1.5,1.8,12.4,3.2,5.3,0.9,0.3,9.6,13.9,98.9,99.2,0,11.6,3.1,0.5,19,10.6
"FOUNDATIONS HEALTH SOLUTIONS",225,63,1,0,0,0,0,100,0,0,4.1,4,2.1,4.4,3.6,3.2,0.6,39.8,36.3,0.4,30,0.5,393646,6248.35,1,0,27,13.9,1.1,2.6,44.5,81.3,83.8,1.7,1.7,9.7,2.3,3.5,0.2,0.1,3.9,3.6,95,95.6,0,17.1,5.6,53,28,10.9
"FOURSQUARE HEALTHCARE",226,10,1,0,0,0,0,40,0,60,3.6,4.2,1.1,3.9,3.1,2.7,0.4,48,39.4,0.2,4,0.4,107993,10799.3,0,0,29.2,9.3,1.2,2,61.9,93.8,98.8,2.3,1.4,8.8,4.2,4.9,1.3,0.7,15.7,12.6,99.6,99.9,0,21.8,2.9,41.7,29.7,11
"FRANCISCAN COMMUNITIES",227,6,3,0,0,0,0,0,100,0,4,3.2,4.3,4.3,4.8,4.4,1.3,41,34.2,0.3,10,1.7,561882,93647,1,0.2,27.1,12,0.5,3.8,54.4,89.5,95,1.5,1.1,11.4,2.1,5,0.5,0.2,10.1,7.4,98.2,99,0,26.4,6,3.6,17.9,10.9
"FRANCISCAN SISTERS OF CHRISTIAN CHARITY",868,3,2,0,0,0,0,0,100,0,5,4.7,4.7,3.3,4.4,4.1,0.9,44.4,40.7,0,0,0,0,0,0,0,19.2,13,3.4,4.6,63.4,95.1,95.9,1.5,1.8,10.5,4,4.9,3.7,0.5,21.8,17.5,99.6,99.9,0,22.1,2.4,3.9,24,10.9
"FRIENDS SERVICES FOR THE AGING",869,6,1,0,0,0,0,0,100,0,5,4.3,5,3.8,5,4.4,1.1,30.2,18.7,0.2,2,0.3,15461,2576.83,0,0,20.9,8.7,0.7,3.4,56.2,84.9,84.7,1.3,0.6,12.7,3.3,3.2,2.3,1.1,27.6,29.7,95.8,93.8,0,29.6,4.5,1.9,16.9,9.7
"FRONT PORCH",229,9,1,0,0,0,0,0,100,0,4.7,4.2,4.6,4.8,4.9,4.3,0.9,24.9,40.7,0.5,1,0.1,8176,908.44,0,0,21.9,9.5,0.1,0.8,68.4,93.2,95,1.9,1.1,10,1,3.5,1.7,1,21.8,13.6,96.1,99.2,0.4,23.7,5.4,0.3,5.2,9.9
"FRONTLINE MANAGEMENT",230,9,2,0,0,1,11.1,100,0,0,3.3,3.3,2.9,3,3.5,3.1,0.8,47.1,49.2,0.2,7,0.8,240163,26684.78,1,0.1,19.4,14.2,1.4,1.8,46,63.6,72.8,1.5,2.1,17.6,4.8,3.8,2.9,0.4,27.4,24.7,96.4,89.7,0,26.4,6.2,6.8,12.6,10.1
"FUNDAMENTAL HEALTHCARE",231,68,7,1,3,8,11.8,94.1,0,5.9,2.4,2.5,2.2,3.6,3.3,3,0.5,44.9,40.3,0.4,93,1.4,2317151,34075.75,2,0,24.5,12,1.3,2.9,52.3,71.5,68.9,2.1,1.7,14.2,2.8,5.7,0.8,0.4,16.2,14.8,93.4,86.1,0,12.4,4.9,4.4,20.1,11.8
"FUTURE CARE/LIFEBRIDGE HEALTH",232,18,1,0,0,1,5.6,94.4,5.6,0,3.7,3.2,3.5,4.4,4,3.6,1,41.5,33.5,0.1,6,0.3,83586,4643.67,1,0.1,21.2,9,1.1,3.1,63.1,82.8,82.5,1.4,1.1,10.7,1.4,7.7,1.4,0.5,27.5,16.4,97.5,93.6,0,21.6,5.3,11.4,10.2,11.8
"GARDEN HEALTHCARE GROUP",760,6,1,0,0,0,0,100,0,0,2.3,2,1.2,4.7,3.3,2.9,0.5,51,65.1,0.8,7,1.2,501948,83658,2,0.3,28.3,13.6,2.3,2.4,55.6,75.8,89.7,1.8,1.8,13.4,2.3,4.8,0.2,0,2.2,1.4,95.9,94.1,0,22.1,9.2,61.1,21.1,10
"GARDEN SPRINGS HEALTHCARE",805,7,1,0,0,0,0,100,0,0,2.3,1.9,2,4.1,4,3.5,0.7,54.6,39.5,0.6,7,1,155094,22156.29,1,0.1,21.2,13.3,1.6,3.4,43.7,65.1,73.3,1.9,2.3,7.4,3,1.7,0,0.1,3.6,3.2,93.9,94.4,0,23.7,4.1,53.5,26.7,10.4
"GENERATIONS HEALTHCARE",236,27,2,0,0,1,3.7,100,0,0,4.2,3.7,3.8,4.6,4.3,3.8,0.6,35.7,36.8,0.5,12,0.4,378169,14006.26,1,0,23.1,14,0.7,0.7,56.5,98,98.8,2.2,1.9,18.9,1.6,2.6,0.7,0.4,6.8,5.8,100,99.8,0.1,9.8,3.8,5,13.5,10.5
"GENERATIONS HEALTHCARE NETWORK",870,6,2,0,0,2,33.3,100,0,0,2.7,2.3,1.7,3.2,3.7,3.1,0.7,51,57.2,0.5,18,3,1135410,189235,6,1,22.2,15.2,2.7,2.2,33.5,82.9,84.9,1.7,2.9,11.6,3.3,8.1,2.1,1.7,19.8,14.6,92.8,97.4,0.1,19.1,7.4,40.1,20.7,11.1
"GENESIS HEALTHCARE",237,187,18,5,14,22,11.8,100,0,0,2.4,2.3,2.5,3.6,3.5,3.1,0.7,46.4,45.2,0.9,197,1.1,8523898,45582.34,30,0.2,22.4,10.6,1.4,3.3,48.4,76.3,79.5,1.6,1.5,14.5,3.1,5.8,1.3,0.5,19.8,18,95.4,94.1,0.1,23.6,6,14.1,18.1,10.8
"GOLD FL TRUST II",594,36,1,0,2,1,2.8,100,0,0,3.4,2.8,2.7,4.7,3.7,3.4,0.5,46.9,52.4,0.4,21,0.6,1412265,39229.58,0,0,25.6,9.3,1,1.6,56.3,95.2,93.3,1.7,1,5.3,2.5,4.3,0,0.1,5.9,4.2,99.6,97.4,0,3.8,5.1,13.1,7.5,11.2
"GOLDEN SNF OPERATIONS",692,7,1,0,0,0,0,100,0,0,2.6,2.4,3.4,2.7,4.1,3.8,0.5,48.5,50.6,1.3,34,4.9,692142,98877.43,4,0.6,27.1,17.5,0.8,1.9,45.5,87.4,87.9,2.2,2.9,8.9,1.6,6,1.2,0.8,22.6,17.5,96.9,95.4,0,22.4,5.8,0.9,16.3,11.1
"GOLDWATER CARE",699,11,1,0,4,5,45.5,90.9,0,9.1,1.6,2,1.2,2.6,3.3,3,0.5,49.3,42.4,0.4,24,2.2,1970953,179177.55,13,1.2,20.6,17.8,2.8,3.2,38.3,62.8,65.8,1.5,2.6,21.1,3.1,5.5,1.4,1.1,21.4,16.5,93.9,84.1,0,24.9,9.1,85,26.5,10.9
"GOOD SAMARITAN SOCIETY",726,92,10,1,4,8,8.7,4.3,94.6,1.1,2.9,2.8,3.9,3,3.6,3.1,0.9,44.7,38,0.5,80,0.9,2246311,24416.42,6,0.1,20.7,12.3,1.3,2.2,53.4,73.4,81.4,1.7,2.2,17.8,4.7,4.7,2.7,2,22.7,20.3,96.8,97,0.2,25.5,5.5,3.5,16.3,10.2
"GRACE TEAM SERVICES",871,9,1,0,0,0,0,11.1,88.9,0,2.4,2.6,3.4,2,4.1,3.7,0.6,42,43.5,0.6,15,1.7,288594,32066,2,0.2,20.2,13.4,9,2.1,53.7,24.5,31.7,2.2,3,21.8,6.7,4.7,5.1,3.8,20.7,23,89.9,71.5,0,26.4,5.5,5.3,24,10.5
"GREEN TREE HEALTH MANAGEMENT",853,7,4,0,0,1,14.3,85.7,14.3,0,3.3,3,2.3,4.6,3.7,3.2,0.5,49,44.5,0.6,7,1,151215,21602.14,1,0.1,21.6,13.2,0.8,2,66.4,80.6,83.3,1.1,1.4,13.4,3.7,4.8,1,0.7,17.3,17.5,96.2,92.3,0,28.4,4.9,15.9,18.3,11
"GREEN TREE HEALTHCARE MANAGEMENT",241,4,2,0,0,2,50,100,0,0,1.8,2,2.5,3.5,3.6,3.1,0.6,53.6,48.6,1.5,25,6.3,535947,133986.75,1,0.3,22.8,11.8,1.5,3.6,59,74.9,83.3,1.3,2,23.4,4.1,4.9,0.9,0.6,17.8,19,96.7,95.3,0,30,7.5,18.8,16.3,10.6
"GREENBRIER SENIOR LIVING",872,2,2,0,0,0,0,50,50,0,4.5,4,4.5,3,4.6,4,0.5,33.2,45.5,0,0,0,0,0,0,0,28.9,10.8,1.2,1.4,54.8,82,97.2,2.2,1.1,11.3,5.6,7.6,1.1,0.4,32.6,20.8,98,99.7,0,25.3,6.3,0.3,31.9,12
"GREENCROFT COMMUNITIES",835,5,1,0,0,0,0,0,80,20,2.6,2,3.6,4.4,4,3.7,0.6,42,47,1.3,1,0.2,15646,3129.2,2,0.4,18.2,7.7,1.5,3.4,61.3,65,73.9,0.9,0.9,11,4.7,3.3,1.9,0.6,26.4,27.3,84.8,83.1,0,32.6,4.1,2.1,16.5,10.9
"GULF COAST LTC PARTNERS",243,19,1,0,1,1,5.3,84.2,0,15.8,2.7,3.1,2.1,2.8,3.4,3.1,0.3,55.8,54.2,0.7,20,1.1,402377,21177.74,1,0.1,30.4,13.7,4,3.1,55,89.4,93.3,2.4,2.4,17.1,3.4,4.8,3.1,0.2,18.8,21.2,99,99.4,0,15.2,5.3,1.3,17.7,11.4
GUTHRIE,873,2,2,0,0,0,0,0,100,0,2,2,4.5,3,4.1,3.2,0.8,22.5,19.2,0,3,1.5,285617,142808.5,0,0,21.8,12.5,3.2,3,51.4,90.9,94,2,1.7,19.8,3,5.8,2.2,0.2,24.2,18.9,95.8,98.4,0,30,6.9,5.4,19,10.7
"HAMILTON COUNTY HOSPITAL DISTRICT",589,10,1,0,0,1,10,50,0,50,2.2,2.5,2.1,3.5,3.1,2.8,0.4,49.4,50.1,0.4,19,1.9,422048,42204.8,2,0.2,29.9,14.7,2.4,1.3,54.2,85.5,93,2,2,12.7,1.6,2.6,0.8,0.5,15.4,16.9,97.7,98.4,0,13.8,2.6,1.3,16.6,10.9
"HARBORVIEW HEALTH SYSTEMS",246,22,3,1,0,2,9.1,100,0,0,2,2.1,2.3,2.3,3.6,3.2,0.6,48.2,51.6,0.5,28,1.3,539993,24545.14,3,0.1,27.9,13.8,1.5,2.7,42.1,70.7,74.1,2.5,2,13.7,2.6,6.2,2.6,0.9,19.2,14.4,91.1,89.7,0,17.9,7.4,27.3,17.9,11.2
"HARMONY CARE GROUP",740,6,1,1,1,2,33.3,66.7,0,33.3,2,2.4,1.4,3.2,3.6,3.1,0.4,"","","",24,4,941403,156900.5,2,0.3,35.1,7.1,2.2,3.1,47.6,82.4,77.8,1.7,2,15.6,2.2,4.2,0.2,1,23,22.6,97.6,93.9,0,21.1,3.7,1.2,20.4,10.3
"HAVEN HEALTH",249,20,1,0,1,7,35,100,0,0,2.8,2,2.3,4.9,3.3,2.9,0.6,44.7,39.9,0.3,9,0.5,131745,6587.25,0,0,24.1,10.6,0.5,0.8,70.1,83.4,86.7,1.5,1.7,4.8,2.3,3.6,0.7,0.3,10.9,6.8,93.8,95.3,0.6,20.8,7.7,3,17.9,10.5
"HAVEN HEALTHCARE",761,7,1,0,0,2,28.6,100,0,0,1.3,1.9,1,1.6,3,2.6,0.4,53.5,66.5,0.3,7,1,275082,39297.43,4,0.6,28,13.4,5.4,3.3,33.9,47.7,67.7,2.9,3.1,25.6,4.7,5.5,1.6,1,22.7,17.4,88.1,91.3,0.2,23.6,6.1,54.7,22.5,11
"HAWAII HEALTH SYSTEMS CORPORATION",250,7,1,0,1,0,0,0,0,100,4.2,3.3,4.7,4.3,4.9,4.2,1.6,34,32.2,0.3,3,0.5,55915,9319.17,0,0,17.2,4.7,2.1,0.3,65.5,92.2,81,1,0.7,16.4,2,2.2,0.9,0.2,19.5,15.8,97.6,97.1,0,11.7,3.9,2.6,8.2,10.2
"HCA HEALTHCARE",701,3,2,0,0,0,0,100,0,0,5,4,5,3.5,6.5,5.9,2.4,30.8,14.2,0,2,0.7,12415,4138.33,0,0,19.8,7.1,2.6,1.1,45.5,83.6,88.4,0.8,2.3,19.3,4.5,8,0.7,1.8,20.7,16.9,97.7,92.9,0,26.7,7.4,0.7,22.1,10.4
"HCF MANAGEMENT",251,22,2,0,0,0,0,100,0,0,3.4,3,3,4.2,3.5,3.1,0.6,40.2,40.6,0.5,4,0.2,71773,3262.41,2,0.1,22.4,12.3,1.2,2.7,50.1,69.9,73.1,1.5,1.5,13.1,3,3.9,0.6,0.2,10.1,8.5,94.1,90.6,0,25.3,6.2,5.2,25.4,10.7
"HCF MANAGEMENT INDIANA",252,6,1,0,0,1,16.7,0,33.3,66.7,3.3,3.5,2.2,4,3.9,3.3,0.5,38.9,32.3,0.3,0,0,0,0,0,0,21.6,11.3,1,2.7,61.4,95.9,98.3,2.4,2.1,9.4,1.5,3.5,3.5,0.2,24,20.1,98.9,99.5,0.8,19.6,5.9,32.6,25,10.9
"HEALTH CARE FACILITY MANAGEMENT, LLC",814,5,2,0,0,1,20,100,0,0,3.2,2.6,2,5,3.3,3,0.5,40,44.8,0.2,1,0.2,7443,1488.6,0,0,17.1,8.8,0.6,2.1,50.7,65,54.4,1.4,1.6,7.9,4.4,4.7,0.1,0.1,3.9,3.8,90,95.3,0,23.8,3.1,47,18.3,11.7
"HEALTH CARE MANAGEMENT GROUP",254,7,2,0,0,0,0,100,0,0,3.4,3.1,2.9,4,3.9,3.6,0.5,52.4,51.4,0.1,5,0.7,28517,4073.86,0,0,27.1,16.5,0.6,1.9,43.4,85.3,88.9,2,2.1,13.2,4.5,2.7,0,0,5.2,4.2,99.1,97.1,0,20.9,8.3,13.4,27.6,10.2
"HEALTH CONCEPTS, LTD.",255,5,1,0,0,0,0,100,0,0,3.8,3.8,3.6,2.6,3.4,3,0.7,34.2,38.7,0.4,2,0.4,29663,5932.6,0,0,24.4,20.3,1.8,2,53.1,84.2,77.1,1.6,1.8,27,3.2,3.4,3.1,0.7,20.7,24.9,95.4,90.9,0.3,21.9,3,10.5,15.5,10.3
"HEALTH DIMENSIONS GROUP",821,10,6,0,0,1,10,20,70,10,3.3,2.7,4,4.1,4.3,3.8,0.9,46.7,41.5,0.7,6,0.6,297521,29752.1,1,0.1,19.3,17.3,2.8,2.9,64.6,88.6,95.5,1.1,2.8,15.3,2.4,4.9,1.5,1.3,16.7,13.8,98.3,94.1,0,23.2,6.2,4.8,16.6,10.7
"HEALTH SERVICES MANAGEMENT",257,16,2,0,0,2,12.5,0,87.5,12.5,3,2.9,2.8,3.6,3.6,3.3,0.5,52.7,51.4,0.4,16,1,499132,31195.75,3,0.2,30,9.1,1.2,2.5,52.2,89.6,87.2,2.2,1.8,8.1,2.5,4.2,0.4,0.2,19.4,16.5,98.8,96.9,0,16.8,5.8,1.5,18.1,11.4
"HEALTHCARE OF IOWA",260,6,1,0,0,0,0,50,50,0,3.7,3.5,3.7,3.5,3.5,3,0.7,50.2,42.9,0.8,4,0.7,62128,10354.67,1,0.2,23.5,13.6,0.7,10.4,65.6,89.1,88.6,1.3,1.8,11.6,4.5,11.8,2,1.2,12.5,15.9,97.5,95.9,0,24.5,4.4,2.7,14.3,10.9
"HEALTHPEAK PROPERTIES, INC.",261,15,6,0,0,1,6.7,100,0,0,3.3,3,4.1,3.9,4.8,4.2,1,51.9,53.4,0.5,11,0.7,141043,9402.87,0,0,25.5,10.2,1.1,1.4,53.3,90.9,92.8,2,1.3,8,4.1,5.8,2.3,1.2,22.8,16.4,98.7,96.4,0,22.6,6.5,2.3,15.1,11.3
"HEARTHSTONE SENIOR COMMUNITIES",262,8,1,1,1,1,12.5,50,50,0,1.9,1.9,2.1,3.4,3.1,3,0.5,45.1,60,1.4,10,1.3,548011,68501.38,1,0.1,27.2,10.6,2.1,2.6,43.5,99,98.9,2.1,1.2,13.5,2.1,4.9,0,0.1,7.9,8.1,100,99.4,0,6.8,5.7,2.2,22.5,10.8
"HELIA HEALTHCARE",263,13,2,0,0,4,30.8,100,0,0,2.3,2.7,1.3,2.8,2.8,2.6,0.4,50.3,41.5,0.5,32,2.5,1501961,115535.46,11,0.8,26.5,17.9,2.7,1.5,49.3,76,71.3,2,3.2,15.9,3.1,4.8,0.7,0.8,20.4,19,97.6,95.2,0.2,17,5.4,32.4,25.3,11.2
"HERITAGE HALL",265,16,1,0,0,0,0,100,0,0,3.8,3.6,2.3,3.8,3.3,2.8,0.4,38.6,36.5,0.4,6,0.4,179492,11218.25,0,0,21.2,11.1,1,1.4,64.5,75.9,80.1,1.3,1.6,14,4.5,3.8,1.4,0.3,18.2,18.1,97.5,96.6,0,19,4.6,6.1,22,11
"HERITAGE MINISTRIES",266,4,2,0,0,1,25,0,75,0,2.3,2.5,2,3.5,3.1,2.9,0.5,44.9,36.2,0,5,1.3,28242,7060.5,0,0,22.2,13.2,0.7,5.7,53.1,63.1,53.1,0.8,1.1,17.2,3.7,4.5,2.7,1.7,17.6,17.1,95.2,86.1,0,18.2,4.7,1.6,11.8,10.4
"HERITAGE OPERATIONS GROUP",651,9,1,0,0,3,33.3,11.1,77.8,11.1,1.9,2.6,2.2,1.4,3.3,3,0.6,49.6,41,0.2,14,1.6,1016206,112911.78,8,0.9,22,22.9,2.5,6.5,33.8,76,87.6,1.7,3.3,15.7,5.7,5.7,2.7,2,32.3,27.9,98,96.8,1.2,29.1,8.9,11.5,15.1,10.2
"HIGHBRIDGE HEALTHCARE",269,6,3,0,1,3,50,100,0,0,2.5,2.3,1.8,4.2,3.5,3.1,0.4,43,50.1,0.7,6,1,307872,51312,1,0.2,23.9,10.9,2.2,2.8,72,65.9,70.2,2.8,2.3,16.8,1.7,5,1,0.1,10.8,10.7,90.3,86.3,0,23,6.5,45,14.2,11.1
"HILL VALLEY HEALTHCARE",270,44,7,0,5,7,15.9,95.5,4.5,0,1.9,1.8,1.8,3.9,3.4,3,0.6,54.4,58.9,0.9,35,0.8,1589987,36136.07,4,0.1,22.1,11.9,1.1,3.2,52.1,61.8,64.5,1.6,1.7,14.8,3.5,4.8,1,0.3,13.4,11.2,91.7,87.6,0,24.5,7,21.9,18.5,10.6
"HILLSTONE HEALTHCARE",271,12,1,0,1,1,8.3,100,0,0,3.7,2.9,2.1,4.9,3.3,2.9,0.6,43.6,44.6,0.8,2,0.2,236704,19725.33,3,0.3,"","","","","",66.5,54.9,1.7,1.9,9.3,3.4,2.5,0.3,0.2,7.1,5.7,96.2,88.3,0,16.6,4.4,42.1,42.2,12
"HMG HEALTHCARE",272,33,2,0,1,2,6.1,100,0,0,3.3,3,1.8,4.6,3.3,2.9,0.4,52.7,46.6,0.3,44,1.3,1600515,48500.45,7,0.2,24.9,11.5,0.6,0.8,55.3,95.9,95,2.1,1.9,7.4,2.6,3.6,0.3,0.1,7.9,8.7,99.4,99,0,8.9,1.7,1.2,12.2,11.3
"HOMEWOOD RETIREMENT CENTERS",273,4,2,0,0,0,0,0,100,0,4.5,4,4.8,4.5,4.3,3.9,0.9,32.9,28.2,0,2,0.5,49709,12427.25,0,0,20.2,7.5,0.7,2.9,55.6,96.9,96.6,1.1,0.7,21.7,4.7,3.5,1.7,0.6,31.1,28.6,99.7,99.4,0,30,6.8,0.9,21,10.1
HUMANGOOD,274,17,7,0,0,1,5.9,5.9,94.1,0,4.6,3.8,4.7,4.4,4.9,4.4,1.1,29.8,30.9,0.4,7,0.4,239597,14093.94,2,0.1,22.5,11.5,0.9,2.3,60.6,91.6,92.9,2,1.1,11.3,1.9,4.4,2,0.6,20.6,15.1,97.8,98,0,22.6,4.7,6.4,12.8,10.2
"HUNTSVILLE HOSPITAL HEALTH SYSTEM",610,3,2,0,1,1,33.3,0,66.7,33.3,3.3,2.7,3.7,4.3,4.1,3.6,0.7,40.8,43.7,0,1,0.3,238745,79581.67,0,0,20.6,8.4,1,0.9,64.2,93.2,86.8,1.7,1.9,13.1,5.2,4.5,2,0.9,21.6,15.8,95.6,92.1,0,23.4,7.5,1.6,25.3,12.1
"HURLBUT CARE",275,13,1,1,0,0,0,100,0,0,3.8,3.9,2.7,3.2,3.6,3,0.4,52.8,49.9,0.5,6,0.4,909005,64928.93,0,0,21.3,17,1.5,3,31.2,74,72.1,1.9,1.3,13,4.4,8.2,2.6,0.5,16.8,19.2,97,89.4,0,29.8,6.2,3.1,9,10.7
"HYATT FAMILY FACILITIES",276,5,1,0,1,1,20,100,0,0,2.6,2.4,3.4,3.8,4,3.4,0.9,50.1,59.9,0.8,5,1,452268,90453.6,1,0.2,23.2,18.2,1.7,3,68.3,91.7,93.9,1,1.3,15.9,1.9,4.6,3.6,1.4,23.5,20.8,98.5,97,0,29.6,9.6,10.9,11.3,10.4
"ICARE CONSULTING SERVICES",762,7,1,0,0,6,85.7,100,0,0,1,1.1,1.6,2.3,2.7,2.3,0.5,37.5,40.4,0.7,43,6.1,2671459,381637,15,2.1,33.4,12.8,6.2,1.7,55,31.5,28.7,2.6,2.3,44,2.7,5.8,1,0.5,6.6,11.2,88.9,82.5,0,12.5,4,72.2,10,10.6
"ICARE HEALTH NETWORK",277,12,3,0,1,5,41.7,100,0,0,3.2,2.8,3,4.1,3.3,3,0.4,36.3,41.5,0.3,7,0.6,398288,33190.67,0,0,23,14.3,0.4,1.6,58.3,80.8,92.4,2,1.6,20.7,2.9,3,0.4,0.5,12.3,14.2,99.2,98.6,0,16.2,3.6,11.7,25,11
"IDE MANAGEMENT GROUP",278,10,1,0,0,1,10,90,0,10,3,3.2,2.1,3.6,3.3,2.9,0.8,56.2,48.3,0.2,1,0.1,105073,10507.3,2,0.2,21.3,6.7,4.1,4,43,80.7,81.4,1.5,1.3,17.6,3.3,4.5,2.6,0.6,23.4,22,99.1,96.2,0,24.6,5.9,22.2,20.5,10.7
"IGNITE MEDICAL RESORTS",279,25,7,0,2,1,4,96,4,0,2.6,2.3,2,4.3,3.9,3.5,0.6,56.7,50.3,0.5,35,1.5,826516,34438.17,5,0.2,25,11.7,0.8,1.7,66.5,73,80.9,1.9,1.5,11.4,3.3,7.5,2.2,1.3,15.9,10.8,84.7,88.4,0,24.4,5.8,25,20.3,11.8
"IHS MANAGEMENT CONSULTANTS",280,5,1,0,1,1,20,100,0,0,2.2,2.6,2.4,2,3.4,3.1,0.3,64.9,74.2,1.4,4,0.8,70961,14192.2,2,0.4,27.7,14.4,5.9,0,52,45.9,63,2,2.5,26.4,4.8,3.8,8,2.7,22,18.5,91.7,81.3,0,19.2,5.5,1.6,27.7,10.8
"IL & JOAN LEE",741,4,2,0,0,1,25,100,0,0,2.8,2.5,3.7,3,3.9,3.6,0.5,32.6,31.3,0.3,3,0.8,62418,15604.5,0,0,12.3,3.2,2.6,0.9,69.8,41,43.4,3,0.9,29.4,0.6,2.9,1.4,2,13.3,20.6,92.3,86.1,0,7.3,3.4,0.2,14.5,10.5
ILLUMINUS,874,5,1,0,0,0,0,20,80,0,1,1.6,3,1.8,3.6,3.2,0.8,49.1,45.1,1,8,1.6,522123,104424.6,4,0.8,20.6,22.5,1.8,4.5,38.4,65.7,67.9,2,2.5,17.5,4.6,6.2,3.3,2,19,16.8,91.8,94.5,0,27.9,4.4,0.2,20.8,9.6
IMMANUEL,281,3,2,0,0,0,0,0,100,0,4.7,3.3,5,4.3,5.3,4.8,1.4,33.1,17.5,0,0,0,0,0,0,0,18.9,9.7,1.3,0.8,62.3,75.7,84,1.7,1.3,10.5,2,2.3,2,0.8,24.6,20.7,97.9,93,0,32.2,2.8,1.2,16.7,10
"IMPERIAL HEALTHCARE GROUP",282,13,1,0,0,1,7.7,100,0,0,2.8,2.6,1.8,3.4,3.3,3,0.4,53.6,48.1,0.5,10,0.8,273457,21035.15,2,0.2,26.1,10.9,1,1.9,60.1,55.4,70,2.3,1.7,17.8,3.3,5.4,1.3,0.7,14.4,13.1,89.5,81.1,0,27.1,7,10.5,18.9,10.3
"INFINITE CARE",578,8,2,0,1,2,25,87.5,12.5,0,2.4,1.8,2.6,4.1,3.3,3,0.7,32.9,32,0.5,5,0.6,355558,44444.75,0,0,23.1,9.7,1.1,1.6,64,52.1,48.3,1.9,1.1,11.4,2.1,6,0.6,0.2,7.8,9.7,88,76.6,0.1,17.9,4.4,35.5,10.9,11.1
"INFINITY HEALTHCARE CONSULTING",763,70,4,1,3,14,20,91.4,4.3,4.3,2,2.2,1.4,3.7,3.2,2.9,0.5,45.5,46.5,0.7,89,1.3,3527030,50386.14,17,0.2,25.7,12.7,3.8,2.2,40.3,70.8,70.7,1.8,1.7,21.5,3.5,4.6,1,0.6,8.7,5.8,94.2,88.5,0.1,22.8,7.2,60.4,24.2,10.9
"INGLESIDE ENGAGED LIVING",284,3,3,0,0,0,0,0,100,0,5,3.7,5,5,5.4,4.9,1.6,33.7,36.5,0.3,3,1,47700,15900,0,0,19.2,5.6,1.5,1.7,69.7,83.3,58.8,1.4,1.6,13.6,2.7,4.8,1.3,0.5,26.6,26.3,97.6,80.5,0,28,3.5,3.1,18.2,10.8
"INSPIRED HEALTHCARE MANAGEMENT",286,6,1,0,0,0,0,100,0,0,1.7,2,2.5,1.3,3.6,3.2,0.2,45.9,31.1,0,5,0.8,359072,59845.33,2,0.3,26.4,12.1,2,5.1,48.5,65.5,76.7,4.2,4.3,21.9,2.3,5.1,3.9,1.8,33.2,27.2,92.4,81,0.1,26,5.3,0.3,20.1,11.8
"INTEGRITUS HEALTHCARE",603,15,1,0,0,0,0,6.7,93.3,0,3,3.1,3.3,2.6,4,3.5,0.6,45.5,39,0.3,12,0.8,300502,20033.47,0,0,25,12.8,1.5,1.7,45.1,86.3,89.7,1.7,1.6,17.3,3.6,3.9,2.5,0.9,23,20.9,93.7,96.9,0,27.6,5.5,27.2,18.8,11.2
"INTEGRITY HEALTHCARE COMMUNITIES",652,5,1,0,1,1,20,100,0,0,1.8,2.2,1.4,2.4,3.1,2.7,0.5,61.1,54.9,0.7,8,1.6,718935,143787,3,0.6,16.6,18.4,2.4,0.2,34.7,69.3,56.8,1.6,3.2,28.5,6,1.8,1.5,3.3,27.9,21.4,93.6,84.7,0,21.3,7.5,34.5,29.4,10.9
"IVY HEALTHCARE GROUP",828,4,3,0,1,0,0,100,0,0,1.8,1.8,2.8,3,3.3,3.1,0.5,59.5,61.5,0.8,9,2.3,282763,70690.75,4,1,22.4,14.9,1.1,1.2,61.7,42.4,52.2,1.6,2.1,23.7,3,4.9,1.2,2.6,22.5,14.8,73.7,82,0.1,23.1,7,9.5,19.4,11.3
"JAG HEALTHCARE",289,9,1,0,0,0,0,100,0,0,3.4,2.9,2.4,4.8,3.4,3,0.4,37.8,39,0.2,1,0.1,130240,14471.11,1,0.1,31.1,8.7,1.8,4.4,61.5,78.1,84,1.7,1.8,20,2.4,1.5,0.8,0.1,7.3,6.3,98.1,93.3,0.2,12.9,6.4,51.7,42.9,10
"JAMES & JUDY LINCOLN",290,56,2,2,0,12,21.4,100,0,0,2.4,2.7,2.1,2.6,3.1,2.8,0.4,56.9,52.6,0.5,31,0.6,1389667,24815.48,12,0.2,25.7,11.5,2.7,3.2,51,72.2,70.7,2,2.1,29.8,4.3,4.1,2.7,1.4,18.7,19.3,96,86.9,0.1,16.9,3.8,4.8,31.1,10.9
"JENMAX GROUP",875,10,1,0,1,5,50,100,0,0,1,1.7,1,2.8,3.1,2.7,0.4,63.9,70.9,2.5,47,4.7,2768980,276898,18,1.8,26.7,18.5,1.4,2.3,36.9,40.7,53.5,2.2,3.8,18,2.7,4.4,0.8,0.7,14.9,15.7,82.8,84.5,0.1,20.7,8.1,63,23.1,11.5
"JONATHAN BLEIER",765,18,4,0,1,5,27.8,100,0,0,2.7,2.2,3.3,4.1,3.6,3.2,0.5,45.1,38.3,0.4,11,0.6,556900,30938.89,0,0,21.8,8.2,1.6,1.4,56,82.4,79.7,1.7,1.2,15.4,3.2,3.8,0.8,0.4,13.9,15.3,98.4,94.8,0,17.2,5.8,2.7,17.6,10.7
"JOURNEY HEALTHCARE",766,34,4,1,2,0,0,100,0,0,2,2.4,1.4,2.6,3.2,2.9,0.4,56.3,61.4,0.6,36,1.1,934816,27494.59,5,0.1,23.4,13.3,3,3.6,46.9,67,63.7,2.2,1.9,23.1,3.2,5.6,1.5,0.6,18.8,18,93.8,88.1,0,18.8,5.5,31.7,23.2,10.7
"JUCKETTE FAMILY HOMES",295,6,1,0,0,2,33.3,100,0,0,1.8,2.2,1.3,2.3,3.7,3.4,0.3,58.4,"",0.5,4,0.7,389423,64903.83,3,0.5,33.7,22.7,3.7,3.9,47.2,98.9,96.1,2.3,2.8,28.8,4.2,3.5,1.9,2.5,13.1,18,95,99.3,0,15.8,4.8,2.9,28.5,11.6
"JUNIPER COMMUNITIES",829,3,2,1,0,0,0,100,0,0,4.5,4,4.5,3,4.5,3.9,1,46.7,39.7,0,9,3,283356,94452,1,0.3,23.1,10.1,2.4,4.7,57.5,54,43,1.6,1.8,39.8,3.7,3.8,2.4,0.7,19.3,18.2,79.5,72.4,0,18.3,4.7,0.5,13.8,9.3
"JUSTLIVING COMMUNITIES",836,2,2,0,0,0,0,0,100,0,5,4.5,5,4,4.9,4.4,1.7,28.6,20,0,0,0,0,0,0,0,26.5,14.4,0.2,1.3,57.7,94.4,87.1,2.4,2.3,24,0,4.8,0.8,0,9.8,1.1,100,85.7,0,1,2,0,11.5,10
"KADIMA HEALTHCARE GROUP",296,15,1,0,2,2,13.3,100,0,0,1.6,1.7,1.6,2.9,3.4,3.1,0.7,67.3,72.4,1.7,13,0.9,520776,34718.4,5,0.3,21.1,12.4,2,3.4,48.2,42.5,48.5,1.5,1.9,24.1,3.4,7,1.5,1.6,22,22.2,85.6,77.3,0.1,23.7,7.1,7,20.8,10.6
"KALESTA HEALTHCARE GROUP",297,17,3,0,2,2,11.8,100,0,0,2.4,1.9,3.1,4.1,4.1,3.7,0.6,50.5,56,0.9,24,1.4,697394,41023.18,4,0.2,21.1,14.8,2.1,2.3,61,82.9,88,1.8,2,10.7,1.9,5.3,1.6,1.1,11.7,11,95.5,93.6,0.3,15.9,5,8.3,15.7,10.5
KENDAL,653,7,4,0,0,0,0,14.3,85.7,0,4.4,3.9,4.7,3.7,4.9,4.4,1.3,31.9,22.6,0,2,0.3,22768,3252.57,0,0,20.2,8.4,1.7,0.6,61.8,90.8,89.7,1.4,1.5,12.9,5.2,4.6,2,2.9,23.5,26.4,99.8,96.1,0,24.7,3.7,0.7,14.7,10
"KEY HEALTH MANAGEMENT",767,7,1,0,2,3,42.9,100,0,0,1.6,1.6,1.9,2.7,3.2,3,0.6,46.1,49.3,1,6,0.9,243186,34740.86,1,0.1,16.8,13.7,3.4,2.1,56.1,46.6,40.9,1.1,1.5,24.5,3.4,5.1,2.5,1.3,29.8,26.4,94.7,74.8,0,32.3,7.4,30.7,18,11.8
"KINDRED HEALTHCARE",300,4,4,0,0,0,0,100,0,0,3,2.5,3.3,3.8,6.6,5.8,2,31.6,28.2,0,1,0.3,64799,16199.75,0,0,14.7,7.5,1.9,4.8,43.3,93.5,97.6,1.2,1,13.2,0.9,21.5,3.9,4.3,13,21.4,97.9,98.7,0,2.1,6.4,1.4,40.9,12.2
"KINGSTON HEALTHCARE",301,6,2,0,0,0,0,100,0,0,3.7,2.8,3,4.8,4.3,3.8,0.9,53.2,43.7,0.2,0,0,0,0,1,0.2,22,14.2,0.6,3.3,66.2,91.8,93.6,2.1,1.6,7.8,3,5.1,0.7,0,6.4,4.9,97,95.6,0,26.4,5.5,22.3,23.7,9.8
"KISCO SENIOR LIVING",585,2,2,0,0,0,0,100,0,0,3,3.5,4,1.5,4.8,4.2,1.5,"","",0,1,0.5,7901,3950.5,0,0,26.5,24,2.9,3.8,36.7,68.9,58,"","","","","","","","","","",77.3,0,13.4,9,7.1,30.8,10.4
"KISSITO HEALTHCARE",302,6,1,0,0,0,0,66.7,33.3,0,4.5,4.2,3.2,3.8,3.9,3.4,0.9,41.6,29.7,0.3,3,0.5,35837,5972.83,0,0,23.5,12.2,1.2,5.1,66.4,91.8,91.1,1.6,1.9,13.4,5.8,8.4,1.9,0.4,16.3,15.6,99.4,99.1,0,21.9,5.7,5.4,34.3,10.6
"KR MANAGEMENT",667,5,1,0,0,0,0,100,0,0,4.2,3.2,3,5,4,3.6,0.8,47.4,51.6,1,2,0.4,38350,7670,0,0,25.3,7.4,0.8,1,60.8,97.7,99.7,1.9,0.5,3.5,2.6,2.6,0.3,0,9.8,5.1,100,100,0,9.7,5.3,9.6,17.3,10.5
"LANTIS ENTERPRISES",304,5,2,0,0,0,0,100,0,0,1.6,2,2.8,1.6,3.2,2.9,0.6,47.5,42.9,"",0,0,0,0,3,0.6,19,18.9,4.6,2.8,36.9,54,67.4,1.6,2.9,26.3,3.6,7.9,3.9,1.2,21.7,27.6,93,85.7,0,24.7,8.9,2.6,18.8,10.3
"LECOM SENIOR LIVING",876,6,1,0,0,0,0,0,100,0,3.8,3.7,3.7,3.8,4,3.5,0.9,49.8,41.9,1.3,5,0.8,141064,23510.67,0,0,21.8,10.7,2.1,3.1,55.8,50.9,48.7,1.5,1.2,20.8,2.3,6.2,1.1,0.7,19.5,14.8,77.8,71.2,0.3,30.3,6.6,5.1,21.8,10.5
"LEGACY HEALTH SERVICES",305,10,1,0,0,1,10,100,0,0,3.4,2.5,2.2,4.9,3.8,3.3,0.7,54.8,54.2,0.7,1,0.1,8171,817.1,0,0,25.3,7.4,0.6,0.7,55.4,82.1,88,1.9,1.7,6,2.3,3.5,0.7,0.2,5.5,5,95.7,96.4,0,23.4,5.3,32.4,16.4,10.7
"LEGACY HEALTHCARE",306,89,3,1,2,11,12.4,100,0,0,2.9,2.9,2.6,3.4,3.5,3.2,0.7,46.2,42.1,0.3,107,1.2,3381607,37995.58,23,0.3,24.7,13.5,2.1,1.9,52.5,63.9,75.1,1.8,2,21.2,3,5.4,1.7,1.1,13.7,12.9,93.6,91.8,0.1,23.4,6.5,46.3,16.1,10.5
"LEGACY NURSING & REHABILITATION",307,9,2,0,0,3,33.3,100,0,0,1.6,1.8,1.6,2.8,3.4,2.9,0.2,47.5,63.8,0.7,18,2,1518037,168670.78,3,0.3,25,13.2,2.9,5,55.9,58.8,89,2,2.5,30.8,1.8,6.2,0.5,0.4,12.9,15,88.2,97.7,0,17.3,5.4,2.7,23.4,11.3
"LIBERTY SENIOR LIVING",310,37,1,0,0,2,5.4,97.3,0,0,2.7,3,2.1,3,3.6,3.2,0.5,54.9,52.1,0.6,39,1.1,951146,25706.65,5,0.1,24.5,15.1,1.4,3.1,49.2,83.1,88.4,1.8,2.2,13.4,3.5,6.3,3.3,1.4,19,13.8,95,95,0,23.9,6.3,4,18.8,10.5
"LIFE CARE CENTERS OF AMERICA",311,194,26,0,1,14,7.2,95.9,0.5,3.6,3.5,2.9,3.3,4.5,3.8,3.3,0.7,41.8,40.8,0.4,119,0.6,3621304,18666.52,10,0.1,23.7,11.3,1.2,2.2,80.4,81.3,83.4,1.7,1.5,13.5,3.2,4.5,0.9,0.3,11.7,9.3,95,94.1,0.1,22.2,6.1,6.1,19.4,10.6
"LIFE CARE SERVICES",312,44,18,0,0,0,0,43.2,56.8,0,4.1,3.7,4.5,4.1,5.1,4.5,1.2,38.7,36.9,0.5,35,0.8,660627,15014.25,3,0.1,22.9,10.9,1,2.1,60.6,87.7,89.5,1.6,1.2,13.8,4.8,5.1,1.8,1.2,19.7,17.9,96,93.6,0,24.6,4.6,3.3,16.4,10.7
"LIFEBRITE HOSPITAL GROUP",654,2,2,0,0,0,0,100,0,0,2,2,2.5,3,3.6,3.1,0.8,29.3,40,0,1,0.5,177463,88731.5,0,0,20.5,6.1,12.5,1.8,21.4,44,60.1,1.7,1.8,24.6,1.7,6.1,5,1.4,20.8,20,100,95.8,0.3,14.5,4.6,1.5,29.1,10.8
"LIFEPOINT HEALTH",787,8,6,0,0,0,0,100,0,0,3.9,4.1,3,3.1,4.5,3.9,2.4,100,100,1,11,1.4,69602,8700.25,1,0.1,21.4,11.6,1.7,3,48.4,92.9,89.7,1.6,2.3,13.3,4.9,4.6,5.2,0.9,25.2,18.5,96.5,96.2,0,18.4,7.8,2.7,18.8,10.9
"LIFESPACE COMMUNITIES",315,16,7,0,0,0,0,12.5,87.5,0,4.2,3.5,4.1,4.4,4.2,3.8,1.2,41.1,39.7,0.6,11,0.7,228862,14303.88,0,0,23.3,9.6,0.8,2,63.2,89.2,90.9,1.7,0.9,13.5,2.5,3.9,1.4,0.2,16.4,11.9,97.3,96.4,0,19.6,4.6,2.1,17.7,10.5
LIFESPARK,316,4,2,0,0,0,0,25,75,0,1.3,1,2.8,4,3,2.7,0.7,47.8,31.9,0.5,11,2.8,532023,133005.75,0,0,21.2,10.6,1.5,2.9,62.5,80.1,93.1,1.6,1.3,17.8,4,4.1,1.1,1,17.8,16.7,97.6,97.8,0,23.3,6,3.8,11.8,9.9
"LIFEWORKS REHAB",768,66,5,3,5,7,10.6,98.5,0,1.5,2.1,2,1.4,3.9,3.4,3,0.5,55.2,56.4,0.7,86,1.3,4866405,73733.41,19,0.3,22.3,11.8,1.4,2.5,57.4,78.6,78.7,1.5,1.4,15,3.4,5.5,1.2,0.5,14.4,13.2,92.5,92.7,0,24.5,5.8,40.9,19.4,11.1
"LINEAGE HEALTHCARE",854,5,1,0,0,3,60,100,0,0,1.8,1.6,2,3,3.2,2.7,0.7,37.2,45.8,0.6,13,2.6,823320,164664,12,2.4,15.7,5.1,3.7,1.5,48,58.9,59.8,2.4,2.9,29.9,2,4.8,0.8,1,18.5,12.7,92.3,84.3,0,17.1,3.4,85.8,17.9,11.5
"LINKS HEALTHCARE GROUP",318,31,2,0,0,5,16.1,100,0,0,2.9,2.5,2.6,4,4.1,3.7,0.6,44.2,48.8,0.8,17,0.5,456067,14711.84,3,0.1,23,11.8,1.2,1.7,56.6,91.9,95.1,2,1.4,10.8,1.7,4.7,0.9,0.7,12.1,8.2,98.9,98.7,0.4,6.8,4.4,11.9,17,11.5
"LIONSTONE CARE",611,22,1,0,2,1,4.5,100,0,0,2.6,2.3,1.8,4.6,3.3,3,0.6,57.9,58.8,1,30,1.4,725482,32976.45,4,0.2,22.7,11.2,1.1,1.6,52.6,52,63.1,2,2.5,10.9,3.1,3.2,0.2,0.1,5,3.9,87.5,80.8,0,22.9,7.9,49.2,23.8,11.1
"LITTLE SISTERS OF THE POOR",319,5,5,0,0,0,0,0,100,0,4.8,4.2,4.7,4,5.6,5.2,1.4,29.1,33.3,0,1,0.2,9272,1854.4,1,0.2,"","","","","","",33.3,1.8,1.4,6.6,5.2,3.9,2.1,0.5,17.3,17.6,100,94.7,0.2,24.3,6.2,4.1,13.4,""
"LME FAMILY HOLDINGS",321,15,4,0,1,1,6.7,100,0,0,2.1,2,2.2,3.2,3.3,3,0.6,55.1,51.8,0.8,19,1.3,765433,51028.87,0,0,22.6,10.7,1.6,2.7,44.4,58.8,54.2,2.2,1.4,18,2.4,5.1,1.3,0.8,14.9,15.5,93.2,81.1,0,25.9,8.1,12.3,23.9,10.4
"LONG PEAK OPERATING COMPANY",855,7,1,0,0,2,28.6,100,0,0,2.9,2.3,2.7,4.6,3.2,2.8,0.6,40,37.3,0.4,9,1.3,77224,11032,0,0,28.8,16.3,2.3,2.7,71.5,62.2,65.9,1.5,1.8,21.2,2.2,2.4,0.4,0.1,8.4,8.1,95.1,90.3,0,20.2,6.5,2.7,8,9.7
"LONGWOOD MANAGEMENT CORPORATION",323,38,1,0,3,1,2.6,100,0,0,2.2,2.1,3.2,3.6,4.3,4,0.5,39.9,38.5,0.4,42,1.1,1317260,34664.74,17,0.4,23.8,7.6,4.1,0.5,54,78.6,81,3.1,1.3,13.3,1.6,6.4,2.1,0.6,9.7,14.5,96.3,97.8,0.4,8.6,6.4,0.4,11,10.6
"LORIEN HEALTH SERVICES",324,8,1,0,0,0,0,100,0,0,3.5,3.4,3.8,2.6,4.3,3.9,0.9,50,45.7,0.3,2,0.3,81442,10180.25,0,0,23.8,12,1.6,4.1,51.5,82.7,86.5,1.5,1.4,13.1,2.4,7.6,5.1,1.4,45,26.3,97.2,95.8,0,24.4,7,5.2,13,11.8
"LUTHERAN SERVICES CAROLINAS",327,9,1,0,0,1,11.1,0,100,0,4.3,3.7,4.7,3,4.6,4.2,0.8,39.4,27.1,0.3,9,1,150545,16727.22,0,0,24,13.6,0.6,5.2,54.8,82.5,86.5,1.2,1.2,15.2,4.4,6,4.1,1.7,32.2,24.4,94.6,91,0,27.8,9.3,1,25.1,10
"LYON HEALTHCARE",837,14,2,0,1,2,14.3,92.9,7.1,0,2,2,1.7,2.9,3.4,3.1,0.5,47.9,52.7,0.6,26,1.9,718805,51343.21,2,0.1,24,16.9,2,2.4,34.5,71.1,71.5,1.9,2.4,15.6,3.8,4,0.7,0.6,12.9,9.7,94.4,82.5,0,19,8,30.8,29.9,11
"MADISON CREEK PARTNERS",328,13,2,0,0,2,15.4,100,0,0,3.3,2.8,3.2,4.2,3.6,3.3,0.6,47.9,52.5,0.5,9,0.7,147124,11317.23,2,0.2,23,14.5,1.8,1.1,43.4,87.1,78.1,1.6,1.9,25.7,2.3,3.1,0.5,0.4,11.5,9.6,96.8,92.6,0,14.2,4.6,4.3,13.2,10.6
"MAGNOLIA MANOR SENIOR LIVING",329,5,1,0,0,0,0,0,100,0,2.8,2.6,3.8,3.8,4.1,3.5,0.5,43.7,37,0,1,0.2,34431,6886.2,0,0,29.6,12.3,2,0,56.7,82,84.1,1.7,1.9,15.7,4.3,4.1,1,0.3,16.3,16.1,97.7,97.9,0.2,10.7,3.3,3.1,17.3,11.5
"MAINE VETERANS' HOME",330,5,1,0,0,0,0,0,100,0,4.2,4,4.2,2.6,5.4,4.8,1.6,39.1,32.3,0.3,3,0.6,82599,16519.8,1,0.2,18.9,16.8,2.1,6.2,38.1,72.8,71.8,0.9,1.4,15.6,4.5,5.1,2.8,1.2,24.1,25.1,94.7,95.6,0,32,4.3,5.6,17.6,9.6
"MAJESTIC CARE",331,35,3,0,1,2,5.7,88.6,2.9,8.6,2.5,2.3,1.5,4.6,3.4,2.9,0.5,51.5,48.7,0.7,19,0.5,839562,23987.49,10,0.3,22.7,10.3,1.7,2.7,47.2,62.4,67.5,1.6,1.5,10.7,3.9,4.1,0.3,0.2,6.2,4.7,92.8,91.5,0,23.7,6.3,38.2,25.1,10.6
"MAJOR HOSPITAL",332,6,1,1,1,0,0,33.3,50,16.7,2.8,2.8,2.8,3.6,3.5,3.2,0.6,48.6,33.3,0,3,0.5,100709,16784.83,2,0.3,21.8,11.9,1.1,2.6,61.6,91.7,82.1,2,1.5,19.9,4.1,2.7,3.2,2.8,21.7,20.6,97.3,97.5,0,25.4,4.4,4.1,28.7,11
"MAPLE SPRINGS LIVING",333,3,2,0,0,0,0,100,0,0,3,2.7,4.3,3.3,5.3,4.8,1.4,48.8,47.2,0,4,1.3,88404,29468,1,0.3,20.9,14.7,2.3,3.2,45.2,92.9,92.6,1.5,1.6,18.1,0.7,12.1,4.9,3.1,19.6,9.6,100,97.9,0,27.9,7.8,9.7,15.5,9.4
"MARINER HEALTH CARE",334,17,1,0,0,1,5.9,100,0,0,3.2,2.8,4.1,4.1,4.3,4,0.7,37.8,36.2,0.2,33,1.9,330017,19412.76,3,0.2,21.8,10.8,0.8,1.8,56.6,98.9,99.5,2,1.4,12.4,2.5,6.8,0.3,0.4,8.7,9.3,99.8,99.8,0.3,6.7,4.4,1.4,11.4,11.2
"MARQUIS COMPANIES",335,15,3,0,0,1,6.7,100,0,0,4.3,3.7,4.4,3.5,5,4.5,0.8,42.6,36.8,0.5,2,0.1,27378,1825.2,0,0,22.1,10.1,0.8,4.4,57.8,81.2,86.5,1.6,1.8,13.6,2.7,10.6,2.3,2.7,26.5,19.8,92.8,94.8,0.1,22.2,6.9,3.7,12.1,9.7
"MARQUIS HEALTH SERVICES",336,88,9,0,1,6,6.8,98.9,1.1,0,3,2.5,2.5,4.3,3.6,3.2,0.7,41.7,41.1,0.6,84,1,2693013,30602.42,6,0.1,24.5,9.6,1.3,1.9,66.7,66.6,71.9,1.7,1.2,14.6,2.7,5.4,1,0.6,11.5,11.3,93.9,89.2,0.1,21.3,6.4,42,16.9,11.1
"MARSH POINTE MANAGEMENT",337,6,2,0,1,1,16.7,100,0,0,3,2.8,4,3,4,3.6,0.6,40.7,33.9,0.3,5,0.8,174353,29058.83,2,0.3,19.8,13.8,1.1,3.4,70,88.6,60,2.4,2,37.4,4.2,3.3,4.1,2.5,10.3,15.2,98.6,84.4,0,15.2,6.4,1.6,28.2,10.8
"MATHER SENIOR LIVING COMMUNITIES",877,2,2,0,0,0,0,50,50,0,5,4.5,5,4.5,5.2,4.8,1.3,33.3,35.6,0,1,0.5,8018,4009,0,0,10.6,7.4,0.4,4.3,60.8,97,93.2,1.8,1.1,12.5,4.9,4.3,2,2.7,17.7,28.5,100,99.4,0,21.4,3.4,5.3,18.5,9.7
"MAXIMUS HEALTHCARE GROUP",338,7,2,0,0,0,0,100,0,0,4.6,4.1,3.7,4.6,3.9,3.5,0.5,40.8,29.9,0.2,0,0,0,0,0,0,20.5,9.7,1.7,1.7,52.8,91.4,90.8,1.7,1.2,10.2,3.5,5.9,0.6,0.3,13.3,12.1,99.8,99.6,0,13.7,3.2,1.8,17.4,10.3
"MB HEALTHCARE",341,12,2,0,0,0,0,100,0,0,3.7,2.9,3.1,4.8,3.6,3.2,0.6,43.4,42.6,0.7,2,0.2,56965,4747.08,0,0,23.6,8.9,0.9,1.9,62,86.6,88.1,2.1,1,12.4,2.3,4.8,0.2,0.4,7,6.8,99.3,96.4,0,18.3,3.3,5.4,22.3,10.4
"MEDICALODGES, INC.",344,20,3,0,1,4,20,100,0,0,2.7,2.4,3.8,3.2,4,3.4,0.6,54.4,48.4,0.3,25,1.3,602562,30128.1,2,0.1,24.1,14.2,3.1,2.5,54.2,76.8,75.9,1.7,2.6,20.2,4.6,3.8,4.4,0.7,15.9,17.4,95.9,89.2,0,26.1,4.5,3,26.2,10.7
MEDILODGE,345,53,1,0,3,8,15.1,100,0,0,3.1,2.6,3.8,4.3,3.9,3.3,0.9,44.2,39.5,0.7,37,0.7,1507247,28438.62,12,0.2,23.1,11.5,1.1,1.6,57.1,67.8,67.2,1.8,1.7,13.1,3,5.7,1.2,0.5,8.6,6.8,93.8,91.3,0.3,22,6.7,3.3,24.1,10.8
"MERCYHEALTH SYSTEM",346,3,2,0,0,0,0,0,100,0,4.7,4.7,3.3,4,7.3,6.2,3.1,35.7,54.5,0,1,0.3,53847,17949,0,0,23.2,9.4,2.5,3.8,54.2,99,100,1.3,1.5,3.9,4.4,11.2,3,0.9,10.5,18.3,"",100,0,19.8,7.8,0,3.1,9.9
"METHODIST RETIREMENT COMMUNITIES",822,6,1,0,0,0,0,0,100,0,4.5,4.2,4.3,4,4.6,4,0.7,42.9,33.5,0.5,3,0.5,62686,10447.67,0,0,29.9,12.5,1.2,2.2,67.5,85.8,87,1.8,1.5,7.5,3.7,4,1.6,0.8,24.2,18.8,99.4,96.7,0,21.6,11,1,15.3,10.3
"MGM HEALTHCARE",348,32,3,0,1,5,15.6,96.9,3.1,0,2.4,2.2,1.7,3.9,3.6,3.1,0.4,60.5,57.9,0.8,33,1,1611737,50366.78,17,0.5,23.2,14.6,0.5,1.5,50.1,43.7,51.2,2.2,2.3,16.7,2.6,4.5,0.5,0.1,7.7,8.7,83.8,69.7,0,17.9,2.8,32.5,24,10.9
"MICHAEL FEIST",769,7,3,0,0,0,0,100,0,0,3.7,3.4,2.4,4.3,4.2,3.6,0.8,48.9,54.8,0.1,1,0.1,30000,4285.71,0,0,23.1,10.5,1.2,2.5,66.2,84,89.5,1.9,1.2,8.4,3.1,6.4,1.8,0.4,13.4,12.3,94.8,93,0,21,6.7,11.3,17,10.3
"MICHAEL SLYK",789,7,1,0,0,0,0,100,0,0,2.6,2.7,1,4.7,3.3,3,0.6,56.7,57.3,1.7,5,0.7,198139,28305.57,0,0,26.8,10.8,0.3,1.2,43,83.3,85.2,1.6,1.4,6.2,4.2,2.6,0,0,11.6,9.9,98.5,95.4,0,24.2,5.4,74.4,28.9,10.9
"MIDWEST HEALTH",350,10,2,0,0,0,0,100,0,0,3.7,3.3,4.2,3.5,3.9,3.5,0.8,50.3,36.4,0.4,4,0.4,60403,6040.3,0,0,28.1,15.8,1.8,4.6,43.5,78.9,79.4,1.9,2.1,13.9,3,5,2.2,0.6,11.7,14.2,95,91.1,0,23.8,3.5,1.4,21.7,11.7
"MILLENNIUM HEALTH SYSTEMS",351,4,2,0,0,1,25,100,0,0,4,3,4.3,4.5,5,4.5,1.2,23,30.6,0,1,0.3,33579,8394.75,0,0,26.8,5.8,0.5,2.1,22.1,98.2,98.9,2.4,0.7,5.9,1.2,4.3,0.7,0.7,18.3,14.1,100,99.9,0.2,14.3,5.7,1.6,28.6,11.4
"MILLER'S MERRY MANOR",352,14,1,0,0,1,7.1,100,0,0,3.7,3.5,3.2,3.9,3.8,3.3,0.8,49.1,36.4,0.7,1,0.1,10255,732.5,0,0,23,12.4,0.8,5.3,51.2,95.3,97.5,1.6,1.5,8.6,4.1,5,3.9,0.4,19.4,13.6,99,99.7,0,12.2,7.4,10.3,15.3,10.7
"MISSION HEALTH COMMUNITIES",354,33,5,0,1,6,18.2,100,0,0,2.6,2.7,2.7,3,3.5,3.1,0.7,50.3,39.9,0.5,29,0.9,593158,17974.48,4,0.1,21.5,12.1,2.3,3.6,47.4,70,74.1,1.9,2,26.3,3.4,5.2,3.9,1.3,18.8,16.2,97,95.8,0,20.1,5.1,8.6,26.9,10.8
"MISSION HEALTH SERVICES",355,7,2,0,1,1,14.3,42.9,28.6,28.6,3.6,3.1,2.7,4.6,3.5,3.1,0.9,51.6,40.2,0.4,6,0.9,222141,31734.43,1,0.1,16.9,13.4,0.4,1.9,50.2,86.7,88.9,1.3,2,21.6,4.7,5.2,1.5,0.7,7.2,5.4,97.9,98.1,0,22.8,3.6,10.6,32.4,10
"MISSION POINT HEALTHCARE SERVICES",356,21,2,0,1,4,19,100,0,0,2.8,2.1,3.7,4.3,3.7,3.2,0.8,43.1,33.8,0.7,23,1.1,1547386,73685.05,17,0.8,23.5,11.9,2.1,1.2,57.4,79.2,82.5,1.7,1.4,13.3,2.5,5.1,1.6,0.4,8.6,6.8,94.5,96.8,0,16.2,4.6,3.7,20.2,11
"MISSISSIPPI CARE CENTER",357,5,1,0,0,1,20,100,0,0,3.6,3.2,3.8,2.4,4.5,3.6,0.6,49.5,38.3,0,7,1.4,55696,11139.2,0,0,27.5,12.9,4.3,3.2,55.5,87.1,99,2.1,2.5,17.5,3.2,3.7,6,2.5,22.8,24.1,99.3,99.8,0,25.2,5.7,0.8,25.9,10.9
"ML HEALTHCARE",358,6,1,0,0,2,33.3,66.7,0,33.3,2.5,2.5,1.2,4.3,3,2.7,0.4,58.1,57.3,0.2,10,1.7,258954,43159,0,0,26.5,13.2,1.1,1.1,56,76.1,79,1.8,2,8.5,3.1,3.2,0.6,0.3,7.5,8.5,89,89.6,0.3,13.8,2.7,1.1,19.8,10.7
"MO OP HOLDCO, LLC",790,9,1,0,0,1,11.1,100,0,0,2.1,2.3,2.2,3.1,3.4,2.9,0.5,62.5,60.5,0.9,6,0.7,148429,16492.11,0,0,26.9,15.7,0.9,2.5,47.1,38.4,56.1,2.5,2.9,22.1,3.6,3.8,1,1.4,10.2,10.1,83.1,84.9,0.1,16.9,1.5,16.3,28,11
"MOMENTUM SKILLED SERVICES",360,9,1,0,1,1,11.1,33.3,0,66.7,2,2.3,1.2,3.4,3.4,2.9,0.2,64.5,68.2,1,15,1.7,701950,77994.44,1,0.1,30.3,10.5,0.8,3,51.8,82.7,90,2.5,2.5,7,3.3,4,0.1,0,14.4,16.4,98.3,98.4,0,13.3,1.7,0.9,15.1,11
"MONARCH HEALTHCARE MANAGEMENT",361,45,1,0,1,5,11.1,95.6,4.4,0,2.2,2.2,3.5,3.1,3.4,3.1,0.9,48.2,47.3,1,85,1.9,1250065,27779.22,4,0.1,24.4,16.7,2.2,2.7,53.5,77.5,86.8,1.7,2.2,19.5,3.4,7.2,1.7,1.6,17.3,14.1,96.4,97.2,0,22.3,5.2,5.1,12.8,10.2
"MONUMENT HEALTH GROUP",770,11,1,0,1,2,18.2,81.8,0,18.2,3.2,2.4,2.7,4.9,3.7,3.2,1.1,55.8,54,1.3,14,1.3,324298,29481.64,1,0.1,17.2,11.9,0.9,1.2,53.6,89.2,96,1,1.2,9.2,2.3,3.7,1.4,0.4,14.7,11,98.1,98.7,0.1,18.6,2.6,11.8,23.3,9.7
"MORDECHAI WEISZ",712,7,3,0,0,1,14.3,100,0,0,2.4,2,1.7,4.4,3.3,3,0.5,55.5,54.1,0.2,9,1.3,270488,38641.14,0,0,20.8,10.6,0.9,3,57.1,61,57,1.8,1.3,20.4,3.3,4.2,0.4,0.4,7.7,5.2,93.5,78.6,0,27.1,9.2,29.3,22.1,11.3
NAHS,362,12,1,0,0,1,8.3,100,0,0,4.1,3.3,3.2,4.9,4.5,3.9,0.5,37,41.8,0.1,2,0.2,110170,9180.83,1,0.1,21.7,9.1,0.7,0.4,61.8,90,96.5,1.9,1.7,5.2,1.5,3.3,0.6,0.1,7.3,6.7,95.1,98.7,0,12.6,4,6.2,8.8,10.7
"NATIONAL HEALTH CARE ASSOCIATES",363,43,6,0,0,8,18.6,100,0,0,3.2,2.8,3,4.3,3.8,3.4,0.7,35.9,37.8,0.3,28,0.7,597454,13894.28,0,0,23.2,11.4,1,2.6,59,74.3,74.3,1.7,1.2,17.8,3.5,4.5,0.8,0.3,13.1,12.2,93.8,88.1,0,27.4,7.3,38.4,19.1,10.2
"NATIONAL HEALTHCARE CORPORATION",364,69,8,0,0,3,4.3,97.1,2.9,0,3.9,3.4,3.3,4.5,3.8,3.3,0.7,46.6,31.4,0.2,24,0.3,1158622,16791.62,5,0.1,20.4,10,1.3,1.1,67,86.6,85.6,1.4,1.2,12.2,4.1,4,1.5,0.7,14.9,13.9,94.9,94.1,0,18.9,5.1,2.8,23.4,11.2
"NATIONAL LUTHERAN COMMUNITIES & SERVICES",365,2,2,0,0,0,0,0,100,0,4,3,4.5,4.5,4.5,4.3,1.1,32.7,26.7,1,1,0.5,17345,8672.5,0,0,17.8,10.8,0.7,2,61.2,73.9,82.9,1.7,1.6,12.6,1.2,9.9,1.8,0.8,27.3,17.3,96.5,82.9,0,20.5,9.4,1.5,26.7,9.1
"NATIONWIDE HEALTHCARE SERVICES",366,7,2,0,0,1,14.3,100,0,0,2.6,2.6,3,3,3.8,3.5,0.6,52.4,48.8,0.7,12,1.7,320120,45731.43,0,0,25.8,10.9,1.4,2.1,44.9,52.1,45.8,2.7,2,15.3,2.9,4.5,1.1,1,12.9,14.1,94.1,82.7,0,21.7,7.2,2.5,19.5,10.1
NEURORESTORATIVE,367,5,3,0,1,1,20,100,0,0,3.4,3.4,3,4.4,8.1,7.6,2.4,46.5,49.7,0,5,1,179940,35988,0,0,"","","","","",63.6,84,1.6,2,9.3,0.3,5,0.8,1.4,10.8,9.9,90.6,90.7,0,7.9,4.9,2.3,33,""
"NEW YORK CITY HEALTH + HOSPITALS",368,5,1,0,0,0,0,20,0,80,4.6,4,4.8,4.4,4.9,4.2,1.6,22.8,25.4,0.4,1,0.2,17345,3469,0,0,18.1,8.9,0.5,3.5,43.9,81.7,77.3,1.3,0.7,6.4,1.3,10.9,1.3,0.2,10.6,11.9,98.3,95.9,0.7,11.9,3.8,0.8,4.2,9.8
"NEXCARE HEALTH SYSTEMS",369,20,1,0,0,3,15,100,0,0,3.8,3.4,3.7,4.4,3.8,3.4,0.6,42.3,34.9,0.5,12,0.6,341309,17065.45,6,0.3,24.4,11,0.5,1.2,52.8,77.9,79.4,1.7,1.3,13.6,2.4,4.7,1.2,0.4,8.5,8,94.4,96.4,0.1,6.2,5.4,1.8,18.8,10.6
"NEXION HEALTH",370,52,3,1,1,7,13.5,92.3,0,7.7,2.4,2.4,2.8,2.8,3.6,3.2,0.4,43.6,43.3,0.6,75,1.4,2629589,50569.02,9,0.2,27.5,13,1.8,2.4,43.2,78.2,77.8,2.2,2.5,15.1,2.8,4.2,0.6,1,22,20.7,95.9,95.7,0.2,15.3,4.4,0.7,20.3,11.5
"NEXT STEP HEALTHCARE",371,14,1,0,2,1,7.1,100,0,0,1.9,2.1,2.4,2.4,3.4,3.1,0.6,40.6,51.6,0.7,22,1.6,1402313,100165.21,0,0,27,14.5,1.9,3.4,40.1,73.1,69.4,2.5,2.1,27,3.4,5.9,2.3,1.2,10.1,10,97.8,92.9,0.2,25.4,6.7,17.9,20.7,11.3
"NHS MANAGEMENT",372,43,3,0,0,2,4.7,100,0,0,3,2.8,3.7,3.5,4,3.4,0.6,51.1,49.8,0.4,8,0.2,218754,5087.3,2,0,25.4,11.9,1.6,3.6,56.5,78.7,86.9,1.9,1.7,21.3,3.1,6.6,1.5,0.6,9.8,10.1,93.8,92.1,0,9.4,4.4,1,23.5,10.7
NIGHTINGALE,815,5,1,0,0,0,0,100,0,0,4,4,3.6,3,3.5,3.1,0.6,36,28.8,0.4,2,0.4,28293,5658.6,0,0,26.7,17.9,1.2,3.1,64.3,63.8,75,2.4,3.3,16.5,3.8,4.1,1.3,0.1,10.9,8.7,96,92.8,0,13.9,6.4,0.8,22.9,11.8
"NOLAND HEALTH",374,10,1,0,0,0,0,20,80,0,2.7,2.4,4.1,3.3,4,3.4,0.7,46.9,35.7,0.2,1,0.1,17345,1734.5,0,0,26.7,11,1.6,2.2,43.9,88.2,90,2.5,1.6,19.3,3.6,5,3.6,1.3,14.2,10.7,97.7,91.5,0,9.9,6.3,1.6,24.9,10.9
"NORBERT BENNETT & DONALD DENZ",771,27,6,0,0,3,11.1,96.3,3.7,0,1.8,2,2.6,2.3,3.5,3,0.3,54.9,47.5,0.9,43,1.6,1545265,57232.04,10,0.4,26.7,12.4,2.7,2.6,42.4,68.9,78.9,2.6,2.6,27.8,2.9,7.2,1.4,0.8,17.8,16.4,89.8,90.4,1,12.9,4.8,0.5,23.3,11
"NORTH COUNTRY ASSOCIATES",375,9,1,0,0,0,0,77.8,22.2,0,2.6,2.4,4.1,2.6,4.6,4.2,1,50.1,48.3,0.5,2,0.2,23179,2575.44,0,0,21.9,19.4,2.1,3,64.8,70.9,69.3,2,3.6,20,4.6,3.7,1.2,0.6,30.7,32.9,96.1,89.2,0.1,28.6,2.5,8,17,10.3
"NORTH MISSISSIPPI HEALTH SERVICES",376,2,2,0,0,0,0,0,100,0,3.5,2,4.5,5,4.1,3.5,1.2,31.5,23.1,0.5,1,0.5,13520,6760,0,0,33.6,10.8,0.8,3.3,72.1,62.7,61.8,0.9,1,22.8,1.8,6.2,0.7,1.5,17.9,17.1,94.6,69.4,0,22.1,8.1,0.6,29.5,10.6
"NORTH SHORE HEALTHCARE",377,59,4,0,1,1,1.7,100,0,0,2.7,2.8,3.5,2.6,3.6,3.2,1,43.2,40.5,0.7,35,0.6,990485,16787.88,5,0.1,25,14.4,1.8,2.3,50.3,79.1,82,1.8,2.1,17.8,3.6,5,2.7,2.7,25.5,20.1,95.7,96.1,0.2,27.2,4.6,5.2,15.9,10.5
"NORTHWOOD HEALTHCARE GROUP",772,6,1,0,1,1,16.7,100,0,0,2.7,2.2,1.3,4.7,3.4,3,0.5,51.2,48.6,1.2,4,0.7,548521,91420.17,3,0.5,23.9,8.6,0.8,1,57.7,82.5,80,2.5,2.1,12.1,2.4,4.2,0.3,0.2,4.5,2.2,95.9,86.9,0,22.3,5.9,62.4,25.4,10.9
"NURSING CARE MANAGEMENT OF AMERICA",379,5,2,0,0,0,0,100,0,0,3.2,2.6,3.2,4.6,3.9,3.5,0.7,37.6,28.4,0.2,4,0.8,43883,8776.6,2,0.4,20.8,11.2,0.2,0.8,60.7,84.7,85.4,2,1.3,7.7,4.2,3.1,0.3,0.2,5.4,5.9,98,97.5,0,25.5,4.5,22.3,23.2,10.3
"OAKBEND MEDICAL CENTER",579,5,1,0,0,0,0,40,0,60,3.4,3.4,1.8,4,3.1,2.8,0.4,55,42.5,0,7,1.4,178989,35797.8,0,0,21.1,17.3,2.2,1.9,59,88.8,81,1.9,2.5,7.6,3.3,9,1.6,0,9,12.8,99.6,99.5,0,10.8,5.5,0.8,15.4,11
"OCEAN HEALTHCARE",381,11,1,0,0,0,0,100,0,0,3.1,2.5,2.8,4.5,3.3,3,0.4,35.9,27.6,0.2,6,0.5,227648,20695.27,0,0,24.2,8.2,1.1,2.7,73.3,78.8,73.5,2.2,1.2,9.5,2.7,4.8,0.7,1.1,10.7,9.7,97.8,92.9,0,17.7,5.9,4.4,14,10.8
"OHANA PACIFIC MANAGEMENT CO.",382,6,1,0,0,0,0,100,0,0,3.2,2.7,4,3.8,4.2,3.7,1.5,39.2,32,0.2,3,0.5,105325,17554.17,1,0.2,17.8,13.1,0.4,2.4,54.2,84.5,85.9,1.2,1.3,10.9,1.6,5.2,4.3,1.4,29.4,18.2,96.7,98.3,0,18.6,5.1,0.5,6.2,9.4
"OHIO LIVING COMMUNITIES",383,11,1,0,0,0,0,9.1,90.9,0,4.7,3.7,4.4,4.9,4.6,4.1,1,42.5,23.3,0.3,2,0.2,68330,6211.82,0,0,22.6,11,0.7,0.9,66.4,85.9,81.1,1.5,1.3,8.4,2.5,2.1,1.1,0.2,11.7,7.5,88.9,94.4,0,18.3,5.2,8,22,11
"OKLAHOMA NURSING HOMES, LTD.",384,7,1,0,0,1,14.3,100,0,0,2.4,2.9,2.3,2.6,4.3,3.9,0.4,49.3,57.1,1,17,2.4,195407,27915.29,0,0,23.4,14,1,2.7,61.6,79.1,86.6,2.4,3.4,12,6.9,3.5,1.2,2.9,22.2,20.9,94.9,99.1,0.1,22.4,4.1,5.3,36.3,11.5
"O'NEILL HEALTHCARE",380,6,1,0,0,0,0,100,0,0,4.2,3.7,1.8,5,3.5,3.1,0.5,50,52.7,0.2,1,0.2,166764,27794,0,0,25.4,10.1,0.6,1.3,68.3,71.6,85.5,1.7,0.9,3.2,3.9,3.6,0,0,4.1,3.5,87,95.8,0,22.3,4.3,44.3,25.9,11
"ONYX HEALTH",385,11,1,0,0,0,0,100,0,0,4.4,3.6,3.6,4.7,3.6,3.4,1,35.4,45.4,0.5,7,0.6,51603,4691.18,0,0,27.1,6.9,1.3,1.2,59.6,97.4,98.3,2.3,0.7,6.4,1.1,4,0,0.2,6.3,7.1,100,99.7,0,5.9,6.3,4.4,10,10.1
"OPCO SKILLED MANAGEMENT",773,66,5,0,3,15,22.7,89.4,1.5,9.1,2.3,2.3,1.8,4.3,3.2,2.9,0.4,53.3,49.4,1,101,1.5,3315033,50227.77,16,0.2,23.3,14.1,1,1.8,62.8,77.9,77.9,1.8,2.3,13.6,2.7,3.3,0.4,0.2,9.9,10.7,96.4,93.2,0,18.1,4.1,7.7,16.7,11.3
"OPTALIS HEALTH & REHABILITATION",601,37,2,0,1,9,24.3,100,0,0,2.4,1.8,2.6,4.5,3.8,3.4,0.6,52.7,49.5,0.6,40,1.1,2093782,56588.7,15,0.4,25.5,9.6,0.9,1.7,70,85.2,91.6,2,1.4,12.4,2.6,6.5,1.1,0.6,11.1,8.1,96.4,97.7,0,22.5,5.9,17.2,18,10.9
"OPTIMA CARE",386,8,3,0,0,0,0,100,0,0,2.9,2.3,3.4,3.9,3.7,3.3,0.7,40.9,40.4,1.1,11,1.4,206720,25840,0,0,20,6.9,1.7,1.7,65.5,87,87.5,2,0.9,8.6,3.1,6.6,1.3,0.4,11.2,13,98.6,97.7,0,17.3,4.6,19.5,16.1,11.2
OSBYCORP,388,2,2,0,0,1,50,100,0,0,1.5,2,2,3.5,3.2,2.7,0.7,36.4,25,0,0,0,0,0,0,0,26.4,4.5,10.5,5.4,80,90,96.6,1.3,2.3,13.9,4.1,3.5,5.3,0.5,12.6,13.9,98.4,99.6,0,22.3,6.4,8.7,24.4,10.8
"OTTERBEIN SENIORLIFE",389,19,2,0,0,0,0,5.3,89.5,5.3,3.1,2.9,3.2,4.3,4.1,3.8,0.8,50.8,47.7,0.3,6,0.3,114494,6026,0,0,26.7,14.1,0.8,1.4,53,86.9,92.8,1.7,1.6,10.4,3.7,3.3,0.6,0.4,5.5,4.3,96.8,97.7,0,25.3,6.9,13,26.8,11
"PACIFIC HEALTHCARE HOLDINGS",792,15,1,0,1,1,6.7,100,0,0,1.9,2.2,1.3,3.7,4.4,3.8,0.3,30.7,16.1,0,21,1.4,739563,49304.2,10,0.7,24.4,7.9,1.9,1.1,51.1,87.6,89.1,3,1.2,12.2,0.9,4.9,0.8,0.9,10.4,13.9,96.4,96.7,0.1,9.1,7.9,22.8,14.2,10.9
"PACIFIC RETIREMENT SERVICES",391,10,5,0,0,0,0,0,100,0,4.5,4.2,4.6,4.4,5.6,5.1,1.4,41.2,39.2,0.4,1,0.1,10033,1003.3,1,0.1,21.8,9.5,0.6,3.2,55.8,88.6,95.3,1.1,1.3,7.4,2.8,4.4,2.6,1.2,19.8,15.9,99.6,99.7,0,20.7,5.3,3.4,8,9.7
"PACS GROUP",690,280,16,3,9,26,9.3,100,0,0,3,2.5,2.4,4.3,3.9,3.5,0.5,46.8,47.5,0.5,255,0.9,9017895,32206.77,69,0.2,22.7,12.4,1.2,1.6,62.8,87.2,89.5,1.8,1.6,12.1,2.1,4,0.7,0.4,9.9,8.1,96.1,96.1,0.1,15.4,3.2,18.5,16.7,10.7
"PALLADIAN HEALTHCARE",393,6,2,0,0,3,50,100,0,0,1.7,2.2,1.2,2.2,2.7,2.5,0.3,48.4,55.3,0.2,9,1.5,443000,73833.33,3,0.5,26.7,17.7,1.6,3.3,49.4,81.9,62.4,2.2,3.1,18.8,5,4.1,1.7,0.8,28.8,27,92.9,83.1,0,20.8,7.2,24.3,19.8,11.6
"PALM GARDEN HEALTH AND REHABILITATION",394,14,1,0,0,2,14.3,100,0,0,3.1,2.5,3.4,4.4,3.7,3.4,0.6,43.9,42.2,0.5,16,1.1,327558,23397,0,0,25.8,8.1,0.9,1.9,47.8,94.6,96.9,2.4,1,4.3,2.2,4.2,0.9,0.5,12.9,10.1,98.3,99.7,0,18.9,5.6,0.8,18,11.6
"PARADIGM HEALTHCARE",620,18,2,3,0,4,22.2,94.4,0,5.6,1.9,1.7,1.6,3.7,3.3,2.9,0.5,54.4,58,1.6,38,2.1,1277966,70998.11,7,0.4,27,10.7,1.4,2.2,52.9,89.3,90.8,2.2,2.4,14.1,2.4,5.8,0.2,0.1,7.8,12.8,97.9,97.8,0,11.3,4.7,1.2,20.6,10.7
"PARADIGM SENIOR MANAGEMENT",623,8,1,0,0,0,0,87.5,0,0,3.4,4.6,1,2.7,3.2,2.8,0.3,57.1,37.5,0.7,2,0.3,26628,3328.5,1,0.1,32,16.5,4.6,1.3,64.7,22,18.5,2.2,3.6,32.8,7.7,4.3,5,1,15.1,15.5,76.1,62.2,0,8,10.8,10.3,20.9,11.3
"PARAGON HEALTHNET",395,11,1,0,0,0,0,100,0,0,4.5,3.8,2.4,4.8,3.9,3.4,0.8,32.4,34.1,1.1,1,0.1,70480,6407.27,0,0,16.8,6.9,1.6,1,70.3,91,93.2,1.4,0.9,15.3,2.8,7.6,0.7,0.3,9.9,12.5,97.7,98.8,0.2,9.4,5.9,35.3,18.8,10.3
"PARAMOUNT CARE CENTERS",774,10,2,0,1,0,0,100,0,0,3.4,2.8,2.4,4.5,3.5,3.1,0.5,41,32.7,0.3,9,0.9,503664,50366.4,0,0,26.4,8.5,1.5,1,72.4,84,77.7,2.1,1,15,1.5,5.1,0.7,0.2,11.2,12.7,98.8,90.6,0,17.2,3.9,25,17.4,11.2
"PARAMOUNT HEALTHCARE",775,8,1,0,0,1,12.5,87.5,12.5,0,2.6,2.9,2.1,3.4,3.4,3.1,0.3,51.8,47.5,0.3,12,1.5,375206,46900.75,0,0,27.9,8.4,0.9,0,46.2,92.2,95.5,2.4,1.4,11.9,2.2,5,1.1,0.7,25.2,24,99.4,97.6,0,18.4,2.4,0.5,22.3,10.5
"PARAMOUNT HEALTHCARE CONSULTANTS",396,14,2,0,0,0,0,100,0,0,2.3,2.7,2.7,1.9,3.6,3.2,0.3,45.8,50,0.4,7,0.5,314576,22469.71,4,0.3,30.5,17.9,3,2.7,56.8,43.8,67.5,2.7,3.9,28.9,4.1,6.3,1.4,1.7,23,19.9,94.1,86.8,0.2,14.7,5.4,1.3,18.6,12.9
"PAVILION HEALTHCARE",612,5,1,0,0,0,0,100,0,0,2.4,2.6,1.8,3.8,3.2,2.9,0.6,31.5,32,0.4,8,1.6,315385,63077,3,0.6,26.9,8.2,1.9,2.7,30.4,41.5,37,1.8,1.9,18.1,1.1,4.1,0.3,0.4,10.1,8.1,92.8,83.4,0,25,7.1,92,13.7,11.6
"PEACH HEALTH GROUP",604,5,1,0,1,2,40,100,0,0,1.6,1.8,1.8,2,3.2,2.8,0.3,47.3,47.2,0.8,5,1,87024,17404.8,1,0.2,24.6,12.6,8.8,2.4,47.2,47.5,43.1,2.2,2.2,22.7,2.8,5.4,2,2.5,17,21.3,86.2,67.9,0.5,16.3,4.7,20.6,23.6,10.5
"PEAK RESOURCES, INC.",397,9,1,0,0,1,11.1,100,0,0,3.4,3.4,2.4,3,3.3,3,0.4,44.1,39.1,0.1,5,0.6,84411,9379,1,0.1,23.2,13.3,2.4,4.5,53.4,90.7,92.2,1.7,1.9,14.8,4.5,5.4,2.2,0.4,21.7,18.4,95.4,97.9,0,16.1,10.6,3.6,23,11.3
"PEARL HEALTHCARE",595,15,1,0,0,1,6.7,100,0,0,2.6,2.7,2.1,3.6,3.4,3,0.8,48,40.3,0.3,26,1.7,1141930,76128.67,4,0.3,27.3,12.6,2.2,1.6,57.1,55.2,55.2,2.1,1.6,18.3,2.4,5.3,0.6,0.5,11.6,9,91.3,85.8,0,20,5.2,82.8,12,10.4
"PERSONAL HEALTHCARE MANAGEMENT",677,21,2,0,0,0,0,100,0,0,3,2.9,3.2,3,3.4,2.9,0.6,47,36.8,0.4,18,0.9,486001,23142.9,0,0,22.2,12.6,1.5,2.6,53,76.7,77.2,1.8,2.1,15.4,3.6,6.5,1.2,0.5,15.3,14.4,94.3,94.2,0.1,20.9,8.2,5.1,15.4,10.5
"PETERSEN HEALTH CARE",399,12,2,0,1,2,16.7,100,0,0,1.8,2.4,1.2,2.2,3.4,3.1,0.6,56.1,70.9,1.3,23,1.9,1230032,102502.67,13,1.1,19.6,22.3,1.3,2.7,26.6,44.8,70.6,1.8,3.3,22.2,3.4,5.4,1.7,0.4,28.6,29.8,77.3,88.2,0,24.6,5.7,34.3,28.4,10.9
"PHILOSOPHY CARE CENTERS",400,3,2,0,0,1,33.3,100,0,0,2.7,2.7,2.3,4,3.5,3.1,0.5,33.4,26.8,0.3,2,0.7,158890,52963.33,0,0,27.9,8.8,2.7,1.4,65.1,55.1,52.2,2.1,1.6,14.7,1.9,7.5,0.9,0.5,7.6,9.2,94.6,87,0.3,8.9,5.5,9.3,28.4,10.4
"PHOENIX HEALTHCARE",401,6,1,0,0,1,16.7,100,0,0,2.8,2.8,3.2,3,4.3,4.1,0.5,53.3,42.5,4,5,0.8,50467,8411.17,1,0.2,22.7,21,1.6,4.1,51.8,67.3,67.6,2.1,2.7,22.1,5.1,4.6,2.8,0.8,15.9,14.7,87,86.7,0,20.2,5.3,2,15.7,10.7
"PHOENIX SENIOR LIVING",402,2,2,0,0,0,0,100,0,0,3,3,2.5,2.5,4.3,4,0.6,53.2,81.8,0,3,1.5,27834,13917,1,0.5,26.1,13.6,1.1,4.3,47,84.4,95.8,2.1,2.1,11.7,11,5,4,3.7,22.4,15.5,93.8,99.3,0,23.3,14.1,4.4,12.4,11.3
"PIONEER HEALTHCARE MANAGEMENT",403,9,1,1,0,1,11.1,100,0,0,2.6,2.4,3,3.1,3.3,3,0.6,57.2,57.6,0.3,5,0.6,169706,18856.22,8,0.9,21.7,11.6,2,0.9,59.5,60.7,59,2.1,2,28.6,2.2,6.3,1.1,1.5,9.3,10.5,83.7,77.9,0,9,4.6,4.1,20.5,10.8
"PIVOTAL HEALTH CARE",404,9,3,0,0,0,0,100,0,0,4.3,3.5,4.5,4.3,4.4,3.9,1,53.4,42.4,0.1,1,0.1,12248,1360.89,0,0,20.7,11.9,1.6,1,61.9,87.4,95.4,1.6,1,6.5,3.8,3.6,2.5,1.3,21,18.3,95.6,98.8,0,28.2,3.4,1.7,12.2,10.5
"PLAINVIEW HEALTHCARE PARTNERS",657,12,3,1,1,3,25,100,0,0,1.8,2.1,2.3,3.1,3.7,3.5,0.5,56.4,52.7,1.2,14,1.2,641631,53469.25,5,0.4,25.7,13.5,1.3,4.4,46.3,75.2,72.5,2,2.2,12.3,3.2,4.5,0.8,0.8,18.1,14.9,92.7,89.5,0.1,15.9,7.4,6.4,22.5,11.4
"PLANTATION MANAGEMENT COMPANY",406,16,1,0,1,1,6.3,100,0,0,1.8,2.5,1.3,1.9,3.2,2.8,0.1,46.7,46,0.9,15,0.9,843169,52698.06,3,0.2,33,15.1,1.9,3.9,37.2,78.3,84.2,2.6,2.4,21.7,3.6,6.6,2,0.9,18.6,15.1,95.9,88.7,0,18.7,5.9,1.5,19.8,11.4
"POINTE MANAGEMENT",776,12,3,0,0,5,41.7,100,0,0,1.7,2.3,1.3,1.3,3.1,2.8,0.4,55.1,49.8,1.1,20,1.7,997642,83136.83,14,1.2,27.4,16.7,2,3.7,34.9,51.8,70.3,2.6,4.2,28.7,3.5,6.4,4.2,2.4,24.1,25.6,89.3,93,0.2,20.1,5.8,13.3,28.2,11
"POLLAK HOLDINGS",408,6,2,1,4,3,50,100,0,0,1.6,1.2,1.5,3.8,3.6,3.3,0.5,58.4,55,1.5,14,2.3,747181,124530.17,1,0.2,27.3,13.1,2.5,1.7,60.4,37.7,38.5,1.8,1.8,18.1,2.6,5.1,0.8,0.6,15,12.7,80.4,64.5,0,24.2,9.1,1.9,20.4,11
"PRATAP PODDATOORI",847,6,1,0,0,0,0,100,0,0,3.3,3,4,4,4.2,3.9,0.6,51.7,40.9,0.3,21,3.5,136068,22678,2,0.3,25.8,15.6,0.3,0.4,61.8,88.2,91.8,2.1,2.5,5.8,1.4,7.3,0.4,1.7,12.9,8.9,95.1,96.5,0,11.8,5.6,0.3,7.3,10.4
"PREFERRED CARE",409,13,2,0,0,0,0,100,0,0,3.8,3.1,2.5,4.6,3.8,3.4,0.6,53.9,50.1,0.2,4,0.3,157243,12095.62,0,0,24.9,9.6,0.5,1.1,74.7,92.5,93.6,2.2,1.2,10,1.9,4.9,1.1,0.4,10.3,9,98.7,99.3,0,17.9,4.1,15.2,19.2,10.4
"PREMIER HEALTHCARE OF ILLINOIS",410,3,2,0,0,0,0,100,0,0,2.3,2.3,1.7,2.7,3.3,2.9,0.7,48.8,43,1,7,2.3,195207,65069,0,0,14.9,12.1,3.3,1.7,24.5,60.3,79,1.9,1.9,29.4,2.9,5.9,0.1,0.6,16.8,13.4,96.2,93.1,0,24.3,7,85.3,27.5,10.7
"PRESBYTERIAN COMMUNITIES OF SOUTH CAROLINA",411,5,1,0,0,0,0,20,80,0,4.2,3.4,4,4.6,5.4,4.5,1.2,55.4,50.5,0.3,0,0,0,0,0,0,24.8,13.3,1,2.4,81.6,92.2,98,0.6,0.5,6.1,8.6,5.1,0,0,11,8.6,100,100,0,25.2,"",0,"",10.8
"PRESBYTERIAN HOMES & SERVICES",412,21,3,0,0,0,0,9.5,90.5,0,4.3,3.6,4.9,3,4.4,4.1,1.2,33.6,30.5,0.6,6,0.3,107802,5133.43,3,0.1,21.4,10.8,1.1,3.7,55.7,80.3,87,1.3,1.6,16.8,4.6,6.1,3.6,2.7,27.5,21.7,87.9,97.5,0,29.4,4,4.4,13.7,10
"PRESBYTERIAN MANORS OF MID-AMERICA",413,14,2,0,0,0,0,0,100,0,3.6,3.4,3.9,3.1,4.6,4.2,0.8,53.7,45.9,0.3,11,0.8,149164,10654.57,3,0.2,23.5,13,1.3,3.9,59.4,73.6,82.5,1.5,1.8,9.5,5.4,4.1,3.6,1.5,23.2,23.7,95.9,96.4,0,30.1,5.5,2.1,19.8,10.3
"PRESBYTERIAN SENIOR LIVING",415,11,3,0,0,3,27.3,0,100,0,3.5,2.9,4.3,3.8,4,3.7,0.9,40.5,38.9,0.7,10,0.9,340662,30969.27,0,0,26.2,11.4,0.7,2.8,57.6,59.1,63.3,1.3,1.2,15.9,3.6,3.6,1.3,0.3,25.6,22.2,90.7,83.9,0,29.6,5.4,2.9,20.6,11.4
"PRESBYTERIAN SENIORCARE NETWORK",838,5,1,0,0,2,40,0,100,0,3.4,3,4.6,3.4,4.4,4,1.1,42,38.4,0.2,4,0.8,140973,28194.6,0,0,27.9,12,0.7,1.7,53.4,74.6,69.9,1.5,1.4,13.9,4,3.4,1.4,1.9,23.8,24.2,92,79,0.1,33.9,7.2,5.6,13.2,10.1
"PRESTIGE ADMINISTRATIVE SERVICES",416,9,2,0,0,0,0,100,0,0,2.4,2.2,2.4,3.6,3.8,3.2,0.6,47.9,46.3,0.6,8,0.9,384899,42766.56,1,0.1,20.4,12.8,1.6,2.7,41,68.1,64.4,1.5,1.8,15.3,2.6,8.6,1.7,0.5,18,11.3,96.8,92,0,19.9,6,3.3,26.7,11.3
"PRESTIGE CARE",417,2,2,0,1,1,50,100,0,0,3,2.5,2.5,4.5,4.4,3.8,0.8,44.3,53.8,0.5,3,1.5,30866,15433,0,0,23.1,9.8,0.8,0.4,66.8,93.5,98.4,0.9,1.1,19.7,2.2,5.1,0,0,9.7,8.8,98,100,0,5.4,0.6,14,8.8,10.2
"PRESTIGE CARE CENTER",602,3,2,0,0,0,0,100,0,0,1.7,2,3,2.3,3.5,3.3,0.5,61.7,63.4,1,4,1.3,122376,40792,2,0.7,23.1,7.5,5.9,2,56.3,55.4,50.3,1.8,2.8,25.6,3.6,3.5,2.5,0.1,22.2,19.4,89.1,85.4,0,27.1,7.6,3.6,28.3,10.7
"PRESTIGE HEALTHCARE ADMINISTRATIVE SERVICES",418,15,3,0,0,1,6.7,100,0,0,3.4,2.9,2.5,4.5,3.7,3.4,0.6,46,44,0.8,17,1.1,746821,49788.07,4,0.3,23.5,8.7,1.1,2.2,65.3,72.4,65.8,1.9,1.2,18.4,2.3,3.4,1,0.4,9,8.9,97,79.7,0,25,4.3,24.5,19.9,11.1
"PRESTON HEALTH SERVICES",702,5,1,0,0,0,0,100,0,0,3.2,3.2,3.4,2.6,3.9,3.1,0.6,48.5,37.5,0,0,0,0,0,0,0,28.7,11.7,2.7,2.4,42.4,94.9,98.7,2.2,1.6,18.5,3,5.2,3.2,1.2,12,9.2,98.9,97.4,0,10.2,4.7,0.2,28.9,11.2
"PRIME HEALTH CARE ENTERPRISES",419,5,1,0,0,0,0,100,0,0,3.8,3.8,3.8,2.2,4.3,3.7,0.6,39.3,28.7,0.2,1,0.2,4558,911.6,0,0,24.7,17.5,1.1,1.3,19.6,68.2,73.8,1.9,2.8,25.6,3.4,6,1.4,1.7,11,13.4,97.8,91,0,9.3,4.9,0.6,20.3,11
"PRIME HEALTHCARE",420,6,3,0,0,1,16.7,100,0,0,3.3,3,3.2,3.6,6.8,6.3,2.2,26.3,16.3,0,9,1.5,280766,46794.33,3,0.5,29.9,14.1,0.9,3.6,35.7,67,48.8,2.1,0.9,10.2,2.4,7.4,3,5.2,14.5,14.3,99.4,92.5,0.2,8.6,4.4,17.1,18.8,12
"PRIME HEALTHCARE MANAGEMENT",421,10,1,0,2,2,20,100,0,0,1.3,2.1,1.4,1.6,3.4,3,0.4,69.1,82,1.2,2,0.2,174821,17482.1,7,0.7,25.3,17.2,1.5,6.1,52.3,60.6,68,2.9,3.4,20.6,6.3,4.9,2.8,2.1,26.3,23.8,88.8,87.5,0.2,18.1,6.9,10.3,24.9,10.7
"PRINCIPLE LONG TERM CARE",423,44,3,0,0,2,4.5,100,0,0,3.1,3,3,3.4,3.6,3.2,0.6,49,41.9,1,37,0.8,1228756,27926.27,7,0.2,23.9,14,1.1,2.6,52,73.1,76.1,1.8,1.9,13.9,3.1,5.5,1.5,0.4,16.8,14.4,93.8,89.4,0,8.2,6.1,2.3,23.4,10.9
"PRIORITY HEALTHCARE GROUP",424,14,4,0,1,1,7.1,100,0,0,2.5,2.6,2.6,3.2,3.1,2.9,0.6,46.9,39.5,0.4,13,0.9,425794,30413.86,3,0.2,21.2,9.4,2,1.7,47.1,62.1,63.7,2,1.4,21.9,3.6,4.5,2.6,0.7,18.3,18.3,96.1,87,0.1,25.4,7.2,3.2,21.8,11
"PRIORITY MANAGEMENT",425,38,2,0,0,5,13.2,78.9,0,21.1,2.7,3.1,1.4,3.4,3.3,2.9,0.3,51.1,44.2,0.3,30,0.8,964589,25383.92,2,0.1,24.3,11.8,1.5,2.6,53.3,96.1,97,2.3,2,11.4,3,4.4,0.1,0.1,14.2,18.1,99.4,99.8,0,13.3,3.3,8.1,18.4,11.2
"PROGRESSIVE HEALTH CARE CENTERS",426,5,1,0,0,0,0,100,0,0,3.8,3.2,2.7,4.6,3.9,3.6,0.3,66.9,75,0.7,1,0.2,37151,7430.2,1,0.2,25,1.8,0.7,0,22.5,97.9,98.6,2.2,1.5,7.9,1.1,6.5,0.8,0.8,8.9,7.4,99.8,100,0,11.5,6.9,0.2,17.3,10.6
"PROGRESSIVE QUALITY CARE",427,11,1,0,0,0,0,100,0,0,2.7,2,2,4.7,3.6,3.2,0.7,55.5,38.1,0.3,10,0.9,223911,20355.55,3,0.3,27.2,12.7,0.3,1.9,70.2,67.5,77.8,1.8,1.9,8.4,3.4,4.6,0.2,0,5.1,4.4,95.6,94.4,0,22,5.9,46.6,23,11.8
"PROMONTORY HEALTHCARE",428,3,2,0,0,0,0,100,0,0,3.3,3,4.3,3.7,5.1,4.6,1.1,55.1,50.6,0.3,0,0,0,0,0,0,21.6,13,0.6,2.8,60.9,92.5,97.1,2.8,2.8,40.9,0,4.2,0,0,21,33.3,"",100,0,32.8,3.6,7.1,16.7,9.2
"PROVIDENCE HEALTH & SERVICES",430,9,3,0,1,1,11.1,11.1,66.7,22.2,2.8,2.6,4,3.7,6.2,5.6,1.8,43.8,46.2,0.5,14,1.6,375003,41667,0,0,26.8,9.1,1.4,2.2,41.7,91.1,85.7,1.6,1.5,11.2,1,7.3,4,2.5,15.3,17.5,98.2,94.9,2.7,12.9,4.3,6.6,20.9,10.5
"PROVIDENCE HEALTH GROUP",431,2,2,0,0,0,0,100,0,0,4,4,3.5,4,3.8,3.2,0.7,39.5,36.1,0,0,0,0,0,0,0,29.8,3.6,0,2.3,55.2,76.2,78.1,2.9,2,15.5,7.9,2.6,1.6,0,14.2,11.4,100,97.7,0,17.5,6.1,1.8,44.2,11.7
PRUITTHEALTH,434,99,4,0,0,4,4,97,1,2,2.8,2.8,2.5,3.7,3.5,2.9,0.6,42.8,40.7,0.6,80,0.8,1533757,15492.49,12,0.1,24.2,11.7,1.8,3,48.9,91.5,91.7,1.9,1.6,16.1,2.7,6,2.1,0.7,11.9,10.6,95.7,96.2,0,12.6,4.8,3.4,18.2,12.4
PUREHEALTH,586,8,2,0,0,2,25,100,0,0,3.3,2.8,3.3,4.6,3.9,3.4,0.8,48.6,47,0.4,7,0.9,227202,28400.25,3,0.4,26.4,9.1,0.7,1.5,60.7,91.2,94.9,3,1,4.2,3.1,6.8,0.7,0.6,12.2,12.1,99.6,99,0,17.8,7.2,2,17.1,10.8
"PURSUE HEALTH",878,7,2,0,0,0,0,100,0,0,2.1,2.1,3.1,3.9,4.4,4.1,0.5,37.2,43,0,13,1.9,642050,91721.43,5,0.7,25.1,14.9,1.2,0.5,45.4,96.3,98.6,2.2,2,7.3,1.9,5.6,0.4,0.8,6.4,5.1,99,99.7,0.6,6.7,4.1,4.9,11,10.9
"QUALITY LIFE SERVICES",436,10,1,0,0,1,10,100,0,0,2.9,2.6,2.3,4.4,3.6,3.3,0.7,54.7,52.3,0.8,5,0.5,444328,44432.8,1,0.1,15.7,15.8,2.5,0.7,55.2,76,80.2,1.1,1.3,23.1,1.9,4,1.5,0.3,13.8,10.7,95.8,93.6,0.1,27.6,6.7,13.9,26.1,10.8
"REAL PROPERTY HEALTH FACILITIES",605,9,3,0,0,0,0,66.7,0,33.3,3.6,3.4,3.7,3.1,3.5,3.2,0.7,41.7,38.9,0.6,0,0,0,0,0,0,20.4,12,1.2,3.1,52.5,80.6,86.3,1.5,2.3,18.5,3.5,5.9,3.5,0.5,17.5,19.8,92.4,95.1,0,14.3,4.7,1.2,20.2,11.1
"RECOVER-CARE HEALTHCARE",438,27,3,0,1,1,3.7,96.3,3.7,0,2.4,2.4,2.3,3.2,3.7,3.3,0.6,56.8,48.4,0.2,57,2.1,895529,33167.74,2,0.1,20.8,12.5,2.7,3.3,47,63.9,67.3,1.8,2,17.5,3.2,4.5,1.7,1.9,19.2,18.8,92.7,88.2,0.1,23.1,5.4,7.6,24.1,10.5
REGALCARE,439,9,1,0,1,1,11.1,100,0,0,1.8,2,2.7,2.1,3.5,3.1,0.6,36.3,46.4,1.1,9,1,566667,62963,0,0,24.8,14,1.7,2.5,46.4,83,75.6,2.1,2,19.9,3.8,4.1,1.5,1.1,23.5,21.9,97.6,95.3,0,22.6,5.7,7.6,15.5,11.7
"REGENCY CARE",440,4,4,0,0,0,0,100,0,0,2.3,2,2.8,3.3,3.8,3.4,0.5,42.3,50.6,1,3,0.8,29672,7418,0,0,25.2,9.9,1.1,1.2,43,79.7,76,1.6,0.9,14,2.7,5.9,1,0.7,25.6,26.2,93.7,90.8,0,24.2,5.4,1.8,18.2,11.4
"REGENCY PACIFIC MANAGEMENT",442,27,3,0,0,3,11.1,100,0,0,4,3.7,3.9,3.7,4.8,4.1,0.9,46.6,41.6,0.1,22,0.8,920000,34074.07,3,0.1,20.5,13.6,1.2,2.9,62,83.8,95.1,1.5,2.5,13.6,3.3,5.1,2.5,1.3,24.8,17.2,94.6,98.6,0.1,19.9,4.5,12.4,13.2,9.9
"REGIONAL HEALTH PROPERTIES",856,5,3,0,1,0,0,100,0,0,1.2,1.6,1.2,1.8,3.2,2.8,0.3,58.7,75,0.5,15,3,455127,91025.4,4,0.8,20.4,12.9,2.5,1.6,43.9,58,62.9,2.4,2,19.6,3.4,4.3,1.9,1.1,30.8,23.9,81.5,92.1,0.1,20,7.8,7.7,21.5,11.2
"REHAB SELECT",444,5,1,0,0,0,0,100,0,0,3.4,3.2,3.8,3.2,4.7,4,0.5,54.3,50.3,0.4,0,0,0,0,0,0,24,15.4,1.1,3.5,48,89.4,96.1,1.8,2.2,17.1,2.5,5.7,1.7,0.8,13.9,12.4,97,99,0.1,5.3,5.5,1,19.8,10.4
"REHABILITATION ASSOCIATES",445,6,1,0,0,0,0,100,0,0,3.5,3,4.2,3.3,4.3,3.9,0.8,37.7,45.8,0,1,0.2,40641,6773.5,1,0.2,21.2,10.2,1.4,3.4,50.6,70.5,66.5,1.9,1.8,20.4,3.5,5.1,2.4,1.2,19,19.7,96.2,94.5,0,11.7,4.7,0.8,14.1,11.8
"RELIABLE HEALTH CARE MANAGEMENT",728,7,1,0,0,1,14.3,100,0,0,2.9,3.3,2.6,2.9,3.7,3.4,0.4,38,25.2,0,3,0.4,12529,1789.86,0,0,26.1,8.9,4.3,2.9,38.6,89.8,92.9,2.1,1,19.6,4.4,4.6,3,1.6,17.7,18.2,99.3,95.1,0,23.4,6.7,6.3,27.6,9.8
"RELIANT CARE MANAGEMENT",446,32,2,0,6,13,40.6,100,0,0,1.2,1.7,1,1.9,2.4,2.2,0.2,60.8,69.3,1.2,69,2.2,3866223,120819.47,26,0.8,28.5,14.3,1.9,1.3,35.4,25.4,30.4,2.2,2.9,45.5,1.3,3.2,0.9,0.9,33.4,35,75.4,55.3,0.1,15.9,5.1,53.5,35.7,10.8
"RENNES GROUP",449,6,1,0,0,0,0,100,0,0,4.5,4.5,4.3,3.7,4.1,3.6,1,43.3,32.6,0.8,0,0,0,0,0,0,20.6,14.5,0.5,0.8,50.7,98.3,98.3,1.8,2.3,13.6,3.3,2.1,2.9,1.1,20.1,18.4,99.8,99.9,0,25.8,4.1,1.5,13.1,10.1
"RESIDENTIAL ALTERNATIVES OF ILLINOIS",450,7,2,0,0,0,0,14.3,85.7,0,2.9,3.1,3.6,2.3,4.1,3.6,0.8,41.7,37.7,0.1,10,1.4,288955,41279.29,0,0,24.8,18.3,1.6,4.5,56,77.1,82.7,1.7,2.9,15.4,6.3,4.7,2.7,0.8,26.3,26.7,94.6,91.3,0,22.5,4.4,8.6,17.4,11.2
"RIGHTCARE HEALTH SERVICES",806,13,1,0,0,1,7.7,100,0,0,2.8,3.2,2.7,1.8,3.8,3.3,0.2,39.4,46.2,0.3,11,0.8,231299,17792.23,0,0,26.1,16,7.3,1.7,65.1,91.7,94.3,2.3,2.8,21.3,4.1,4.5,2,1.9,26.2,23.5,99.5,97.8,0,16.2,5.7,1.2,26.2,11.4
"RILEY SPENCE SENIOR LIVING",658,5,1,0,0,0,0,100,0,0,1.2,2.6,1.4,1.4,3.3,3,0.2,56.7,67.3,2.8,1,0.2,132696,26539.2,0,0,28.2,16.7,1.3,1.4,36.7,64,59.7,2.3,2.3,27.5,5,4.1,3.9,3.1,16.7,17,93.1,79.8,0,14.2,9.8,7,24.9,11.4
"RIVERSIDE HEALTH SYSTEM",453,6,1,0,0,0,0,0,100,0,3.3,3.3,3.3,3.5,3.7,3.3,0.8,44.9,39.7,1,2,0.3,43073,7178.83,0,0,20,15,1.7,3.5,54.2,87.5,93.2,1.5,1.5,13.7,3.7,7.2,3.3,1.3,16,11.3,97,98.1,0,22.5,4.9,1.1,16.3,10.6
"RJ MERIDIAN CARE",857,5,1,0,0,1,20,100,0,0,2.2,2.2,2.4,2.6,4,3.5,0.5,56.4,63.9,0.8,8,1.6,297957,59591.4,0,0,29,15.7,1.8,1.8,48.5,96.5,97.5,2.2,2.2,8.7,3.2,8.5,1.2,1.6,14.9,16.3,100,99.7,0.8,17.8,6.5,10.7,30.3,10.5
"RMG CAPITAL PARTNERS",793,9,1,1,2,4,44.4,100,0,0,2.5,2.5,2.3,3.8,3.9,3.7,0.3,38.9,49.9,"",22,2.4,417391,46376.78,4,0.4,23.3,13.6,1.9,1.8,42.6,94.4,97.8,2.1,1.8,16.1,1.4,3.2,1,1.2,9.3,11.2,98.7,99.7,0,11.6,6.7,0.4,18.5,11.3
"ROBERT SCHOENFELD",716,8,1,0,1,0,0,100,0,0,3.6,3,3.4,4.4,3.8,3.5,0.5,38.1,37,0.4,9,1.1,547580,68447.5,0,0,25.1,7.9,1.3,2.2,51.9,94,93.2,2.3,1,8.4,2,5,0.4,0.1,12.6,7.8,100,99.3,0,12.5,6.2,3.4,13.5,11.1
"ROCHESTER REGIONAL HEALTH",454,5,1,0,0,0,0,0,100,0,4,3.6,3.2,4.6,4.1,3.6,0.6,38.4,33.9,0.8,1,0.2,12868,2573.6,0,0,24.2,7.1,0.3,1.6,65.2,90,79.6,1.6,1.1,15,5.1,8,0.8,0.2,12.9,13.1,96.8,90.5,0,15.1,7.1,2.8,8.7,10.4
"ROCKY MOUNTAIN CARE",455,10,2,0,0,1,10,70,30,0,2.8,2.2,2.6,4.3,3.5,3.1,1.1,56.9,49.2,1,17,1.7,312068,31206.8,2,0.2,17.5,11.9,0.5,1.5,63.4,92.5,95.3,1.2,1.5,9.5,3.7,3.5,2.5,1.1,20.9,15.9,96.5,97.8,0.3,22.2,3.2,10.9,21,10.1
"ROLLINS-NELSON HEALTHCARE MANAGEMENT",456,10,1,0,1,4,40,100,0,0,2.2,2.1,2.8,3.8,4.6,4.2,0.4,36.5,24.2,0.3,22,2.2,505262,50526.2,4,0.4,18.1,5.3,8,0,63.3,96.1,88.7,3.6,0.9,43.6,0.7,3.2,1,2.8,13.5,18.3,99.8,99,0.1,4.8,1.2,1.7,18.6,10
"ROYAL HEALTH GROUP",457,12,2,0,0,0,0,100,0,0,2.8,3,2,3.2,3.5,3.1,0.7,51.6,61.8,1,9,0.8,198661,16555.08,0,0,23.9,13.6,1.6,2.8,46.2,83.8,87.2,2,2.1,24.6,4.5,2.9,3,0.5,17.6,19.6,96.4,96.9,0,24.2,4.2,28,19.2,10.9
"RUBY HEALTHCARE",824,7,1,0,0,3,42.9,71.4,0,28.6,3.1,2.1,2.7,5,3.7,3.3,0.4,48,57.1,0.6,17,2.4,641735,91676.43,1,0.1,23.8,17.5,0,2.4,62.1,99.9,89.4,1.9,1.7,7,3.2,1.6,0.1,0,5.9,7.9,99.8,96.7,0,9.9,2.8,1.3,11.9,10.8
"RURAL HEALTH DEVELOPMENT",879,9,2,0,0,0,0,0,22.2,77.8,3.9,3.7,3.6,3.8,3.9,3.3,0.7,50.9,50,0.1,1,0.1,27115,3012.78,1,0.1,17.1,13.4,1.2,3.7,49.2,83.3,93.3,1.3,1.6,12.8,5.2,3.1,3.4,0.9,20.1,24.4,98.6,98.4,0,25.2,5.2,6.3,20.3,10.2
"RYDERS HEALTH MANAGEMENT",458,8,1,0,0,2,25,100,0,0,1.6,1.5,3.4,2.1,3.7,3.4,0.7,38,43,0.3,7,0.9,90391,11298.88,0,0,29.6,11.9,1.6,2.9,37.8,48.8,48.1,3,1.8,16.3,3.4,5.4,3,1.3,26.7,26.7,89.7,70.1,0,28.1,6.5,1.5,21.1,10.7
"SABA HEALTHCARE",777,11,1,0,2,6,54.5,100,0,0,1.8,1.6,1.5,3.1,2.6,2.2,0.4,43.1,34.3,0.4,42,3.8,3125606,284146,14,1.3,32.5,14.9,3.3,3,31.3,41.3,41.7,2.4,2.4,24,1.7,5.6,0.2,0.2,7.5,8.5,85.6,83.6,0,12.8,1.3,93.4,14.9,10.4
"SABER HEALTHCARE GROUP",461,127,6,0,4,12,9.4,98.4,0.8,0.8,2.9,2.7,2.3,4,3.5,3.1,0.6,48.2,46.6,0.6,123,1,3337608,26280.38,11,0.1,23.3,11.2,1.1,1.7,48,67,62.8,1.6,1.4,10.5,3,4,1.3,0.4,15.7,13.7,94.7,87,0,19.8,6.1,14.2,20.7,11
"SAINT THERESE SENIOR COMMUNITIES",624,4,3,0,0,0,0,0,100,0,4.5,3.8,4.8,4.3,4.7,4.2,1.5,41,33.5,0.3,0,0,0,0,1,0.3,29,9,1.1,1.9,64.5,95.3,93.8,1.2,0.9,12.9,4,3.7,2.2,0.4,24.8,15.5,98.8,99.3,0,28.5,8,5.9,8.1,11.1
"SANDSTONE HEALTHCARE GROUP",463,3,2,0,0,1,33.3,100,0,0,2.3,1.7,3.3,4.3,4.5,4.2,0.8,48.5,49,1,2,0.7,55090,18363.33,0,0,29.2,11.6,1.9,0,68.6,73.1,85.5,1.8,0.9,23.9,0.8,6.2,0.4,3.3,19.2,15.4,76.5,89.8,0,15.1,6.6,4.6,23.8,10.3
"SANFORD HEALTH",880,4,3,0,0,1,25,0,100,0,2.5,2.3,4.3,2.8,4.3,3.7,0.9,49.3,51.7,0.3,6,1.5,325638,81409.5,1,0.3,19.9,16.9,0.8,1.4,65.8,73.7,94,2,2.4,17.2,4.1,5.8,1.8,2.5,22.4,21.4,96.8,98.9,0,21.6,6.4,4.4,12.9,9.6
"SANSTONE HEALTH & REHABILITATION",465,18,1,0,0,1,5.6,100,0,0,4.2,3.8,2.8,4.4,3.9,3.4,0.5,37.6,45.9,0.3,11,0.6,234064,13003.56,1,0.1,23.4,16.1,0.4,1.7,67.7,95.2,95.2,1.9,2.1,6.9,4,5,1.2,0.2,15.4,10.9,96.7,96.7,0,15.2,4.3,22.1,23.5,10.8
SANTE,466,5,2,0,0,0,0,80,20,0,4.6,3.8,4.2,4.6,5,4.3,1,45.9,49.5,0.3,2,0.4,55088,11017.6,0,0,24.6,11.1,0.6,1.9,61.5,90.5,96.7,"","","","","","","","","","",100,0,"",0,"",40,10.3
"SAPPHIRE CARE GROUP",590,8,1,0,0,1,12.5,100,0,0,2.6,1.9,2.4,4.8,3.5,3.1,0.7,39.2,35.9,0.6,3,0.4,142730,17841.25,0,0,17.4,8,0.9,2,74.1,85.4,87.7,1.5,0.9,12.6,2.5,6.7,0.6,0.1,11.4,13.7,96.9,95.4,0,24.3,5.9,44.5,13.9,9.9
"SAPPHIRE HEALTH SERVICES",643,8,1,0,1,3,37.5,100,0,0,1.8,1.8,3.3,3.3,5.5,5,0.8,99.3,96.7,1,7,0.9,212316,26539.5,0,0,21.1,14.4,1.9,4,60.7,80.6,83.8,1.8,2.5,16.7,3.2,8.3,1.3,0.7,19.7,14.2,96.4,97.9,1,17.5,4.4,5.8,12.1,10
"SEKY HOLDING CO.",468,9,1,0,0,0,0,100,0,0,2.6,3,4.2,1.2,4.5,4.1,0.8,45.4,35.5,0,5,0.6,118884,13209.33,2,0.2,25.3,20.4,5.1,5.2,33.3,87,91.5,2.3,4.8,25.4,4.1,9.2,3,1.6,15.7,14.9,98.8,97.8,0,19.8,8.3,5.8,36.9,11.5
"SELECTIS HEALTH",858,6,2,1,0,1,16.7,100,0,0,2.4,2.4,2.2,3.4,3.3,3,0.4,67.9,74.2,1.4,9,1.5,253069,42178.17,2,0.3,29.6,11.5,0.2,4.4,49.5,75.5,74.8,2.3,2.7,17.5,3.5,7,3.6,0.5,11.9,7.3,93.7,89.5,0.3,15.4,3.8,18.9,24.3,10.8
"SENEX FOUNDATION",881,2,2,0,1,1,50,100,0,0,1,1.5,3.5,1.5,3.8,3.4,0.9,62.6,55,1.5,5,2.5,313293,156646.5,2,1,"","","","","","",71.4,1.9,3.9,23.2,4,7.9,2.5,1.9,18.9,17.7,95.7,90.9,0,20.7,7.9,0.4,14.8,10.5
"SENIOR HEALTH SOUTH",729,8,1,0,1,2,25,25,75,0,2.1,1.9,3.1,3.9,3.4,3.2,0.6,44.5,57.1,0.9,6,0.8,362765,45345.63,0,0,24.2,10.9,1.4,1.3,48.8,99.6,98.6,2.2,1.2,15.7,1.5,6.9,0.3,0.1,5.9,7.5,100,99.3,0,3.3,6.5,0.4,25.1,10.5
"SENIOR LIFESTYLE",621,2,2,0,0,0,0,100,0,0,4,3,4.5,4,4.3,3.9,1.5,31.2,26.3,0,3,1.5,81061,40530.5,0,0,16.4,12.5,1.5,5.1,53.6,86.8,89.3,1.7,0.6,8.5,1.9,3.1,0,3.1,27.4,15.4,91.9,98.2,0,28.9,5.4,2.1,7,9.4
"SENIOR LIVING COMMUNITIES",470,10,6,0,0,0,0,100,0,0,4.7,4.2,4.5,3.8,6.1,5.6,1.4,52.4,46.3,0.6,2,0.2,33199,3319.9,1,0.1,26.2,13.4,0.9,1.4,61.8,84.3,84.7,1.5,1.6,13.7,2.5,4.2,1.9,1.8,18.8,16.3,82.1,89.2,0,21.6,6.1,6.5,18.4,11.2
"SERENITY ESTATES",882,5,2,0,0,0,0,100,0,0,2.2,3,2,2.4,3.3,2.9,0.5,50.6,52.2,1,8,1.6,251476,50295.2,2,0.4,26.1,16.9,1.1,4.9,44.5,67.1,68.2,2.1,2.7,17.6,3.8,7,2.3,1.2,17.5,14.5,90.8,92.5,0,25,11.2,29.9,18.9,12.4
"SERRANO GROUP",659,11,1,0,2,4,36.4,100,0,0,2.1,1.6,3.1,4.4,4.3,3.8,0.5,43.9,54.3,0.6,19,1.7,794729,72248.09,14,1.3,21.8,8.3,0.7,1.2,53.6,90.7,90.6,3,1.3,7.4,0.8,4.9,1.2,0.4,7.9,8.1,96.9,98.4,0.1,13.9,4.5,10.3,12.5,10.9
"SHAFIQ MALIK",794,9,1,0,0,0,0,100,0,0,3.1,4,1.8,2.4,3.4,2.9,0.4,60.5,50.8,0.4,3,0.3,215900,23988.89,1,0.1,21.3,12.2,2.6,2.3,39.5,50.8,70.4,1.9,1.9,20.5,4.3,5.5,1.9,0.5,18.1,16.1,89.7,89.4,0,12.9,9.2,16.1,31.5,11.4
"SHIMON LEFKOWITZ",795,5,3,1,0,0,0,100,0,0,2.8,3,2.5,2.8,3.6,3.3,0.6,36.6,46.9,0,5,1,309506,61901.2,0,0,24,10.1,3.2,2.3,50.3,79.9,73.4,1.6,1.5,19.4,2.4,8.3,3.4,1.4,24.4,26.2,91.8,86.3,1.2,17.9,8.2,26.4,15.1,10.6
"SHLOMO HOFFMAN",713,10,2,0,1,3,30,100,0,0,2.4,2.4,3.3,3.1,4,3.5,0.7,53.4,45.7,0.4,12,1.2,690469,69046.9,7,0.7,23,14.6,1.7,3.1,55.7,72.1,83.9,1.8,2.2,22.2,2.6,4.8,2.5,1.8,16.7,19.7,90,91.9,0,26,5.9,23.8,24,10.7
"SIGNATURE HEALTHCARE",474,68,6,0,0,3,4.4,97.1,0,2.9,3.1,2.9,2.6,3.9,3.6,3.1,0.7,46.5,42,0.8,36,0.5,1178592,17332.24,4,0.1,24.6,12.3,1.3,2.1,57.1,83.1,84.3,1.8,2,14.4,3.2,5.7,0.8,0.3,11.9,11.1,94.3,88.3,0,19.2,6.4,21.7,27.9,12
"SIMCHA HYMAN & NAFTALI ZANZIPER",580,85,6,0,3,6,7.1,100,0,0,2.6,2.7,2.4,3.4,3.4,3.1,0.5,50.8,50.7,0.7,76,0.9,3272921,38504.95,9,0.1,24.5,12.2,1.5,3.2,48.7,78.2,75.1,2,1.8,12.2,3.3,5.8,1.4,0.3,16.2,13.8,95.1,90.9,0,18.3,7.2,5.4,22.5,11.4
"SKYBLUE HEALTHCARE",883,10,2,0,0,3,30,100,0,0,2.2,2.3,2.2,3,3.4,3.1,0.3,59.5,64.2,0.8,8,0.8,238398,23839.8,6,0.6,23.2,11.1,2.5,2.2,48.8,63.3,77.5,2.3,2.6,17,4.3,5.9,1.6,1.1,16.8,16.1,97.2,95.9,0,19.2,2.3,2.6,26.5,11.7
"SLP OPERATIONS",730,8,2,0,0,1,12.5,100,0,0,2.5,2.5,1.5,3.8,3,2.8,0.3,59.7,82.5,1.1,10,1.3,528472,66059,6,0.8,21.3,5.7,6.8,4,54.4,99,81.7,2.4,2.5,13,3.6,5.5,0.8,0,17,17.4,97.2,95.2,0,12.3,2.5,1.7,18.3,11.4
"SMP HEALTH",476,5,1,0,0,1,20,0,100,0,4.4,3.8,5,2.6,4.9,4.3,0.8,35.8,26.2,0,3,0.6,22992,4598.4,0,0,20,10.5,1.3,2.7,44.4,95.9,93.3,1.5,1.7,27,5.7,4.1,3.2,1,16.7,20.2,100,99.7,0,27,4.6,2.5,20.1,9.3
"SOL HEALTHCARE",817,8,1,0,0,2,25,100,0,0,1.6,2.3,1,3.6,"","","","","","",7,0.9,65820,8227.5,1,0.1,23.5,14.8,0.9,2.4,54.3,94.5,96.2,2.1,2.3,8.8,2,7.1,1,0.4,11.3,8.6,98.2,99.4,0,9.5,3.6,9.3,6.8,10.6
"SOLARIS HEALTHCARE",477,22,1,0,0,1,4.5,50,50,0,4,3.5,3.6,4.5,3.8,3.4,0.7,35.7,32.3,0.4,13,0.6,317377,14426.23,0,0,26.1,9,1,1.4,54.7,96.9,97.3,2.4,1.1,6.5,2.2,4.1,0.9,0.2,12.3,8.6,100,99.4,0,9.3,4,3.2,11.1,11.9
"SOUTHERN ADMINISTRATIVE SERVICES",480,35,1,0,0,1,2.9,100,0,0,3.7,3.2,3.9,4.5,4.2,3.6,0.5,42.5,33.4,0.2,17,0.5,284355,8124.43,3,0.1,22.6,13.9,0.6,3.2,67.4,75.9,83,1.8,2.1,5.5,4.4,4.6,0.2,0.1,7.3,7,97.2,95,0,12.3,3.5,1.1,22.5,11
"SOUTHWEST LTC",481,13,2,0,0,0,0,84.6,0,15.4,3.1,3.6,1.8,2.5,3.4,3,0.3,67.3,62,0.8,11,0.8,504841,38833.92,1,0.1,26.8,20.8,1,2.7,56.6,81.6,74.5,2.2,2.6,11.7,3.3,5.3,1,1.4,23.9,22.3,94.5,88.9,0,20.9,3.9,2.5,21.9,11.1
"SOVEREIGN HEALTHCARE HOLDINGS",482,43,3,0,0,4,9.3,100,0,0,3.7,3.2,3,4.5,3.6,3.3,0.6,44.5,50.8,0.5,29,0.7,1090668,25364.37,2,0,24.2,9,1,2.2,65.5,97,96,2.1,1.3,11.6,3.3,4.2,0.6,0.2,8.2,6.8,99.9,99.1,0,10.4,4.9,11.1,10.1,11.3
"SPRENGER HEALTH CARE SYSTEMS",484,12,2,0,0,0,0,100,0,0,3.8,3.4,2.7,4.7,3.5,3.1,0.6,51,46.9,0.2,4,0.3,94325,7860.42,0,0,25.6,14.6,0.7,1.1,45.1,86.4,89.3,1.3,1.6,5.6,2.9,3.1,0.4,0,3.1,2.9,96.6,94.7,0,23.7,6.5,5.5,29.4,10.6
"SPRINGPOINT SENIOR LIVING",485,8,2,0,0,0,0,0,100,0,3.6,3,4.5,4.4,4.6,4.3,1.3,43.1,45.2,0.4,4,0.5,453011,56626.38,0,0,22.7,7.9,0.6,1.9,55.3,87.2,83.9,2.5,1.2,9.4,2.2,3.7,3.3,1,20.3,17.6,99.2,97.8,0,12.9,4.8,4.5,15.5,10.6
"SPYGLASS HEALTHCARE",703,9,1,0,0,3,33.3,100,0,0,3.1,2.6,2.8,4.7,4,3.7,0.6,38.5,43.9,1.1,8,0.9,146597,16288.56,0,0,21.1,12.9,1.9,1.7,78,94.1,97.6,1.6,1.8,11.9,1.4,4.1,0.4,0,4.8,3,99,99.3,0,9.6,3.3,4.4,9.7,10.4
"SSM HEALTH",486,2,2,0,0,0,0,0,100,0,2.5,3,2.5,3.5,4.1,3.7,0.6,51.6,37.5,1.5,0,0,0,0,0,0,22.8,10,0,2.4,48.1,75.2,80.9,2.1,1.9,9.1,3.5,9.3,1.9,0.8,15,15,97.4,93.4,0,17.8,1.7,1.7,20.8,9.3
"ST. FRANCIS HEALTH SERVICES",487,14,1,0,0,1,7.1,0,100,0,2.7,2.4,4.4,2.9,3.8,3.4,1,37,31.4,0.5,14,1,482662,34475.86,4,0.3,20.9,16.8,1.4,1,63.4,79.1,86.6,1.6,2.5,15.2,4.7,4.1,3.7,3.5,22.6,20.5,98,97.6,0.2,25.3,4.4,2.9,14.9,10.4
"STATE OF LOUISIANA DEPARTMENT OF VETERANS AFFAIRS",488,5,1,0,0,0,0,0,0,100,4.4,5,1,1.7,"","","","","","",0,0,0,0,0,0,27.5,17,8.3,7.6,42.7,"",78.8,1.7,1.7,5.7,3.1,26.1,0,1.5,27.6,25,"",100,0,12.6,0,0,43.3,11.6
"STATE OF NEW YORK COMPTROLLER'S OFFICE",489,6,1,0,0,0,0,0,0,100,4.7,4.7,3.8,4.2,5.4,4.7,1.8,36.5,39.3,0,0,0,0,0,0,0,13.7,8.7,1.7,3.2,49,90.2,87.8,1.2,1,9.4,3.7,9,1.8,1,16,14.1,97.5,91.3,0,21.1,6.4,2.2,8.5,9.4
"STEIN LTC",490,4,2,0,0,0,0,100,0,0,4,3.8,3,3.8,3.9,3.4,0.2,49.1,25,0.5,0,0,0,0,0,0,27.9,21,0.7,0.9,53.8,92.7,93.6,2.3,3.4,17.7,4.6,2.9,1.9,0.4,12.6,7.4,99.3,99.7,0,11.6,4.7,4.4,27.4,10.3
"STELLAR HEALTH GROUP",694,7,2,0,0,0,0,100,0,0,2.6,2.6,2.9,3.1,4,3.4,0.7,51.4,52.6,1.3,9,1.3,624268,89181.14,0,0,25.3,15.1,1.6,3,54.8,75.6,85.7,1.9,1.9,17.5,4.3,2.9,2.2,0.9,17.4,18.4,93.3,95.8,0.1,24,6.1,19.4,13,10.2
"STELLAR SENIOR LIVING",491,8,2,0,1,3,37.5,100,0,0,2,1.8,2.6,3.4,3.2,2.8,0.6,51,46.6,0.4,15,1.9,382069,47758.63,3,0.4,15.4,12.8,2.5,2.4,42.2,77.6,76.9,1,1.2,23.6,3.8,3.9,2.2,1,21.7,22.7,95.4,95.9,0,21.9,5.9,12.4,14.8,10
"STERLING CARE",492,6,1,0,0,1,16.7,100,0,0,4.3,3.7,2,4.8,3.7,3.4,0.5,44.8,43.2,0.7,2,0.3,14230,2371.67,0,0,19.9,8.3,0.7,1.2,62.2,76.7,74.4,1.1,0.8,7.1,0.8,3.6,0.6,0,10.3,12.5,98.9,95.7,0,32.2,4.1,21.9,10.8,13.6
"STERLING HEALTHCARE",859,5,1,0,0,0,0,20,80,0,3.2,2.8,3.2,3.4,4.7,4,0.8,55.4,51.3,1,1,0.2,10839,2167.8,0,0,25.1,23.5,0.6,0,45.6,85.2,77.5,2.3,2.4,19.4,1.6,3.6,0.9,0.4,13.2,11.8,98.3,91.4,0,21.2,7,9.7,27.5,9.8
"STERN CONSULTANTS",661,23,3,0,0,2,8.7,100,0,0,2.5,2.4,2.2,3.9,3.7,3.1,0.6,45.8,48.9,0.6,23,1,1167393,50756.22,7,0.3,24,13.6,1.1,1.7,49.8,76.5,77.5,2,2.1,15.9,3.1,3.3,0.9,0.4,10.9,11.2,95.9,90.7,0.1,22.9,9.2,32.1,22.8,11.2
"STONEBRIDGE SENIOR LIVING",494,12,1,0,0,0,0,100,0,0,2.8,3.3,1.8,2.5,3.5,3,0.5,58.5,39.5,0.6,4,0.3,65407,5450.58,0,0,24.6,12.3,3.8,6.3,55.3,59.1,59.3,1.8,1.8,19.2,5.4,7.1,2.1,0.7,22.5,20.3,91.9,85.8,0,20.8,10.2,17.6,17.6,10.6
"STONEGATE SENIOR LIVING",495,24,2,0,3,2,8.3,66.7,33.3,0,2.6,2.3,2.1,4.1,3.3,2.9,0.3,53.8,54.7,0.3,29,1.2,989606,41233.58,2,0.1,26.8,13.8,1,2.1,51.1,85.7,84,2.1,2.2,9.6,3.7,5.1,0.3,0.5,8,7,98.6,96.4,0.1,10.1,1.8,1.2,18.3,11.4
"STONEHENGE OF UTAH",613,5,1,0,0,0,0,80,0,20,4.4,3.6,4.6,4.2,4.1,3.5,1.4,43.7,25,0,3,0.6,26528,5305.6,0,0,19.6,16,0.4,2.4,59.9,94.8,97.3,1.2,1.6,8,2.2,5,1.9,0.7,31.3,20.3,96.7,99.9,0,24.1,4.2,2.7,18.1,9.5
"SUMMIT CARE",889,22,1,0,0,3,13.6,100,0,0,3.4,2.8,2.8,4.5,3.7,3.4,0.6,44.2,51.6,0.6,16,0.7,530437,24110.77,0,0,27.8,11,1.1,1.9,64.1,95.2,96.7,2,1.4,4.9,2.4,4.3,0.3,0.2,9.4,6.3,100,98.4,0,7.3,7.6,3.6,11.2,11.5
"SUMMIT HEALTHCARE CONSULTING",796,9,1,0,0,3,33.3,100,0,0,2.6,3.2,1.3,3.2,3.2,2.8,0.4,41.9,50.4,0.7,9,1,410501,45611.22,1,0.1,23,15.5,2.1,2.8,42.4,76.9,79.6,1.8,3.9,13,5,5.2,0.5,0.4,12.4,8.6,96.4,97.4,0.2,26.7,7.7,52.3,18.7,11.4
"SUMMIT LTC",496,5,1,0,0,0,0,80,0,20,1.8,2.2,1,3.6,2.9,2.6,0.2,63.9,62.5,0.6,10,2,346737,69347.4,2,0.4,22.7,15.6,3.3,5,39.3,84.3,82.5,2.3,2.4,13.3,2.1,2.8,0.3,0,14.7,19.2,98.1,93,0,9.1,1.8,0.2,15.5,10.3
"SUNRISE SENIOR LIVING",498,5,4,0,0,2,40,100,0,0,3.8,2.8,4.6,4.6,5.9,5.1,1.2,32.3,41.3,1.4,4,0.8,94439,18887.8,1,0.2,23.6,8,1.7,1.4,61,85,87.9,1.9,0.5,15.5,0.9,10.7,3.9,2.1,16.1,11.4,94.8,95.9,0,22.5,2.2,0,22.1,11.5
"SUNTERRA SPRINGS",499,4,2,0,0,0,0,100,0,0,3.3,2.8,2.8,4.5,4.2,3.7,0.9,68.9,58.2,0.5,16,4,127726,31931.5,2,0.5,27.4,11.7,0.9,1.6,75.1,80.5,91,"","","","","","","","","","","","","","","","",10.3
"SWEETWATER CARE",500,10,3,1,0,1,10,100,0,0,2.6,2.2,3.1,3.8,3.6,3.1,0.6,55,51.5,1,21,2.1,728151,72815.1,3,0.3,24.4,16.5,2.5,3.3,61.9,68.2,77.6,1.7,2.9,22.2,3,4,0.5,0.3,7.3,8.2,96.7,94.4,0,17.5,5.1,8.8,16.1,10.6
"SYMPHONY CARE NETWORK",501,7,2,0,0,1,14.3,100,0,0,1.9,1.9,2.6,3.7,3.7,3.1,0.8,54,46.2,1,13,1.9,590037,84291,6,0.9,27.3,14.3,1.2,1.8,58.6,82.6,87.5,1.6,1.6,17.9,4.5,5.1,0.9,0.3,11,8.6,95.4,96.6,0,22.7,4.9,4.4,19.4,10.5
"SYNERGY SENIOR CARE",502,5,1,0,0,0,0,100,0,0,2,2,4,2.8,4.4,3.9,1.1,48.2,50.8,0.8,5,1,167214,33442.8,3,0.6,26.6,22.3,2.1,1.4,52.6,84.1,92.9,1.1,3.2,12,2,8.4,3.6,4.2,20.3,16.2,92.9,99.6,0,22.8,4.5,3.8,18.1,10.9
"TANABELL HEALTH SERVICES",884,5,2,0,1,1,20,100,0,0,3.8,3,2.2,4.8,3.9,3.4,0.7,63.6,60.3,0,1,0.2,11297,2259.4,0,0,16.7,8.6,0.7,1.4,67.8,91.1,96.8,1.4,1.5,11.6,2.1,3.7,2.6,2.3,25.1,15.9,95.4,98.7,0,21.8,3,13.4,15.6,9.5
"TENNESSEE STATE VETERANS' HOME",704,5,1,0,0,0,0,0,0,100,3.6,3.6,3.6,2.8,4.7,4,0.6,44.8,32.5,0.3,1,0.2,193155,38631,1,0.2,17.2,9.8,4.6,0.5,32.6,87.8,84.2,1.1,1.2,17.9,4.9,3.9,4.1,1.1,23.4,18.5,98.6,98.2,0.3,22.9,5.3,3.6,21.4,10.6
TEXVET,503,9,1,0,0,2,22.2,44.4,0,55.6,3.2,2.6,3.4,4.3,4,3.4,0.5,40.5,48.5,1,12,1.3,566258,62917.56,1,0.1,22.3,11.1,3.5,0.8,53.9,69.3,73,1.5,1.4,11,4.3,2.6,0.5,0.5,15.8,17.8,97.5,92.8,0,19.7,3.2,0.6,16.2,10.4
"THE ALDEN NETWORK",504,27,2,0,0,5,18.5,100,0,0,2.5,3,1.3,3.8,3.5,3.1,0.8,"","","",47,1.7,2330992,86333.04,12,0.4,28.3,13.1,2.1,2.5,68.7,61.9,55.2,2.1,1.6,16,2.3,4.8,1.8,0.5,9.2,8.5,90.5,86.2,0,23.8,5.9,22.6,15.7,10.4
"THE BAPTIST HOME",885,5,1,0,1,1,20,0,80,20,2,2,2.5,2,3.9,3.6,0.4,58.1,50,0,28,5.6,312384,62476.8,1,0.2,20.3,37.4,14.8,3,55.1,72.9,74.5,2.5,3.4,15.3,4.5,2.3,2.8,3.1,23.5,27.3,86.4,79.6,0.1,21.9,5.8,7.1,24.4,11.6
"THE BEEBE FAMILY",779,49,2,0,1,3,6.1,100,0,0,2.7,3,3,2,3.9,3.2,0.4,49.5,36.2,0.3,37,0.8,681231,13902.67,2,0,27.7,14.5,2.6,3.4,47.8,83.1,89.4,2.6,2.8,21,3.6,6.5,3.2,1.5,19.6,18.1,96.9,94.2,0,22.6,4.8,1.1,22.5,11.3
"THE BLOSSOMS REHAB & NURSING CENTER",505,24,1,0,0,0,0,100,0,0,2.6,2.6,2.3,3,3.4,3,0.3,59.8,63.7,0.5,9,0.4,237953,9914.71,0,0,26.5,17,1.8,3.8,57.6,77.7,80.3,2.2,2.9,19.1,2.9,5.8,1,0.5,9.1,9.6,95.6,94.4,0,12.6,7,0.3,25.2,11.2
"THE CARPENTER HEALTH NETWORK",890,5,2,0,0,0,0,80,0,0,2.6,3.4,1.8,2.2,4.4,3.9,0.6,58.8,75,0.7,1,0.2,44090,8818,2,0.4,26.5,11.1,2.1,1.8,41.2,55.2,60.4,2.3,1.8,17.7,1.9,10.8,2.6,4.8,26,18.4,97,90.7,1.6,10.7,2.8,1.4,26.3,11
"THE CHARLY BELLO FAMILY, THE MAZE FAMILY, THE SWAIN FAMILY, & WALTER MYERS",803,18,3,0,5,8,44.4,100,0,0,1.8,1.9,2,3.3,3,2.7,0.6,55.3,54.7,1.2,40,2.2,955955,53108.61,2,0.1,18.7,14.3,1.4,2.8,60.4,78.2,79.9,1.6,2.3,22.5,4,4.3,1.4,0.5,18.4,16.9,94.9,93.7,0,18.2,5.1,13.2,14.8,10.7
"THE CHRISTIAN AND MISSIONARY ALLIANCE",717,2,2,0,0,0,0,0,100,0,4.5,3,5,3.5,5.8,5.2,1.1,39.7,36.6,1,1,0.5,32139,16069.5,0,0,24.3,12.5,1.8,1.4,36.5,94.6,99.8,1.6,1.2,10.2,1.9,3.4,1.7,1,16.3,11.6,98.9,98.8,0,9.7,1.3,1.1,14.9,9.7
"THE ENSIGN GROUP",507,342,17,1,6,31,9.1,92.4,0.6,7,3.2,2.9,2.4,4.4,3.7,3.3,0.6,45.8,41.7,0.3,305,0.9,7155814,20923.43,24,0.1,22.3,10.7,1.1,1.6,62.7,88,91.2,1.8,1.4,10,2.2,3.9,0.9,0.5,15.5,13.4,95.9,96.8,0.1,20,4.4,9.8,18.1,10.6
"THE GOODMAN GROUP",508,10,5,0,0,0,0,80,20,0,3.1,2.6,3.8,3.8,4.2,3.7,1,50.3,42.1,0.5,10,1,155320,15532,1,0.1,24.8,12.5,1.1,2.6,62.9,89.2,95.6,1.7,2.1,15.1,1.2,5.8,0.8,1.4,21.2,14.6,96.5,98.8,0,23.6,7.1,5.1,16.1,10.1
"THE GRAND HEALTHCARE",509,16,1,0,3,1,6.3,100,0,0,1.8,1.9,1.9,2.2,3.2,2.8,0.5,37,45.4,0.4,13,0.8,527487,32967.94,2,0.1,25.3,15.2,2.6,3.9,46.6,61.8,58,2.2,2.4,23.3,3.3,6.8,1.2,0.9,12.6,15,94.5,83.5,0,21.6,5.8,20.7,15,10.1
"THE LOFT REHABILITATION AND NURSING",322,7,1,0,1,4,57.1,100,0,0,1.9,2,1.1,3,3.3,3,0.4,51.6,53.5,1,17,2.4,1360252,194321.71,9,1.3,27.2,11.9,1.5,2.9,56.6,65.3,72.5,2.2,2.1,10.9,3.1,3.9,1,0.7,23.7,19.3,93.4,90,0,25.5,6.5,30.9,17,11
"THE MANDELBAUM FAMILY",798,18,2,0,0,1,5.6,100,0,0,3.4,2.8,3.7,4.6,4.9,4.4,0.6,34.4,40.9,0.7,22,1.2,611450,33969.44,7,0.4,22.5,9.5,1.6,0.8,63.1,94.4,95.8,2.2,0.9,14.1,1,5.5,1.2,1.1,11.4,12,97.8,97.8,0.7,8.3,3.8,3.4,14.9,12
"THE MAYER FAMILY",780,11,3,0,0,1,9.1,100,0,0,2.9,2.7,3.4,3.9,3.9,3.4,0.6,40.4,42.6,0.3,4,0.4,320724,29156.73,0,0,20.1,8.8,1.2,2.6,59.8,83.6,82.8,1.7,1.4,13,2.9,7,2.3,0.6,15,17.6,97.2,95.4,0,20.4,6.4,8.6,13.5,10.3
"THE MCGUIRE GROUP",510,6,1,0,0,0,0,100,0,0,3.8,3.5,2.5,4.5,3.6,3.1,0.4,46.9,40.6,0.2,2,0.3,21916,3652.67,0,0,24,11,0.8,1.8,54.5,88.9,97.1,0.9,0.7,16,2.4,7,0.6,1,13.7,12.6,96.5,97.8,0,13.2,3.1,2.6,13.9,11.2
"THE ORCHARDS",512,3,2,0,0,0,0,100,0,0,3,3,1.5,4.5,3.6,3.2,0.5,35.5,35.7,1,0,0,0,0,0,0,20.4,9.4,1.6,3.6,54.5,92.6,98.6,1.9,1.7,1.3,5.7,1.8,1.7,0,13,7.4,98.5,100,0,29.7,6.1,6.8,13.4,10.8
"THE ORCHARDS MICHIGAN",513,14,1,0,1,2,14.3,100,0,0,1.9,2.1,1.5,3.7,3.5,3.2,0.4,49.8,61.9,2,11,0.8,263358,18811.29,5,0.4,23.6,9.4,1.6,2.3,51.2,62.8,66.4,1.5,1,19.7,2,5,1.3,0.3,18.2,14.4,92.2,92.3,0,22.7,6.4,2.2,19.1,11
"THE PAVILION GROUP",514,6,3,0,0,0,0,100,0,0,2.8,2.8,2,4.3,3.4,3.1,0.5,53.3,59,0.7,0,0,0,0,0,0,19.3,12.5,1.5,3.2,59.4,61.3,62.8,2.2,2.3,14.4,2,3.3,0.1,0.1,6.2,4.3,91.4,78.9,0.1,15.1,6.2,18.3,24.1,12
"THE PEPLINSKI GROUP",515,10,1,0,0,2,20,100,0,0,2.4,2.2,3.5,3.9,3.9,3.6,0.6,50.1,47.7,0.6,12,1.2,358237,35823.7,7,0.7,21.1,9.6,1,3,39.9,90.4,90.6,1.4,1.7,15.8,2.2,5.4,3.1,0.9,18.8,11.8,99.6,99,0,23.2,10.4,1.3,22.1,11.2
"THE ROSENBERG FAMILY",685,15,5,0,0,1,6.7,100,0,0,2.5,1.9,3.9,4.1,3.9,3.4,0.6,44.4,33.1,0.1,10,0.7,481830,32122,1,0.1,26.3,10.9,1.1,2.1,66.6,70,70.8,2.3,1.5,12.8,2.7,4.3,0.7,0.4,7.3,9.3,92.5,87.2,0,20,5.1,15.3,20,11.2
"THE SHERMAN FAMILY",781,7,2,0,1,2,28.6,100,0,0,2.3,2.3,2,4.1,3.2,2.9,0.4,45.3,45.3,0.1,6,0.9,313364,44766.29,0,0,21.6,10.3,1.3,1.9,65.5,82.2,83.1,2.1,1.1,9.4,2.1,5.8,1.1,0.6,13.3,11.5,94.5,96.4,0,15.3,5.6,16.7,9.8,10.7
"THE SPRINGS ARKANSAS",516,26,1,0,0,1,3.8,100,0,0,3.6,3.2,2.8,4.1,3.8,3.3,0.4,53.2,54.9,0.5,9,0.3,131590,5061.15,1,0,23.6,11.9,1.2,3.6,60.4,81.1,88.9,1.6,1.7,13.3,3.1,4.6,0.1,0.2,6.7,7.5,95.3,96.7,0.1,12.2,4,1.1,21.5,11.2
"THE WELLBRIDGE GROUP",517,8,1,0,0,1,12.5,100,0,0,2.9,2.8,4,4.3,4,3.6,0.7,49.2,38.7,0,4,0.5,217251,27156.38,0,0,28.4,10.4,0.7,1.3,59.2,86.3,89.6,2.3,1.8,12.2,5.1,2.6,2.6,0,10.4,9,99.6,99.1,0,5.8,5.3,1.1,18.6,11.3
"TLC MANAGEMENT",520,20,3,0,0,0,0,60,30,10,3.8,3.3,3.1,4.8,3.8,3.3,0.6,43.4,35.6,0.3,1,0.1,8824,441.2,0,0,25.8,8.9,0.9,3.2,71.6,81,83.6,1.6,1.1,10.2,3.7,4.7,0.7,0.7,10.5,9.3,98.1,96,0,24.6,6,11.3,19.9,10.6
"TOUCHSTONE COMMUNITIES",521,25,1,0,0,0,0,84,0,16,2.8,2.9,1.4,4.1,3.3,2.8,0.4,47.6,45.2,0.4,34,1.4,693640,27745.6,2,0.1,26,12.7,0.5,1.5,48.4,80.4,89.9,2.3,2,5.9,2.9,2.8,0.2,0.1,8.5,12.2,96,95.5,0,11,1.7,1.1,13,11.2
"TRANSITIONS HEALTHCARE",627,6,1,0,0,0,0,100,0,0,2.5,2.7,2.8,3,3.6,3.3,0.5,50.1,41.8,0.8,4,0.7,401246,66874.33,0,0,23.7,9.4,1.2,1.9,43.7,61.2,77.1,1.4,1.2,24.3,3,6.5,1.4,1.1,24.8,20.4,93.4,92.3,0,21.5,7.7,1.3,20.6,10.5
"TRAYLOR PORTER HEALTHCARE",782,5,1,0,0,0,0,100,0,0,3,2,4.2,4,4.3,3.6,0.6,48.8,33.4,0.2,0,0,0,0,0,0,18.4,8.5,1.2,1.6,51.5,90.7,88.2,1.4,0.9,15.4,3.8,3.1,4.3,1.3,14.8,16,99.2,97.8,0.1,22.1,6.2,0.8,24.3,9.9
"TREND CONSULTANTS",522,16,1,0,1,1,6.3,100,0,0,3.3,3.3,3.9,2.1,4.7,3.8,0.5,41.2,38.1,0.4,17,1.1,163870,10241.88,2,0.1,26.5,15.4,2.5,2.7,62.6,80.3,91.7,2.7,3.6,24.3,3.7,6.4,3.9,1.7,19.9,21.7,97.8,96.3,0.3,21.8,7.2,0.3,26.4,11
"TRILOGY HEALTH SERVICES",524,124,5,0,0,0,0,84.7,3.2,12.1,4.2,3.5,3.2,4.8,4,3.5,0.9,40.9,35,0.4,27,0.2,419645,3384.23,2,0,23.6,10.7,0.8,1.1,70.7,90,91.7,1.7,1.6,8.8,3.5,2.2,0.4,0.2,9.5,7.9,96.3,96.1,0,22.8,4.6,11.6,22.5,11.3
"TRINITY HEALTH",525,19,8,0,0,3,15.8,0,100,0,3.3,3,4.1,3.7,4.4,4,1.1,39.9,38.4,0.4,2,0.1,232158,12218.84,3,0.2,24.7,11.7,1.3,3.4,46.4,93.1,94.9,1.6,1.4,14.8,3.7,5.1,2.1,1.3,16.4,15.2,95.5,97.3,0,21.8,4.1,0.7,17.4,10.9
"TRINITY MANAGEMENT, INC.",527,5,1,0,0,0,0,100,0,0,4,3.2,4.2,4,3.8,3.4,0.7,36.2,35,0.5,0,0,0,0,0,0,34.3,11.5,2.2,0,49.1,88,87.3,2,2.3,18.9,3.1,2.8,0.8,0.6,11.8,7.4,99.5,99.3,0,9.3,3.2,0.4,34.5,11.4
"TRIO HEALTHCARE",528,9,1,0,0,0,0,100,0,0,1.4,1.7,1.6,3,3.4,3.1,0.5,70.7,75.8,1.2,8,0.9,338484,37609.33,0,0,22.8,12.2,1.9,2.4,42.6,75.2,70.5,1.8,1.8,12.4,3.4,4.4,0.7,0.6,24.5,27.8,97.4,94.9,0.1,27.1,6.1,17.1,22.1,10.8
"TUTERA SENIOR LIVING & HEALTH CARE",531,26,5,1,0,9,34.6,92.3,7.7,0,2.1,2.2,1.8,3,3.6,3.1,0.5,55.5,50.6,0.4,65,2.5,2573210,98969.62,17,0.7,26.5,13.4,2,2.4,52.9,67.3,70.7,2.1,2.4,18.2,4.6,5.8,1.9,0.7,18.1,13.8,93.8,90,0.1,23.1,7.4,19.5,22.8,11.3
"TWIN RIVERS HEALTH & REHABILITATION",532,12,1,0,0,0,0,25,66.7,8.3,4.1,4,2.8,3.3,3.8,3.4,0.6,41.5,39.9,0.2,0,0,0,0,0,0,21.6,11.2,2.8,3.1,57.5,94.3,97.4,1.9,1.7,15.9,5.2,4.6,3.2,0.5,13.5,14.2,96.9,98.9,0,22.1,7.2,16.1,33.2,10.6
"UNITED CHURCH HOMES",533,8,1,0,0,0,0,25,75,0,4,3.1,3.1,4.9,3.9,3.5,0.6,46.6,39.7,0.3,3,0.4,212207,26525.88,2,0.3,18.3,8.4,1.2,0.9,55.3,87.4,85.2,1.4,1.3,9.9,3.5,2.5,0.4,0.1,8.1,6.8,98.3,96.5,0,24.4,6.3,6.1,24.9,10.5
"UNITED METHODIST HOMES",534,2,2,0,0,0,0,0,100,0,2.5,2,2.5,4,3.8,3.3,0.6,55.8,51,1.5,2,1,159646,79823,0,0,20.1,10,0.1,0.7,60,77.5,77.9,1.7,1.4,12.1,5.2,4.5,2,1,26.9,24.2,92.9,91.5,0,31.8,4,0.4,11.3,9.8
"UNIVERSITY OF VERMONT HEALTH NETWORK",535,3,2,0,0,2,66.7,0,100,0,2.3,2.7,3,3.3,4.4,3.9,0.9,57.4,29.5,3,1,0.3,21453,7151,1,0.3,21.2,11.2,0.9,3.2,49,89.6,79,1.2,1.4,32.6,5,7,5.2,4.2,15.6,20.5,99.7,70.5,3.5,25.9,6.6,3.7,14.2,9.3
"UNLIMITED DEVELOPMENT, INC.",536,10,2,0,0,6,60,10,90,0,2.5,2.6,2.8,2.3,4.2,3.7,0.5,45.4,41.1,0.3,13,1.3,575293,57529.3,5,0.5,25.7,18,0.9,4,51.2,78.3,88.7,1.7,2.8,16.3,5.5,3.9,3.4,0.6,28.4,24.8,90.4,98.2,0,22.4,6.1,4.8,19.8,12
"UPMC SENIOR COMMUNITIES",537,8,1,0,0,2,25,25,75,0,3.1,2.5,3.9,4.3,5.3,4.6,1.8,46.1,40.4,0.7,4,0.5,86964,10870.5,0,0,22.1,8,0.7,3.5,58.3,81.6,84.2,1.1,1.5,13.5,4.5,5.6,1.4,0.1,19.5,17.6,97.9,91.1,0,26.8,5.4,4.4,17.3,11
"UPSTATE SERVICES GROUP",538,17,1,1,0,2,11.8,100,0,0,2.1,2,2.6,3.1,3.5,2.9,0.5,50.9,44,0.1,12,0.7,782630,46037.06,2,0.1,22.8,12.4,1,4,53.2,75,73.4,1.6,1.9,20,4.1,6.8,0.9,0.8,10.9,12.1,95.8,90.9,0.1,23.7,5.7,5.2,15.2,10.5
"VALLEY WEST HEALTH",744,12,2,0,0,0,0,100,0,0,3.3,3.3,3,3,3.6,3.3,0.6,41.5,40.7,0.8,5,0.4,280292,23357.67,0,0,24.4,11.3,1.5,2.6,42.8,77.3,82.1,1.6,1.4,19.7,3.9,5.2,1.9,0.7,16.3,16.9,92.1,88.8,0,25.6,7.8,2.6,23.1,10.5
"VANCREST HEALTH CARE CENTERS",542,13,1,0,0,0,0,92.3,7.7,0,4.1,3.5,2.5,4.8,3.7,3.3,0.6,42.6,24.5,0.3,1,0.1,4233,325.62,1,0.1,24.4,13.5,1.1,2.7,68,90.4,95.6,1.4,1.9,6,3,2.1,0.4,0.1,5.9,3.5,99.1,99.4,0,21.7,5.3,41,24.7,10.4
"VANGUARD HEALTHCARE",543,6,1,0,0,1,16.7,100,0,0,3.3,3.3,4.2,2.8,4.2,3.5,0.7,40.3,32.6,0.5,6,1,143764,23960.67,2,0.3,28.1,16,0.9,4.5,60.6,77.9,83.9,2.1,2.4,13.9,2.7,6.6,0.5,1.2,18.3,18.8,94.4,97.5,0,15.4,4.6,0.4,23.4,10.4
"VANTAGE CARE",669,8,1,0,1,1,12.5,100,0,0,2.1,2.5,2.5,2.4,3.8,3.5,0.4,39.2,48.2,1,5,0.6,117207,14650.88,1,0.1,27.1,11.9,2,2.1,45,70.3,69,2.1,1.7,19.6,3.9,5.5,2.3,0.8,16.5,16.1,97.4,94.2,0.1,23.8,5.9,2.8,19.1,11.6
"VENTURA SERVICES",860,14,1,0,0,0,0,100,0,0,3.3,2.8,3.6,4.3,3.7,3.4,0.8,31.4,38.1,0.4,16,1.1,293337,20952.64,1,0.1,26.2,8.7,2.6,1.6,54.2,99.6,99.8,2.3,0.9,16.1,1.9,4.3,0,0.2,4.2,5,100,100,0,3.7,5.3,1.2,19,10.2
"VENZA CARE MANAGEMENT",614,22,7,0,1,0,0,100,0,0,2.4,2.5,3.3,2.4,4,3.4,0.6,53.1,45.5,0.5,17,0.8,825380,37517.27,1,0,25.5,14.3,1.5,1.8,45.1,80.2,89.2,2.4,2.2,19.9,3.8,5.5,1.6,0.7,17.5,17.4,92.9,93.7,0.2,20.3,5.2,2.4,22.9,11
"VERITAS MANAGEMENT GROUP",545,15,5,0,0,0,0,100,0,0,4.2,3.7,3.4,4.8,4.8,4.2,1,52.4,49.3,0.3,4,0.3,60724,4048.27,0,0,21.6,9.7,0.3,0.4,63.3,92.1,97.1,1.2,0.8,27.5,0,14.5,4.3,7.6,9.9,12.1,"",96.1,0,29.3,12.5,26.6,8,9.4
"VERTICAL HEALTH SERVICES",636,16,3,0,0,3,18.8,100,0,0,1.9,2.3,1.6,3.5,3.2,2.8,0.6,56,46.6,0.7,44,2.8,1613503,100843.94,8,0.5,22.5,12.9,2.4,1.6,33.8,68.2,65.5,1.8,1.4,25.9,2.6,4.7,1.1,0.6,10.9,8.4,92.2,91.8,0,20.8,3.1,60.8,24.6,10.8
"VETTER SENIOR LIVING",547,22,2,0,0,0,0,4.5,95.5,0,4.3,3.8,4.5,4,4.2,3.5,0.7,33.6,24.8,0,1,0,14017,637.14,0,0,19.6,8.7,1.8,4,47.5,93.2,95.5,1.3,1.5,11.3,3.5,3.4,1.6,0.6,19.3,19.2,99.3,98,0,25.9,3,1.5,16.4,9.4
"VI LIVING",548,10,6,0,0,0,0,100,0,0,4.8,4.3,5,4.5,5.4,4.9,1.6,27.9,22.7,0.1,0,0,0,0,0,0,25,10.4,0.8,1.5,52.3,93.8,90.9,1.7,0.9,12.1,1.8,2,2,0.5,14.2,13.9,98.2,97.7,0,16.4,4.3,0.6,10.2,9.8
"VIBRA HEALTHCARE",549,3,3,0,0,0,0,100,0,0,3.3,3.3,1.7,4,4.3,3.7,0.6,55.8,53.9,0.5,14,4.7,166780,55593.33,0,0,22.1,9.4,2.4,1.1,63.5,89.7,92.7,1.3,1.5,17,3.7,5.4,1.4,1,17.6,17.9,87,100,0,7.2,1.6,3.1,42.8,10.2
"VIERRA COMMUNITIES",597,3,2,0,0,1,33.3,100,0,0,2.5,2.5,3,3.5,3.8,3.2,0.8,42.7,49.2,0.7,2,0.7,66996,22332,0,0,20.2,7.4,0.8,2.7,51.8,71.6,57,1.6,1.2,15.5,2.5,7.7,1.7,0.2,34.9,28,91.5,87.4,0,30.4,5.9,12.8,10.7,10.4
"VILLA HEALTHCARE",550,18,2,0,1,2,11.1,94.4,5.6,0,2.7,2.3,2.6,4.4,3.6,3.2,0.4,48.3,47.9,0.8,19,1.1,1094317,60795.39,7,0.4,25.6,10.2,0.9,0.7,53,62.1,67.8,1.6,1,14.7,2,4.4,0.5,0.3,9.6,6.7,91.5,87.7,0,21.1,4.6,27.2,19.7,10.5
"VIVAGE SENIOR LIVING",552,12,1,0,0,4,33.3,100,0,0,3.4,2.4,3.7,4.9,3.4,3,0.7,41.2,33.9,0.3,12,1,98752,8229.33,0,0,21.5,14.2,0.7,0.5,61.3,73.6,67.2,1.3,1.6,24.5,2.3,2.9,0.7,0.1,7.7,6,90.5,92.7,0,18.2,4.1,3.4,9.1,9.9
VIVIE,886,5,1,0,0,0,0,0,60,40,3.4,3.4,4.4,3.6,4.5,3.8,1.1,44.4,42.7,0.4,2,0.4,31238,6247.6,0,0,22.7,15.5,2,1.6,49.4,79.6,72.3,1.4,2.2,9.7,3,3.6,1.9,1.1,19.2,15.7,99,97.1,0,29.6,3.3,4.2,7,10.6
"VIVO HEALTHCARE",688,15,1,0,0,1,6.7,100,0,0,2.5,2,2.7,4.3,3.5,3.2,0.5,49.4,54.4,0.6,29,1.9,366580,24438.67,1,0.1,25.4,7.9,1,1.7,49.4,93.5,89.1,2.2,1.3,6.9,2.2,4.9,0.4,0.5,8.6,6.9,100,96.7,0,10.5,6.9,5.3,13.8,10.9
"VOLARE HEALTH",628,16,3,1,4,2,12.5,100,0,0,1.9,1.6,3,3.4,4.5,4,0.5,52.8,60.4,1,27,1.7,1748777,109298.56,8,0.5,26.5,16.9,1.7,3,56.8,71.4,79.3,1.9,2.4,14.9,2.4,5.1,1.3,0.7,21.5,12.4,95.4,90.1,0,19.9,3.9,3.5,12.2,10.6
"VOLUNTEERS OF AMERICA SENIOR LIVING",554,6,3,1,1,1,16.7,0,100,0,3.2,2.8,4.2,3.8,4.6,4.1,1.3,50.8,48.8,1.4,6,1,108537,18089.5,3,0.5,23.3,12,1.1,2,63.9,88.1,92.8,1.8,1.7,15.6,4.2,5.5,2.2,2.5,21,18.9,97,97.6,0,23.6,4.8,2.7,15.1,10.1
"VRC MANAGEMENT",555,5,1,0,0,0,0,100,0,0,4.8,4,2.4,5,3.8,3.3,0.7,53.5,38,0.2,0,0,0,0,0,0,22.5,11.1,0.4,0.1,39.8,86.9,81.5,1.5,1.4,4.8,3.5,4.2,0.1,0.2,7.7,6.3,98.2,93.1,0,20.3,3.9,3.2,20.2,11.1
"WECARE CENTERS",705,13,2,1,3,2,15.4,100,0,0,2,1.9,2.3,3.6,3.2,2.9,0.6,52.7,59.4,0.8,7,0.5,387166,29782,2,0.2,21.1,11.7,1.6,3,60.4,63.2,61,1.8,1.7,18.4,2.9,6.7,1.1,0.8,16.7,16.9,91.7,81.3,0,25.9,8.6,8.1,19.5,10.9
"WELLINGTON HEALTH CARE SERVICES",559,14,4,1,2,2,14.3,100,0,0,1.8,2,1.8,2.2,3.3,2.8,0.4,48.2,51.8,0.6,43,3.1,1286131,91866.5,4,0.3,29.9,13,3.3,2.1,41.8,56.2,54.3,2.7,2,18.4,1.7,6.9,1.3,1.5,17,15.7,87.5,71.9,0,18.6,7.7,10.4,16.8,10.7
"WELLSENTIAL HEALTH",670,68,1,0,0,8,11.8,4.4,50,45.6,2.6,2.8,1.4,4.2,3.1,2.8,0.3,44,41.8,0.6,91,1.3,2562736,37687.29,3,0,25.5,10.7,1.5,2.1,50.7,92.6,93.9,2,1.9,9.1,3.3,3.1,0.3,0.1,9.4,12.6,98,98.3,0,12,3.2,1.1,16.4,11
WESLEYLIFE,561,10,1,0,0,0,0,20,80,0,4,3.4,4.4,3.9,4.3,3.9,0.9,43.6,50.2,0.3,5,0.5,90680,9068,0,0,20.7,11.6,1,3.9,61.8,81.1,85.8,1.4,1.7,13.1,6.1,5.3,2.4,0.5,17.3,18.2,97.1,97,0,30.6,5.7,2.1,19.6,9.7
"WEST HARBOR HEALTHCARE",596,8,1,0,0,0,0,100,0,0,3.5,3.3,3.1,4.3,4.2,3.8,0.4,42.9,32,0,9,1.1,285608,35701,2,0.3,21.1,13.7,1.3,1.2,49,97.4,97,2.2,1.9,10.7,2.2,3.4,1.5,0.3,15.5,11.3,98.8,99.5,0,11.8,5,2.9,12.9,10.9
"WESTERN HOME COMMUNITIES",887,6,1,0,0,0,0,16.7,83.3,0,3.8,3.3,4.2,3.3,4.1,3.8,0.8,46.5,53.9,0.3,3,0.5,70962,11827,1,0.2,23.3,11.9,0.9,3.1,47.3,76.1,63.3,1.5,1.8,21.5,2.1,3.8,0.2,2.5,20.8,25.8,93.5,85.5,0.2,30.1,3.9,3.8,15.7,10.8
"WESTMINSTER COMMUNITIES OF FLORIDA",563,9,1,0,0,1,11.1,0,100,0,4.3,3.6,4.3,4.9,4.1,3.8,1.1,28.8,30.6,0.6,3,0.3,87816,9757.33,0,0,22.5,9.1,0.6,0.6,63.7,96.5,98,2,0.8,6.4,1.8,2.2,0.6,0.3,13.6,7.8,100,99.8,0,8.6,3.4,2.7,12.7,11.3
"WHITE OAK MANAGEMENT",564,11,2,0,0,1,9.1,100,0,0,2.8,2.5,3.5,3.7,3.8,3.4,0.5,41.2,36.9,0.2,13,1.2,339654,30877.64,1,0.1,18.5,10.4,1,3,52.2,84,90.9,1.5,1.2,14.5,4.5,5.1,1.7,0.7,17.6,17.5,92.2,94,0.1,17.8,5.5,1,20,9.9
"WILSON SENIOR CARE",831,5,1,0,0,0,0,100,0,0,4.4,4.6,3.4,2,3.8,3.1,0.4,36,36.3,0.6,0,0,0,0,0,0,26.3,15.4,1.4,4.3,47.8,91.6,96.6,3.5,3.3,16.3,4,7,2,0.7,11.7,10.8,86,99.7,0,10.5,5.6,0.2,21,11.3
WINDSOR,566,23,1,0,1,6,26.1,100,0,0,2.4,1.9,3.1,4.2,3.9,3.7,0.5,37.5,45.4,0.3,18,0.8,538092,23395.3,3,0.1,22.8,12.4,1,1,52,80.6,82.9,2.2,1.9,10.9,1.4,4,0.7,0.4,8.5,6.4,92.9,96.6,0,10.9,5.9,3.9,10.9,11.1
"WINDSOR HOUSE, INC.",567,11,1,0,0,0,0,100,0,0,3.6,3.2,3.5,4.3,3.6,3,0.5,39.3,28,0.2,4,0.4,219326,19938.73,1,0.1,32.1,18.1,1.9,0.9,41,62.7,67.6,1.7,2.1,9,4.8,3.8,0.5,0.1,5.4,4.9,92,93.3,2.3,22,7.8,5.2,19.8,10.5
"WISCONSIN ILLINOIS SENIOR HOUSING, INC.",569,7,2,0,1,0,0,0,100,0,1.9,1.9,3.4,3.4,4.7,4,0.9,62.1,53.8,0.7,15,2.1,575870,82267.14,3,0.4,23.6,17.8,1,2,49,83.2,88.4,2,1.9,13,2.5,7,2.3,1.7,17.3,12.2,94.2,96.4,0,17.9,6.1,4.3,12.6,11.9
"WISSATI IRREVOCABLE TRUST",861,5,1,0,0,1,20,100,0,0,2,2.8,1.4,2.8,2.6,2.1,0.6,37.1,44.6,0.6,3,0.6,350672,70134.4,2,0.4,32.6,12.8,7.7,0,10.6,82.4,70.2,3.2,2.5,64.2,2.7,3.6,0.1,0.3,6.2,3.3,97.9,86.8,0,6.1,6.2,93.6,15.1,9.9
"WLC MANAGEMENT FIRM",570,18,1,0,0,0,0,100,0,0,2.7,3.8,1.4,1.4,3.1,2.9,0.4,69.6,70.2,"",21,1.2,728410,40467.22,5,0.3,28.3,18.5,2.7,3.9,44.2,61.8,82.5,2.4,3.7,18.5,4.3,5.7,2.9,2.4,24.7,21.3,95.2,95.1,0.2,25.7,6.2,4.4,24.6,11.4
"WVU MEDICINE",571,7,2,0,0,0,0,28.6,71.4,0,4.4,4.6,4.1,3,6.4,5.6,2.2,28.7,24.5,0.5,1,0.1,21580,3082.86,0,0,23.4,8.9,0.8,1.6,36.6,91.3,79.3,2.7,1.6,19.3,6.3,3.6,3.3,3.2,31.3,29.6,99,91.5,0.2,23.5,8.2,1.8,26.8,10.7
"YAD HEALTHCARE",640,13,3,1,0,2,15.4,100,0,0,1.8,2.3,1.5,2.9,3.2,2.8,0.4,64.5,62.5,0.9,18,1.4,633726,48748.15,3,0.2,25.1,15,1.9,5.8,62.6,66.6,62.2,2,2.8,15.9,3.2,7.2,1.2,0.3,20.6,14.4,94.4,88.1,0,24.8,9.8,9.4,18.7,11.3
