{"STATE":"NATIONAL","CY_Qtr":"2025Q1","facility_count":14551,"avg_days_reported":90,"total_resident_days":111333882,"avg_daily_census":85,"MDScensus":1237043.1,"Total_Nurse_Hours":415329822.03999954,"Total_RN_Hours":68332020.91999988,"Total_Nurse_Care_Hours":385526639.8200009,"Total_RN_Care_Hours":47590024.20000012,"Total_Nurse_Assistant_Hours":250473178.4300005,"Total_Contract_Hours":25696666.65,"Total_Nurse_HPRD":3.730488999206904,"RN_HPRD":0.613757642260241,"Nurse_Care_HPRD":3.4627970649581847,"RN_Care_HPRD":0.4274532006348266,"Nurse_Assistant_HPRD":2.249748000613152,"Contract_Percentage":6.187050697150567}