{"STATE":"NATIONAL","CY_Qtr":"2025Q3","facility_count":14487,"avg_days_reported":92,"total_resident_days":113494850,"avg_daily_census":85.15494401277323,"MDScensus":1233639.6739130437,"Total_Nurse_Hours":428289305.8200007,"Total_RN_Hours":70125143.29000005,"Total_Nurse_Care_Hours":398008305.3400019,"Total_RN_Care_Hours":49154286.56999976,"Total_Nurse_Assistant_Hours":260281904.8099996,"Total_Contract_Hours":23668138.46,"Total_Nurse_HPRD":3.773645287165018,"RN_HPRD":0.6178707077017156,"Nurse_Care_HPRD":3.506840225261339,"RN_Care_HPRD":0.4330970662545459,"LPN_HPRD":"0.8636294145343159","LPN_Care_HPRD":"0.7814560588171195","Nurse_Assistant_HPRD":2.293336700387723,"Contract_Percentage":5.526203465362063}