{"STATE":"NATIONAL","CY_Qtr":"2025Q3","facility_count":14487,"avg_days_reported":92,"total_resident_days":113494850,"avg_daily_census":85.2,"MDScensus":1233639.7,"Total_Nurse_Hours":428289305.820002,"Total_RN_Hours":70125143.2899998,"Total_Nurse_Care_Hours":398008305.34000134,"Total_RN_Care_Hours":49154286.57000001,"Total_Nurse_Assistant_Hours":260281904.80999947,"Total_Contract_Hours":23668138.45999995,"Total_Nurse_HPRD":3.77364528716503,"RN_HPRD":0.6178707077017134,"Nurse_Care_HPRD":3.5068402252613344,"RN_Care_HPRD":0.4330970662545482,"Nurse_Assistant_HPRD":2.293336700387722,"Contract_Percentage":5.526203465362033}