{"STATE":"NATIONAL","CY_Qtr":"2025Q2","facility_count":14537,"avg_days_reported":91,"total_resident_days":112066765,"avg_daily_census":84.7,"MDScensus":1231502.9,"Total_Nurse_Hours":423702393.37999976,"Total_RN_Hours":69415400.93000007,"Total_Nurse_Care_Hours":393241316.3900001,"Total_RN_Care_Hours":48323268.68000006,"Total_Nurse_Assistant_Hours":256866095.25999996,"Total_Contract_Hours":25337804.949999914,"Total_Nurse_HPRD":3.780803286148215,"RN_HPRD":0.619411124520281,"Nurse_Care_HPRD":3.508991415876064,"RN_Care_HPRD":0.4312007103979495,"Nurse_Assistant_HPRD":2.29208093282607,"Contract_Percentage":5.980094836819949}