{"STATE":"NATIONAL","CY_Qtr":"2025Q4","facility_count":14362,"avg_days_reported":92,"total_resident_days":113037197,"avg_daily_census":85.54972739051736,"MDScensus":1228665.1847826086,"Total_Nurse_Hours":425228324.74999976,"Total_RN_Hours":69847496.58999988,"Total_Nurse_Care_Hours":395128181.3999987,"Total_RN_Care_Hours":49036426.19000004,"Total_Nurse_Assistant_Hours":258086367.22999865,"Total_Contract_Hours":22332884.7,"Total_Nurse_HPRD":3.761844207354149,"RN_HPRD":0.6179160351083359,"Nurse_Care_HPRD":3.495558912346338,"RN_Care_HPRD":0.4338078746768644,"LPN_HPRD":"0.8620331823795859","LPN_Care_HPRD":"0.7796971288868613","Nurse_Assistant_HPRD":2.2831985760404043,"Contract_Percentage":5.251974856832491}