{"STATE":"NATIONAL","CY_Qtr":"2025Q2","facility_count":14537,"avg_days_reported":91,"total_resident_days":112066765,"avg_daily_census":84.7,"MDScensus":1231502.9,"Total_Nurse_Hours":423702393.38000077,"Total_RN_Hours":69415400.92999995,"Total_Nurse_Care_Hours":393241316.3899993,"Total_RN_Care_Hours":48323268.67999972,"Total_Nurse_Assistant_Hours":256866095.26000077,"Total_Contract_Hours":25337804.949999988,"Total_Nurse_HPRD":3.780803286148224,"RN_HPRD":0.6194111245202799,"Nurse_Care_HPRD":3.5089914158760562,"RN_Care_HPRD":0.4312007103979464,"Nurse_Assistant_HPRD":2.292080932826077,"Contract_Percentage":5.980094836819952}